valid_time,lead,src,month,hour,wd_ob,ws_ob,t_fc,t_ob,w_fc,w_ob,d_fc,d_ob,p_fc,p_ob,c_fc,c_ob
2026-09-01T00:00,48,dmi,9,0,10,3.6,5.5,7,2.5,3.6,344,10,0.1,,100,100
2026-09-01T00:00,48,knmi,9,0,10,3.6,5.5,7,2.5,3.6,343,10,0.1,,100,100
2026-09-01T00:00,48,ecmwf,9,0,10,3.6,6.7,7,1.5,3.6,360,10,0.2,,100,100
2026-09-01T00:00,48,icon,9,0,10,3.6,4.9,7,2.4,3.6,358,10,0.0,,85,100
2026-09-01T00:00,48,ukmo,9,0,10,3.6,5.9,7,2.5,3.6,4,10,0.1,,100,100
2026-09-01T00:00,48,mfr,9,0,10,3.6,4.5,7,2.04,3.6,11,10,0.0,,48,100
2026-09-01T00:00,48,gfs,9,0,10,3.6,6.0,7,3.45,3.6,343,10,0.1,,75,100
2026-09-01T00:00,48,harmonie,9,0,10,3.6,7.0,7,1.0,3.6,45,10,,,95,100
2026-09-01T00:00,48,metno,9,0,10,3.6,6.7,7,1.9,3.6,350.3,10,0.2,,100.0,100
2026-09-01T00:00,48,jolly,9,0,10,3.6,5.87,7,2.68,3.6,342.8,10,0.07,,56,100
2026-09-01T00:00,3,dmi,9,0,10,3.6,6.7,7,1.0,3.6,63,10,0.0,,100,100
2026-09-01T00:00,3,knmi,9,0,10,3.6,6.2,7,1.3,3.6,349,10,0.0,,33,100
2026-09-01T00:00,3,ecmwf,9,0,10,3.6,6.4,7,1.36,3.6,343,10,0.1,,62,100
2026-09-01T00:00,3,icon,9,0,10,3.6,6.4,7,1.43,3.6,25,10,0.0,,69,100
2026-09-01T00:00,3,ukmo,9,0,10,3.6,7.2,7,1.6,3.6,47,10,0.1,,89,100
2026-09-01T00:00,3,mfr,9,0,10,3.6,5.7,7,2.9,3.6,2,10,0.0,,28,100
2026-09-01T00:00,3,gfs,9,0,10,3.6,4.5,7,2.7,3.6,358,10,0.0,,27,100
2026-09-01T00:00,3,harmonie,9,0,10,3.6,4.0,7,1.0,3.6,22.5,10,,,70,100
2026-09-01T00:00,3,metno,9,0,10,3.6,6.8,7,1.6,3.6,349.3,10,0.2,,96.1,100
2026-09-01T00:00,3,jolly,9,0,10,3.6,4.91,7,3.23,3.6,32.0,10,0.02,,52,100
2026-09-01T00:00,1,harmonie,9,0,10,3.6,3.0,7,1.0,3.6,45,10,,,30,100
2026-09-01T00:00,1,metno,9,0,10,3.6,6.8,7,1.6,3.6,349.3,10,0.2,,96.1,100
2026-09-01T01:00,12,dmi,9,1,20,3.6,6.2,6,2.8,3.6,4,20,0.0,,100,100
2026-09-01T01:00,12,knmi,9,1,20,3.6,6.4,6,3.2,3.6,5,20,0.3,,100,100
2026-09-01T01:00,12,ecmwf,9,1,20,3.6,6.1,6,1.68,3.6,343,20,0.2,,43,100
2026-09-01T01:00,12,icon,9,1,20,3.6,6.6,6,1.91,3.6,6,20,0.0,,96,100
2026-09-01T01:00,12,ukmo,9,1,20,3.6,7.0,6,1.8,3.6,27,20,0.4,,100,100
2026-09-01T01:00,12,mfr,9,1,20,3.6,6.4,6,2.9,3.6,358,20,0.0,,96,100
2026-09-01T01:00,12,gfs,9,1,20,3.6,5.3,6,2.98,3.6,14,20,0.0,,59,100
2026-09-01T01:00,12,harmonie,9,1,20,3.6,5.0,6,3.0,3.6,0,20,,,90,100
2026-09-01T01:00,12,metno,9,1,20,3.6,6.2,6,2.1,3.6,346.0,20,0.3,,90.6,100
2026-09-01T01:00,12,jolly,9,1,20,3.6,5.49,6,3.7,3.6,349.6,20,0.11,,53,100
2026-09-01T01:00,6,dmi,9,1,20,3.6,6.0,6,1.2,3.6,349,20,0.0,,100,100
2026-09-01T01:00,6,knmi,9,1,20,3.6,6.0,6,1.3,3.6,350,20,0.0,,100,100
2026-09-01T01:00,6,ecmwf,9,1,20,3.6,6.5,6,1.82,3.6,351,20,0.2,,65,100
2026-09-01T01:00,6,icon,9,1,20,3.6,5.7,6,1.75,3.6,24,20,0.0,,58,100
2026-09-01T01:00,6,ukmo,9,1,20,3.6,6.9,6,1.6,3.6,36,20,0.0,,100,100
2026-09-01T01:00,6,mfr,9,1,20,3.6,5.4,6,3.11,3.6,6,20,0.0,,50,100
2026-09-01T01:00,6,gfs,9,1,20,3.6,4.6,6,2.62,3.6,353,20,0.0,,14,100
2026-09-01T01:00,6,harmonie,9,1,20,3.6,4.0,6,1.0,3.6,22.5,20,,,70,100
2026-09-01T01:00,6,metno,9,1,20,3.6,6.9,6,2.3,3.6,354.5,20,0.1,,90.6,100
2026-09-01T01:00,6,jolly,9,1,20,3.6,4.82,6,3.38,3.6,2.1,20,0.01,,45,100
2026-09-01T03:00,6,dmi,9,3,360,4.1,5.6,7,1.9,4.1,349,360,0.0,,3,100
2026-09-01T03:00,6,knmi,9,3,360,4.1,3.4,7,1.0,4.1,12,360,0.0,,3,100
2026-09-01T03:00,6,ecmwf,9,3,360,4.1,6.6,7,3.1,4.1,2,360,0.2,,62,100
2026-09-01T03:00,6,icon,9,3,360,4.1,5.7,7,1.43,4.1,12,360,0.0,,78,100
2026-09-01T03:00,6,ukmo,9,3,360,4.1,6.5,7,2.1,4.1,24,360,0.1,,100,100
2026-09-01T03:00,6,mfr,9,3,360,4.1,5.4,7,3.34,4.1,9,360,0.0,,23,100
2026-09-01T03:00,6,gfs,9,3,360,4.1,6.1,7,4.81,4.1,12,360,0.1,,100,100
2026-09-01T03:00,6,harmonie,9,3,360,4.1,5.0,7,2.0,4.1,0,360,,,95,100
2026-09-01T03:00,6,metno,9,3,360,4.1,6.7,7,3.5,4.1,5.6,360,0.0,,78.1,100
2026-09-01T03:00,6,jolly,9,3,360,4.1,4.67,7,4.11,4.1,3.5,360,0.03,,50,100
2026-09-01T02:00,3,harmonie,9,2,20,4.1,4.0,6,2.0,4.1,22.5,20,,,95,100
2026-09-01T02:00,3,metno,9,2,20,4.1,6.8,6,3.2,4.1,1.6,20,0.2,,87.5,100
2026-09-01T06:00,48,dmi,9,6,10,3.1,5.0,5,4.8,3.1,2,10,0.0,,100,75
2026-09-01T06:00,48,knmi,9,6,10,3.1,5.0,5,4.7,3.1,1,10,0.0,,100,75
2026-09-01T06:00,48,ecmwf,9,6,10,3.1,5.1,5,2.2,3.1,360,10,0.0,,66,75
2026-09-01T06:00,48,icon,9,6,10,3.1,5.0,5,2.71,3.1,356,10,0.2,,94,75
2026-09-01T06:00,48,ukmo,9,6,10,3.1,5.0,5,2.4,3.1,332,10,0.2,,100,75
2026-09-01T06:00,48,mfr,9,6,10,3.1,4.9,5,2.61,3.1,4,10,0.2,,89,75
2026-09-01T06:00,48,gfs,9,6,10,3.1,5.1,5,4.28,3.1,11,10,0.1,,78,75
2026-09-01T06:00,48,harmonie,9,6,10,3.1,4.0,5,1.0,3.1,90,10,,,95,75
2026-09-01T06:00,48,metno,9,6,10,3.1,5.2,5,3.0,3.1,358.9,10,0.1,,89.8,75
2026-09-01T06:00,48,jolly,9,6,10,3.1,5.5,5,3.48,3.1,353.9,10,0.06,,58,75
2026-09-01T05:00,24,dmi,9,5,360,4.6,4.4,6,2.8,4.6,16,360,0.0,,19,75
2026-09-01T05:00,24,knmi,9,5,360,4.6,6.0,6,2.9,4.6,12,360,0.1,,68,75
2026-09-01T05:00,24,ecmwf,9,5,360,4.6,5.9,6,3.93,4.6,7,360,0.1,,76,75
2026-09-01T05:00,24,icon,9,5,360,4.6,4.8,6,0.5,4.6,233,360,0.0,,91,75
2026-09-01T05:00,24,ukmo,9,5,360,4.6,5.4,6,2.3,4.6,357,360,0.1,,88,75
2026-09-01T05:00,24,mfr,9,5,360,4.6,5.7,6,2.26,4.6,13,360,0.0,,35,75
2026-09-01T05:00,24,gfs,9,5,360,4.6,4.6,6,5.69,4.6,10,360,0.1,,100,75
2026-09-01T05:00,24,harmonie,9,5,360,4.6,5.0,6,5.0,4.6,0,360,,,90,75
2026-09-01T05:00,24,metno,9,5,360,4.6,5.9,6,4.8,4.6,5.7,360,0.1,,98.4,75
2026-09-01T05:00,24,jolly,9,5,360,4.6,5.71,6,4.49,4.6,338.3,360,0.04,,57,75
2026-09-01T05:00,6,harmonie,9,5,360,4.6,5.0,6,2.0,4.6,22.5,360,,,95,75
2026-09-01T05:00,6,metno,9,5,360,4.6,6.1,6,3.0,4.6,1.1,360,0.0,,58.6,75
2026-09-01T05:00,1,dmi,9,5,360,4.6,4.4,6,2.6,4.6,36,360,0.0,,0,75
2026-09-01T05:00,1,knmi,9,5,360,4.6,4.1,6,1.6,4.6,47,360,0.0,,1,75
2026-09-01T05:00,1,ecmwf,9,5,360,4.6,5.8,6,2.9,4.6,360,360,0.0,,69,75
2026-09-01T05:00,1,icon,9,5,360,4.6,5.5,6,3.11,4.6,356,360,0.2,,93,75
2026-09-01T05:00,1,ukmo,9,5,360,4.6,5.8,6,2.7,4.6,349,360,0.3,,100,75
2026-09-01T05:00,1,mfr,9,5,360,4.6,5.6,6,3.47,4.6,12,360,0.0,,45,75
2026-09-01T05:00,1,gfs,9,5,360,4.6,5.0,6,5.2,4.6,11,360,0.0,,100,75
2026-09-01T05:00,1,harmonie,9,5,360,4.6,5.0,6,2.0,4.6,22.5,360,,,95,75
2026-09-01T05:00,1,metno,9,5,360,4.6,5.8,6,2.7,4.6,347.2,360,0.0,,65.6,75
2026-09-01T05:00,1,jolly,9,5,360,4.6,4.67,6,4.55,4.6,1.3,360,0.04,,48,75
2026-09-01T07:00,12,dmi,9,7,350,3.6,5.7,6,3.5,3.6,20,350,0.0,,100,75
2026-09-01T07:00,12,knmi,9,7,350,3.6,5.3,6,2.7,3.6,351,350,0.1,,100,75
2026-09-01T07:00,12,ecmwf,9,7,350,3.6,5.6,6,3.2,3.6,2,350,0.1,,63,75
2026-09-01T07:00,12,icon,9,7,350,3.6,5.1,6,4.72,3.6,355,350,0.4,,92,75
2026-09-01T07:00,12,ukmo,9,7,350,3.6,5.7,6,2.8,3.6,351,350,0.1,,84,75
2026-09-01T07:00,12,mfr,9,7,350,3.6,5.2,6,1.99,3.6,18,350,0.0,,22,75
2026-09-01T07:00,12,gfs,9,7,350,3.6,5.5,6,5.16,3.6,9,350,0.1,,100,75
2026-09-01T07:00,12,harmonie,9,7,350,3.6,6.0,6,4.0,3.6,0,350,,,90,75
2026-09-01T07:00,12,metno,9,7,350,3.6,5.8,6,4.0,3.6,357.9,350,0.0,,93.0,75
2026-09-01T07:00,12,jolly,9,7,350,3.6,5.26,6,4.83,3.6,353.2,350,0.05,,54,75
2026-09-01T07:00,3,dmi,9,7,350,3.6,4.3,6,1.2,3.6,329,350,0.0,,100,75
2026-09-01T07:00,3,knmi,9,7,350,3.6,3.8,6,0.7,3.6,294,350,0.0,,100,75
2026-09-01T07:00,3,ecmwf,9,7,350,3.6,5.5,6,3.24,3.6,9,350,0.1,,81,75
2026-09-01T07:00,3,icon,9,7,350,3.6,5.5,6,5.1,3.6,1,350,0.4,,90,75
2026-09-01T07:00,3,ukmo,9,7,350,3.6,5.6,6,4.0,3.6,354,350,0.3,,100,75
2026-09-01T07:00,3,mfr,9,7,350,3.6,5.6,6,3.79,3.6,18,350,0.0,,28,75
2026-09-01T07:00,3,gfs,9,7,350,3.6,5.4,6,4.33,3.6,7,350,0.0,,100,75
2026-09-01T07:00,3,harmonie,9,7,350,3.6,6.0,6,3.0,3.6,337.5,350,,,90,75
2026-09-01T07:00,3,metno,9,7,350,3.6,5.3,6,4.1,3.6,5.9,350,0.2,,100.0,75
2026-09-01T07:00,3,jolly,9,7,350,3.6,4.75,6,4.85,3.6,355.9,350,0.05,,59,75
2026-09-01T09:00,12,dmi,9,9,23.0,5.3,6.0,5.8,5.0,5.3,9,23.0,0.0,,100,75
2026-09-01T09:00,12,knmi,9,9,23.0,5.3,6.0,5.8,5.0,5.3,4,23.0,0.0,,100,75
2026-09-01T09:00,12,ecmwf,9,9,23.0,5.3,5.5,5.8,3.96,5.3,10,23.0,0.1,,81,75
2026-09-01T09:00,12,icon,9,9,23.0,5.3,5.7,5.8,5.82,5.3,5,23.0,0.3,,95,75
2026-09-01T09:00,12,ukmo,9,9,23.0,5.3,5.8,5.8,4.7,5.3,358,23.0,0.1,,78,75
2026-09-01T09:00,12,mfr,9,9,23.0,5.3,6.0,5.8,3.04,5.3,9,23.0,0.1,,91,75
2026-09-01T09:00,12,gfs,9,9,23.0,5.3,4.5,5.8,5.89,5.3,10,23.0,0.0,,100,75
2026-09-01T09:00,12,harmonie,9,9,23.0,5.3,6.0,5.8,5.0,5.3,0,23.0,,,95,75
2026-09-01T09:00,12,metno,9,9,23.0,5.3,5.6,5.8,5.0,5.3,4.5,23.0,0.0,,99.2,75
2026-09-01T09:00,12,jolly,9,9,23.0,5.3,5.42,5.8,6.15,5.3,355.3,23.0,0.04,,52,75
2026-09-01T12:00,48,dmi,9,12,20,6.7,6.3,7,5.5,6.7,357,20,0.0,,100,44
2026-09-01T12:00,48,knmi,9,12,20,6.7,6.3,7,5.2,6.7,356,20,0.0,,100,44
2026-09-01T12:00,48,ecmwf,9,12,20,6.7,6.3,7,3.6,6.7,358,20,0.0,,25,44
2026-09-01T12:00,48,icon,9,12,20,6.7,6.9,7,2.69,6.7,15,20,0.0,,65,44
2026-09-01T12:00,48,ukmo,9,12,20,6.7,6.8,7,3.8,6.7,0,20,0.0,,97,44
2026-09-01T12:00,48,mfr,9,12,20,6.7,5.8,7,2.69,6.7,45,20,0.2,,100,44
2026-09-01T12:00,48,gfs,9,12,20,6.7,5.7,7,2.7,6.7,2,20,0.1,,100,44
2026-09-01T12:00,48,harmonie,9,12,20,6.7,9.0,7,3.0,6.7,0,20,,,70,44
2026-09-01T12:00,48,metno,9,12,20,6.7,6.2,7,4.6,6.7,357.4,20,0.0,,100.0,44
2026-09-01T12:00,48,jolly,9,12,20,6.7,7.82,7,3.92,6.7,350.4,20,0.03,,53,44
2026-09-01T12:00,3,dmi,9,12,20,6.7,6.6,7,5.5,6.7,6,20,0.0,,97,44
2026-09-01T12:00,3,knmi,9,12,20,6.7,6.6,7,5.4,6.7,5,20,0.0,,97,44
2026-09-01T12:00,3,ecmwf,9,12,20,6.7,6.6,7,4.2,6.7,359,20,0.1,,100,44
2026-09-01T12:00,3,icon,9,12,20,6.7,6.7,7,6.52,6.7,4,20,0.0,,88,44
2026-09-01T12:00,3,ukmo,9,12,20,6.7,5.3,7,4.4,6.7,0,20,0.2,,97,44
2026-09-01T12:00,3,mfr,9,12,20,6.7,6.3,7,4.87,6.7,19,20,0.1,,93,44
2026-09-01T12:00,3,gfs,9,12,20,6.7,5.2,7,4.53,6.7,6,20,0.0,,100,44
2026-09-01T12:00,3,harmonie,9,12,20,6.7,7.0,7,5.0,6.7,22.5,20,,,90,44
2026-09-01T12:00,3,metno,9,12,20,6.7,6.4,7,5.2,6.7,359.3,20,0.0,,100.0,44
2026-09-01T12:00,3,jolly,9,12,20,6.7,6.29,7,6.62,6.7,8.5,20,0.04,,57,44
2026-09-01T13:00,24,dmi,9,13,20,7.7,7.3,8,5.2,7.7,2,20,0.0,,92,75
2026-09-01T13:00,24,knmi,9,13,20,7.7,6.9,8,5.3,7.7,5,20,0.0,,100,75
2026-09-01T13:00,24,ecmwf,9,13,20,7.7,6.5,8,4.31,7.7,356,20,0.0,,75,75
2026-09-01T13:00,24,icon,9,13,20,7.7,6.8,8,5.79,7.7,18,20,0.0,,73,75
2026-09-01T13:00,24,ukmo,9,13,20,7.7,5.4,8,4.1,7.7,0,20,0.0,,97,75
2026-09-01T13:00,24,mfr,9,13,20,7.7,7.3,8,4.24,7.7,19,20,0.0,,99,75
2026-09-01T13:00,24,gfs,9,13,20,7.7,6.6,8,4.6,7.7,2,20,0.0,,100,75
2026-09-01T13:00,24,harmonie,9,13,20,7.7,8.0,8,5.0,7.7,22.5,20,,,95,75
2026-09-01T13:00,24,metno,9,13,20,7.7,6.2,8,5.1,7.7,357.6,20,0.0,,100.0,75
2026-09-01T13:00,24,jolly,9,13,20,7.7,7.41,8,5.99,7.7,343.8,20,0.0,,58,75
2026-09-01T11:00,12,harmonie,9,11,10,7.2,7.0,6,5.0,7.2,0,10,,,95,75
2026-09-01T11:00,12,metno,9,11,10,7.2,5.8,6,5.4,7.2,9.3,10,0.0,,100.0,75
2026-09-01T10:00,6,dmi,9,10,20,6.2,6.2,6,5.0,6.2,6,20,0.1,,80,75
2026-09-01T10:00,6,knmi,9,10,20,6.2,5.7,6,4.7,6.2,8,20,0.0,,97,75
2026-09-01T10:00,6,ecmwf,9,10,20,6.2,5.6,6,4.32,6.2,13,20,0.1,,100,75
2026-09-01T10:00,6,icon,9,10,20,6.2,6.2,6,6.65,6.2,16,20,0.0,,80,75
2026-09-01T10:00,6,ukmo,9,10,20,6.2,5.4,6,5.4,6.2,350,20,0.1,,100,75
2026-09-01T10:00,6,mfr,9,10,20,6.2,6.0,6,5.13,6.2,21,20,0.0,,99,75
2026-09-01T10:00,6,gfs,9,10,20,6.2,5.3,6,5.71,6.2,11,20,0.0,,100,75
2026-09-01T10:00,6,harmonie,9,10,20,6.2,7.0,6,5.0,6.2,0,20,,,95,75
2026-09-01T10:00,6,metno,9,10,20,6.2,5.4,6,5.5,6.2,9.1,20,0.0,,100.0,75
2026-09-01T10:00,6,jolly,9,10,20,6.2,5.46,6,6.85,6.2,8.0,20,0.04,,47,75
2026-09-01T10:00,1,dmi,9,10,20,6.2,5.9,6,5.1,6.2,6,20,0.1,,99,75
2026-09-01T10:00,1,knmi,9,10,20,6.2,5.9,6,5.1,6.2,5,20,0.1,,99,75
2026-09-01T10:00,1,ecmwf,9,10,20,6.2,5.8,6,4.1,6.2,13,20,0.1,,96,75
2026-09-01T10:00,1,icon,9,10,20,6.2,6.2,6,6.36,6.2,19,20,0.0,,71,75
2026-09-01T10:00,1,ukmo,9,10,20,6.2,6.0,6,4.7,6.2,357,20,0.0,,83,75
2026-09-01T10:00,1,mfr,9,10,20,6.2,6.0,6,5.13,6.2,21,20,0.0,,99,75
2026-09-01T10:00,1,gfs,9,10,20,6.2,5.2,6,5.73,6.2,16,20,0.0,,100,75
2026-09-01T10:00,1,harmonie,9,10,20,6.2,7.0,6,5.0,6.2,0,20,,,95,75
2026-09-01T10:00,1,metno,9,10,20,6.2,5.8,6,5.3,6.2,12.2,20,0.0,,100.0,75
2026-09-01T10:00,1,jolly,9,10,20,6.2,5.71,6,6.81,6.2,1.2,20,0.04,,54,75
2026-09-01T17:00,48,dmi,9,17,10,5.7,7.7,7,4.9,5.7,16,10,0.0,,1,75
2026-09-01T17:00,48,knmi,9,17,10,5.7,7.6,7,4.8,5.7,14,10,0.0,,0,75
2026-09-01T17:00,48,ecmwf,9,17,10,5.7,7.0,7,3.55,5.7,32,10,0.0,,53,75
2026-09-01T17:00,48,icon,9,17,10,5.7,6.5,7,4.88,5.7,23,10,0.0,,55,75
2026-09-01T17:00,48,ukmo,9,17,10,5.7,6.4,7,3.5,5.7,11,10,0.0,,80,75
2026-09-01T17:00,48,mfr,9,17,10,5.7,6.9,7,4.4,5.7,21,10,0.0,,97,75
2026-09-01T17:00,48,gfs,9,17,10,5.7,7.6,7,2.85,5.7,342,10,0.0,,100,75
2026-09-01T17:00,48,harmonie,9,17,10,5.7,9.0,7,4.0,5.7,22.5,10,,,5,75
2026-09-01T17:00,48,metno,9,17,10,5.7,6.8,7,4.1,5.7,23.5,10,0.0,,27.3,75
2026-09-01T17:00,48,jolly,9,17,10,5.7,8.54,7,4.33,5.7,4.7,10,0.0,,48,75
2026-09-01T17:00,3,dmi,9,17,10,5.7,6.4,7,5.1,5.7,7,10,0.0,,99,75
2026-09-01T17:00,3,knmi,9,17,10,5.7,6.9,7,5.2,5.7,9,10,0.0,,10,75
2026-09-01T17:00,3,ecmwf,9,17,10,5.7,6.1,7,4.2,5.7,357,10,0.0,,58,75
2026-09-01T17:00,3,icon,9,17,10,5.7,5.8,7,5.55,5.7,23,10,0.0,,90,75
2026-09-01T17:00,3,ukmo,9,17,10,5.7,5.1,7,3.8,5.7,352,10,0.1,,91,75
2026-09-01T17:00,3,mfr,9,17,10,5.7,6.5,7,4.59,5.7,16,10,0.1,,100,75
2026-09-01T17:00,3,gfs,9,17,10,5.7,6.2,7,4.36,5.7,9,10,0.0,,100,75
2026-09-01T17:00,3,harmonie,9,17,10,5.7,7.0,7,4.0,5.7,0,10,,,95,75
2026-09-01T17:00,3,metno,9,17,10,5.7,5.8,7,5.0,5.7,2.0,10,0.0,,100.0,75
2026-09-01T17:00,3,jolly,9,17,10,5.7,6.44,7,6.22,5.7,9.5,10,0.02,,52,75
2026-09-01T16:00,12,dmi,9,16,20,8.2,6.7,7,5.2,8.2,6,20,0.0,,99,44
2026-09-01T16:00,12,knmi,9,16,20,8.2,7.0,7,5.4,8.2,5,20,0.0,,65,44
2026-09-01T16:00,12,ecmwf,9,16,20,8.2,6.2,7,4.2,8.2,360,20,0.0,,89,44
2026-09-01T16:00,12,icon,9,16,20,8.2,6.0,7,6.91,8.2,14,20,0.0,,83,44
2026-09-01T16:00,12,ukmo,9,16,20,8.2,4.9,7,4.1,8.2,355,20,0.1,,97,44
2026-09-01T16:00,12,mfr,9,16,20,8.2,6.4,7,4.78,8.2,16,20,0.2,,99,44
2026-09-01T16:00,12,gfs,9,16,20,8.2,6.5,7,4.3,8.2,357,20,0.0,,100,44
2026-09-01T16:00,12,harmonie,9,16,20,8.2,7.0,7,5.0,8.2,22.5,20,,,95,44
2026-09-01T16:00,12,metno,9,16,20,8.2,6.1,7,5.2,8.2,359.0,20,0.0,,100.0,44
2026-09-01T16:00,12,jolly,9,16,20,8.2,6.23,7,6.38,8.2,2.6,20,0.04,,52,44
2026-09-01T15:00,6,dmi,9,15,20,7.2,6.8,7,5.2,7.2,7,20,0.0,,92,75
2026-09-01T15:00,6,knmi,9,15,20,7.2,6.8,7,5.1,7.2,6,20,0.0,,92,75
2026-09-01T15:00,6,ecmwf,9,15,20,7.2,6.9,7,4.42,7.2,355,20,0.0,,85,75
2026-09-01T15:00,6,icon,9,15,20,7.2,6.2,7,6.87,7.2,21,20,0.0,,76,75
2026-09-01T15:00,6,ukmo,9,15,20,7.2,6.0,7,4.5,7.2,354,20,0.1,,97,75
2026-09-01T15:00,6,mfr,9,15,20,7.2,6.7,7,4.75,7.2,15,20,0.1,,100,75
2026-09-01T15:00,6,gfs,9,15,20,7.2,6.4,7,4.03,7.2,346,20,0.0,,100,75
2026-09-01T15:00,6,harmonie,9,15,20,7.2,7.0,7,5.0,7.2,22.5,20,,,70,75
2026-09-01T15:00,6,metno,9,15,20,7.2,6.7,7,5.2,7.2,357.3,20,0.0,,100.0,75
2026-09-01T15:00,6,jolly,9,15,20,7.2,6.19,7,6.57,7.2,5.5,20,0.02,,52,75
2026-09-01T15:00,1,dmi,9,15,20,7.2,6.8,7,5.2,7.2,7,20,0.0,,92,75
2026-09-01T15:00,1,knmi,9,15,20,7.2,6.8,7,5.2,7.2,12,20,0.0,,100,75
2026-09-01T15:00,1,ecmwf,9,15,20,7.2,6.6,7,4.51,7.2,356,20,0.0,,81,75
2026-09-01T15:00,1,icon,9,15,20,7.2,6.1,7,7.51,7.2,27,20,0.0,,65,75
2026-09-01T15:00,1,ukmo,9,15,20,7.2,6.0,7,4.5,7.2,353,20,0.0,,97,75
2026-09-01T15:00,1,mfr,9,15,20,7.2,6.8,7,4.63,7.2,14,20,0.1,,99,75
2026-09-01T15:00,1,gfs,9,15,20,7.2,6.7,7,4.28,7.2,349,20,0.0,,100,75
2026-09-01T15:00,1,harmonie,9,15,20,7.2,7.0,7,5.0,7.2,22.5,20,,,95,75
2026-09-01T15:00,1,metno,9,15,20,7.2,6.3,7,5.4,7.2,359.0,20,0.0,,100.0,75
2026-09-01T15:00,1,jolly,9,15,20,7.2,6.39,7,6.74,7.2,1.8,20,0.01,,52,75
2026-09-01T20:00,48,dmi,9,20,20,3.1,4.9,4,2.9,3.1,27,20,0.0,,9,44
2026-09-01T20:00,48,knmi,9,20,20,3.1,4.9,4,2.9,3.1,26,20,0.0,,9,44
2026-09-01T20:00,48,ecmwf,9,20,20,3.1,4.8,4,2.37,3.1,28,20,0.0,,40,44
2026-09-01T20:00,48,icon,9,20,20,3.1,4.6,4,2.47,3.1,21,20,0.0,,50,44
2026-09-01T20:00,48,ukmo,9,20,20,3.1,4.6,4,1.1,3.1,54,20,0.0,,11,44
2026-09-01T20:00,48,mfr,9,20,20,3.1,5.9,4,3.05,3.1,23,20,0.0,,95,44
2026-09-01T20:00,48,gfs,9,20,20,3.1,4.6,4,3.0,3.1,37,20,0.0,,10,44
2026-09-01T20:00,48,harmonie,9,20,20,3.1,5.0,4,2.0,3.1,22.5,20,,,5,44
2026-09-01T20:00,48,metno,9,20,20,3.1,4.8,4,3.2,3.1,14.6,20,0.0,,93.7,44
2026-09-01T20:00,48,jolly,9,20,20,3.1,6.71,4,2.87,3.1,5.8,20,0.0,,42,44
2026-09-01T20:00,6,dmi,9,20,20,3.1,5.3,4,3.6,3.1,4,20,0.0,,100,44
2026-09-01T20:00,6,knmi,9,20,20,3.1,4.8,4,2.7,3.1,16,20,0.0,,16,44
2026-09-01T20:00,6,ecmwf,9,20,20,3.1,5.2,4,2.51,3.1,5,20,0.0,,27,44
2026-09-01T20:00,6,icon,9,20,20,3.1,4.1,4,3.51,3.1,20,20,0.0,,60,44
2026-09-01T20:00,6,ukmo,9,20,20,3.1,4.7,4,3.2,3.1,353,20,0.0,,100,44
2026-09-01T20:00,6,mfr,9,20,20,3.1,5.7,4,3.98,3.1,28,20,0.0,,100,44
2026-09-01T20:00,6,gfs,9,20,20,3.1,5.0,4,3.3,3.1,14,20,0.0,,100,44
2026-09-01T20:00,6,harmonie,9,20,20,3.1,5.0,4,3.0,3.1,0,20,,,95,44
2026-09-01T20:00,6,metno,9,20,20,3.1,5.0,4,3.4,3.1,8.1,20,0.0,,99.2,44
2026-09-01T20:00,6,jolly,9,20,20,3.1,4.73,4,4.87,3.1,13.0,20,0.0,,44,44
2026-09-01T19:00,24,dmi,9,19,20,5.1,5.6,6,4.4,5.1,9,20,0.0,,98,44
2026-09-01T19:00,24,knmi,9,19,20,5.1,5.6,6,4.4,5.1,8,20,0.0,,100,44
2026-09-01T19:00,24,ecmwf,9,19,20,5.1,5.3,6,3.4,5.1,14,20,0.0,,42,44
2026-09-01T19:00,24,icon,9,19,20,5.1,4.7,6,5.29,5.1,22,20,0.0,,67,44
2026-09-01T19:00,24,ukmo,9,19,20,5.1,5.3,6,3.3,5.1,3,20,0.0,,86,44
2026-09-01T19:00,24,mfr,9,19,20,5.1,6.3,6,3.38,5.1,19,20,0.0,,100,44
2026-09-01T19:00,24,gfs,9,19,20,5.1,5.4,6,3.81,5.1,14,20,0.0,,71,44
2026-09-01T19:00,24,harmonie,9,19,20,5.1,6.0,6,4.0,5.1,22.5,20,,,30,44
2026-09-01T19:00,24,metno,9,19,20,5.1,5.2,6,4.2,5.1,8.7,20,0.0,,100.0,44
2026-09-01T19:00,24,jolly,9,19,20,5.1,6.3,6,5.34,5.1,354.8,20,0.0,,56,44
2026-09-01T19:00,1,dmi,9,19,20,5.1,5.9,6,4.5,5.1,13,20,0.0,,4,44
2026-09-01T19:00,1,knmi,9,19,20,5.1,5.9,6,4.4,5.1,12,20,0.0,,4,44
2026-09-01T19:00,1,ecmwf,9,19,20,5.1,5.5,6,3.2,5.1,360,20,0.0,,36,44
2026-09-01T19:00,1,icon,9,19,20,5.1,5.2,6,4.25,5.1,24,20,0.0,,63,44
2026-09-01T19:00,1,ukmo,9,19,20,5.1,5.0,6,3.8,5.1,355,20,0.0,,84,44
2026-09-01T19:00,1,mfr,9,19,20,5.1,5.9,6,4.39,5.1,24,20,0.0,,94,44
2026-09-01T19:00,1,gfs,9,19,20,5.1,5.5,6,3.22,5.1,7,20,0.0,,100,44
2026-09-01T19:00,1,harmonie,9,19,20,5.1,6.0,6,4.0,5.1,0,20,,,95,44
2026-09-01T19:00,1,metno,9,19,20,5.1,5.3,6,4.3,5.1,0.7,20,0.0,,99.2,44
2026-09-01T19:00,1,jolly,9,19,20,5.1,5.6,6,5.63,5.1,8.7,20,0.0,,48,44
2026-09-01T21:00,24,dmi,9,21,31.0,2.0,4.0,2.5,2.5,2.0,5,31.0,0.0,,15,75
2026-09-01T21:00,24,knmi,9,21,31.0,2.0,4.7,2.5,2.8,2.0,356,31.0,0.0,,100,75
2026-09-01T21:00,24,ecmwf,9,21,31.0,2.0,4.7,2.5,2.47,2.0,14,31.0,0.0,,57,75
2026-09-01T21:00,24,icon,9,21,31.0,2.0,3.9,2.5,2.73,2.0,8,31.0,0.0,,87,75
2026-09-01T21:00,24,ukmo,9,21,31.0,2.0,4.4,2.5,1.9,2.0,0,31.0,0.0,,41,75
2026-09-01T21:00,24,mfr,9,21,31.0,2.0,5.8,2.5,2.38,2.0,22,31.0,0.0,,97,75
2026-09-01T21:00,24,gfs,9,21,31.0,2.0,3.1,2.5,2.88,2.0,20,31.0,0.0,,65,75
2026-09-01T21:00,24,harmonie,9,21,31.0,2.0,4.0,2.5,2.0,2.0,337.5,31.0,,,95,75
2026-09-01T21:00,24,metno,9,21,31.0,2.0,4.7,2.5,3.5,2.0,9.8,31.0,0.0,,99.2,75
2026-09-01T21:00,24,jolly,9,21,31.0,2.0,4.96,2.5,3.95,2.0,350.9,31.0,0.0,,55,75
2026-09-01T21:00,12,dmi,9,21,31.0,2.0,4.6,2.5,2.4,2.0,360,31.0,0.0,,95,75
2026-09-01T21:00,12,knmi,9,21,31.0,2.0,4.6,2.5,2.3,2.0,359,31.0,0.0,,95,75
2026-09-01T21:00,12,ecmwf,9,21,31.0,2.0,4.8,2.5,2.16,2.0,13,31.0,0.0,,33,75
2026-09-01T21:00,12,icon,9,21,31.0,2.0,3.8,2.5,2.82,2.0,6,31.0,0.0,,84,75
2026-09-01T21:00,12,ukmo,9,21,31.0,2.0,4.1,2.5,1.9,2.0,338,31.0,0.0,,73,75
2026-09-01T21:00,12,mfr,9,21,31.0,2.0,5.4,2.5,3.28,2.0,31,31.0,0.0,,97,75
2026-09-01T21:00,12,gfs,9,21,31.0,2.0,3.4,2.5,3.14,2.0,9,31.0,0.0,,80,75
2026-09-01T21:00,12,harmonie,9,21,31.0,2.0,4.0,2.5,2.0,2.0,337.5,31.0,,,95,75
2026-09-01T21:00,12,metno,9,21,31.0,2.0,4.7,2.5,3.2,2.0,12.2,31.0,0.0,,99.2,75
2026-09-01T21:00,12,jolly,9,21,31.0,2.0,4.42,2.5,3.83,2.0,0.7,31.0,0.0,,47,75
2026-09-01T21:00,3,dmi,9,21,31.0,2.0,3.0,2.5,1.5,2.0,33,31.0,0.0,,38,75
2026-09-01T21:00,3,knmi,9,21,31.0,2.0,3.0,2.5,1.5,2.0,32,31.0,0.0,,38,75
2026-09-01T21:00,3,ecmwf,9,21,31.0,2.0,4.8,2.5,1.92,2.0,9,31.0,0.0,,38,75
2026-09-01T21:00,3,icon,9,21,31.0,2.0,4.3,2.5,3.67,2.0,17,31.0,0.0,,80,75
2026-09-01T21:00,3,ukmo,9,21,31.0,2.0,4.2,2.5,2.4,2.0,354,31.0,0.0,,69,75
2026-09-01T21:00,3,mfr,9,21,31.0,2.0,5.2,2.5,2.87,2.0,29,31.0,0.0,,94,75
2026-09-01T21:00,3,gfs,9,21,31.0,2.0,3.2,2.5,2.82,2.0,17,31.0,0.0,,76,75
2026-09-01T21:00,3,harmonie,9,21,31.0,2.0,4.0,2.5,2.0,2.0,337.5,31.0,,,95,75
2026-09-01T21:00,3,metno,9,21,31.0,2.0,4.8,2.5,3.0,2.0,11.6,31.0,0.0,,99.2,75
2026-09-01T21:00,3,jolly,9,21,31.0,2.0,4.53,2.5,4.01,2.0,15.8,31.0,0.0,,46,75
2026-09-01T23:00,48,dmi,9,23,123.0,0.0,1.6,0.6,1.2,0.0,70,123.0,0.0,,0,75
2026-09-01T23:00,48,knmi,9,23,123.0,0.0,1.6,0.6,1.2,0.0,71,123.0,0.0,,21,75
2026-09-01T23:00,48,ecmwf,9,23,123.0,0.0,2.9,0.6,1.22,0.0,35,123.0,0.0,,85,75
2026-09-01T23:00,48,icon,9,23,123.0,0.0,2.7,0.6,0.5,0.0,180,123.0,0.0,,0,75
2026-09-01T23:00,48,ukmo,9,23,123.0,0.0,1.7,0.6,0.8,0.0,95,123.0,0.0,,3,75
2026-09-01T23:00,48,mfr,9,23,123.0,0.0,5.5,0.6,1.64,0.0,38,123.0,0.0,,81,75
2026-09-01T23:00,48,gfs,9,23,123.0,0.0,2.3,0.6,0.71,0.0,45,123.0,0.0,,50,75
2026-09-01T23:00,48,harmonie,9,23,123.0,0.0,1.0,0.6,1.0,0.0,67.5,123.0,,,5,75
2026-09-01T23:00,48,metno,9,23,123.0,0.0,3.0,0.6,1.2,0.0,24.9,123.0,0.0,,71.9,75
2026-09-01T23:00,48,jolly,9,23,123.0,0.0,4.18,0.6,0.98,0.0,31.9,123.0,0.0,,36,75
2026-09-01T23:00,24,harmonie,9,23,123.0,0.0,3.0,0.6,2.0,0.0,337.5,123.0,,,70,75
2026-09-01T23:00,24,metno,9,23,123.0,0.0,4.2,0.6,2.6,0.0,10.8,123.0,0.0,,99.2,75
2026-09-01T22:00,1,harmonie,9,22,360,2.1,4.0,2,2.0,2.1,337.5,360,,,95,44
2026-09-01T22:00,1,metno,9,22,360,2.1,4.2,2,2.5,2.1,16.1,360,0.0,,94.5,44
2026-09-02T04:00,24,dmi,9,4,130.0,1.6,0.8,-1.7,1.3,1.6,99,130.0,0.0,,65,0
2026-09-02T04:00,24,knmi,9,4,130.0,1.6,0.7,-1.7,0.9,1.6,83,130.0,0.0,,82,0
2026-09-02T04:00,24,ecmwf,9,4,130.0,1.6,2.5,-1.7,0.58,1.6,31,130.0,0.0,,100,0
2026-09-02T04:00,24,icon,9,4,130.0,1.6,2.0,-1.7,1.41,1.6,172,130.0,0.0,,90,0
2026-09-02T04:00,24,ukmo,9,4,130.0,1.6,1.6,-1.7,1.6,1.6,157,130.0,0.0,,66,0
2026-09-02T04:00,24,mfr,9,4,130.0,1.6,3.7,-1.7,1.79,1.6,117,130.0,0.0,,83,0
2026-09-02T04:00,24,gfs,9,4,130.0,1.6,1.6,-1.7,0.72,1.6,34,130.0,0.0,,83,0
2026-09-02T04:00,24,harmonie,9,4,130.0,1.6,0.0,-1.7,1.0,1.6,135,130.0,,,95,0
2026-09-02T04:00,24,metno,9,4,130.0,1.6,2.6,-1.7,1.0,1.6,23.8,130.0,0.0,,93.7,0
2026-09-02T04:00,24,jolly,9,4,130.0,1.6,2.02,-1.7,1.75,1.6,86.1,130.0,0.0,,52,0
2026-09-02T02:00,12,dmi,9,2,150,2.1,1.4,-1,1.4,2.1,114,150,0.0,,55,0
2026-09-02T02:00,12,knmi,9,2,150,2.1,1.2,-1,1.3,2.1,101,150,0.0,,96,0
2026-09-02T02:00,12,ecmwf,9,2,150,2.1,2.8,-1,0.72,2.1,34,150,0.0,,100,0
2026-09-02T02:00,12,icon,9,2,150,2.1,1.9,-1,1.0,2.1,186,150,0.0,,49,0
2026-09-02T02:00,12,ukmo,9,2,150,2.1,1.9,-1,0.3,2.1,202,150,0.0,,89,0
2026-09-02T02:00,12,mfr,9,2,150,2.1,4.6,-1,1.57,2.1,117,150,0.0,,71,0
2026-09-02T02:00,12,gfs,9,2,150,2.1,1.9,-1,1.8,2.1,19,150,0.0,,47,0
2026-09-02T02:00,12,harmonie,9,2,150,2.1,1.0,-1,1.0,2.1,112.5,150,,,95,0
2026-09-02T02:00,12,metno,9,2,150,2.1,2.8,-1,1.0,2.1,30.7,150,0.0,,72.7,0
2026-09-02T02:00,12,jolly,9,2,150,2.1,2.12,-1,1.35,2.1,100.8,150,0.0,,46,0
2026-09-02T00:00,6,dmi,9,0,100,1.0,1.9,0,1.0,1.0,121,100,0.0,,78,19
2026-09-02T00:00,6,knmi,9,0,100,1.0,1.9,0,0.9,1.0,120,100,0.0,,78,19
2026-09-02T00:00,6,ecmwf,9,0,100,1.0,3.7,0,0.73,1.0,16,100,0.0,,100,19
2026-09-02T00:00,6,icon,9,0,100,1.0,3.2,0,0.81,1.0,7,100,0.0,,78,19
2026-09-02T00:00,6,ukmo,9,0,100,1.0,2.5,0,1.0,1.0,330,100,0.0,,67,19
2026-09-02T00:00,6,mfr,9,0,100,1.0,5.1,0,1.34,1.0,63,100,0.0,,99,19
2026-09-02T00:00,6,gfs,9,0,100,1.0,1.6,0,1.3,1.0,356,100,0.0,,5,19
2026-09-02T00:00,6,harmonie,9,0,100,1.0,3.0,0,1.0,1.0,112.5,100,,,95,19
2026-09-02T00:00,6,metno,9,0,100,1.0,3.7,0,1.3,1.0,20.2,100,0.0,,91.4,19
2026-09-02T00:00,6,jolly,9,0,100,1.0,2.96,0,2.66,1.0,57.7,100,0.0,,50,19
2026-09-02T00:00,3,harmonie,9,0,100,1.0,4.0,0,0.0,1.0,,100,,,95,19
2026-09-02T00:00,3,metno,9,0,100,1.0,3.3,0,1.2,1.0,35.2,100,0.0,,82.8,19
2026-09-02T03:00,6,harmonie,9,3,140,1.5,1.0,-1,1.0,1.5,112.5,140,,,95,0
2026-09-02T03:00,6,metno,9,3,140,1.5,2.5,-1,0.6,1.5,45.3,140,0.0,,99.2,0
2026-09-02T03:00,3,dmi,9,3,140,1.5,1.4,-1,0.8,1.5,101,140,0.0,,100,0
2026-09-02T03:00,3,knmi,9,3,140,1.5,1.4,-1,0.8,1.5,100,140,0.0,,100,0
2026-09-02T03:00,3,ecmwf,9,3,140,1.5,2.4,-1,0.57,1.5,45,140,0.0,,100,0
2026-09-02T03:00,3,icon,9,3,140,1.5,2.4,-1,1.1,1.5,175,140,0.0,,48,0
2026-09-02T03:00,3,ukmo,9,3,140,1.5,1.6,-1,1.4,1.5,153,140,0.0,,100,0
2026-09-02T03:00,3,mfr,9,3,140,1.5,4.2,-1,1.92,1.5,118,140,0.0,,74,0
2026-09-02T03:00,3,gfs,9,3,140,1.5,1.3,-1,1.44,1.5,34,140,0.0,,76,0
2026-09-02T03:00,3,harmonie,9,3,140,1.5,1.0,-1,1.0,1.5,112.5,140,,,95,0
2026-09-02T03:00,3,metno,9,3,140,1.5,2.5,-1,0.6,1.5,45.3,140,0.0,,99.2,0
2026-09-02T03:00,3,jolly,9,3,140,1.5,2.11,-1,0.94,1.5,107.4,140,0.0,,51,0
2026-09-02T01:00,1,dmi,9,1,110,2.1,1.3,-1,1.0,2.1,106,110,0.0,,100,0
2026-09-02T01:00,1,knmi,9,1,110,2.1,1.3,-1,1.0,2.1,105,110,0.0,,100,0
2026-09-02T01:00,1,ecmwf,9,1,110,2.1,3.0,-1,0.71,2.1,45,110,0.0,,100,0
2026-09-02T01:00,1,icon,9,1,110,2.1,3.2,-1,0.2,2.1,360,110,0.0,,69,0
2026-09-02T01:00,1,ukmo,9,1,110,2.1,1.9,-1,0.4,2.1,162,110,0.0,,89,0
2026-09-02T01:00,1,mfr,9,1,110,2.1,4.8,-1,1.5,2.1,86,110,0.0,,88,0
2026-09-02T01:00,1,gfs,9,1,110,2.1,1.8,-1,1.71,2.1,21,110,0.0,,100,0
2026-09-02T01:00,1,harmonie,9,1,110,2.1,3.0,-1,1.0,2.1,135,110,,,95,0
2026-09-02T01:00,1,metno,9,1,110,2.1,3.0,-1,1.0,2.1,32.0,110,0.0,,70.3,0
2026-09-02T01:00,1,jolly,9,1,110,2.1,2.74,-1,0.8,2.1,73.0,110,0.0,,51,0
2026-09-02T05:00,48,dmi,9,5,,0.5,0.9,-1,0.8,0.5,112,,0.0,,62,75
2026-09-02T05:00,48,knmi,9,5,,0.5,1.1,-1,0.5,0.5,107,,0.0,,65,75
2026-09-02T05:00,48,ecmwf,9,5,,0.5,1.2,-1,0.1,0.5,180,,0.0,,100,75
2026-09-02T05:00,48,icon,9,5,,0.5,1.0,-1,1.66,0.5,155,,0.0,,89,75
2026-09-02T05:00,48,ukmo,9,5,,0.5,0.2,-1,1.7,0.5,119,,0.0,,70,75
2026-09-02T05:00,48,mfr,9,5,,0.5,2.8,-1,1.8,0.5,93,,0.0,,89,75
2026-09-02T05:00,48,gfs,9,5,,0.5,3.0,-1,2.53,0.5,162,,0.0,,28,75
2026-09-02T05:00,48,harmonie,9,5,,0.5,1.0,-1,0.0,0.5,,,,,70,75
2026-09-02T05:00,48,metno,9,5,,0.5,1.2,-1,0.2,0.5,152.9,,0.0,,70.3,75
2026-09-02T05:00,48,jolly,9,5,,0.5,3.1,-1,0.99,0.5,117.3,,0.0,,54,75
2026-09-02T05:00,1,dmi,9,5,,0.5,0.7,-1,0.8,0.5,78,,0.0,,17,75
2026-09-02T05:00,1,knmi,9,5,,0.5,0.9,-1,0.2,0.5,94,,0.0,,29,75
2026-09-02T05:00,1,ecmwf,9,5,,0.5,2.1,-1,0.22,0.5,27,,0.0,,85,75
2026-09-02T05:00,1,icon,9,5,,0.5,2.0,-1,1.26,0.5,162,,0.0,,68,75
2026-09-02T05:00,1,ukmo,9,5,,0.5,0.9,-1,1.0,0.5,130,,0.0,,98,75
2026-09-02T05:00,1,mfr,9,5,,0.5,3.6,-1,1.57,0.5,117,,0.0,,58,75
2026-09-02T05:00,1,gfs,9,5,,0.5,1.0,-1,0.76,0.5,67,,0.0,,52,75
2026-09-02T05:00,1,harmonie,9,5,,0.5,0.0,-1,1.0,0.5,112.5,,,,70,75
2026-09-02T05:00,1,metno,9,5,,0.5,2.2,-1,0.5,0.5,18.8,,0.0,,60.9,75
2026-09-02T05:00,1,jolly,9,5,,0.5,1.08,-1,0.72,0.5,101.6,,0.0,,49,75
2026-09-02T09:00,24,dmi,9,9,178.0,0.6,4.1,3.3,0.9,0.6,273,178.0,0.0,,79,0
2026-09-02T09:00,24,knmi,9,9,178.0,0.6,4.1,3.3,0.9,0.6,272,178.0,0.0,,79,0
2026-09-02T09:00,24,ecmwf,9,9,178.0,0.6,4.5,3.3,0.36,0.6,34,178.0,0.0,,100,0
2026-09-02T09:00,24,icon,9,9,178.0,0.6,4.1,3.3,0.45,0.6,333,178.0,0.0,,24,0
2026-09-02T09:00,24,ukmo,9,9,178.0,0.6,4.9,3.3,0.4,0.6,63,178.0,0.0,,100,0
2026-09-02T09:00,24,mfr,9,9,178.0,0.6,4.7,3.3,0.41,0.6,166,178.0,0.0,,100,0
2026-09-02T09:00,24,gfs,9,9,178.0,0.6,4.9,3.3,1.03,0.6,119,178.0,0.0,,100,0
2026-09-02T09:00,24,harmonie,9,9,178.0,0.6,5.0,3.3,1.0,0.6,292.5,178.0,,,70,0
2026-09-02T09:00,24,metno,9,9,178.0,0.6,4.8,3.3,0.5,0.6,357.6,178.0,0.0,,87.5,0
2026-09-02T09:00,24,jolly,9,9,178.0,0.6,5.03,3.3,1.99,0.6,347.5,178.0,0.0,,44,0
2026-09-02T09:00,12,harmonie,9,9,178.0,0.6,4.0,3.3,0.0,0.6,,178.0,,,95,0
2026-09-02T09:00,12,metno,9,9,178.0,0.6,4.5,3.3,0.6,0.6,309.9,178.0,0.0,,100.0,0
2026-09-02T06:00,12,dmi,9,6,130,1.5,0.6,-1,0.9,1.5,58,130,0.0,,2,19
2026-09-02T06:00,12,knmi,9,6,130,1.5,0.6,-1,0.9,1.5,57,130,0.0,,2,19
2026-09-02T06:00,12,ecmwf,9,6,130,1.5,1.8,-1,0.45,1.5,27,130,0.0,,56,19
2026-09-02T06:00,12,icon,9,6,130,1.5,1.2,-1,1.28,1.5,141,130,0.0,,93,19
2026-09-02T06:00,12,ukmo,9,6,130,1.5,0.7,-1,1.1,1.5,158,130,0.0,,98,19
2026-09-02T06:00,12,mfr,9,6,130,1.5,3.4,-1,1.46,1.5,106,130,0.0,,82,19
2026-09-02T06:00,12,gfs,9,6,130,1.5,1.6,-1,0.64,1.5,129,130,0.0,,52,19
2026-09-02T06:00,12,harmonie,9,6,130,1.5,0.0,-1,1.0,1.5,67.5,130,,,70,19
2026-09-02T06:00,12,metno,9,6,130,1.5,2.0,-1,0.5,1.5,16.1,130,0.0,,57.8,19
2026-09-02T06:00,12,jolly,9,6,130,1.5,1.55,-1,1.3,1.5,90.1,130,0.0,,42,19
2026-09-02T06:00,6,dmi,9,6,130,1.5,0.5,-1,1.0,1.5,126,130,0.0,,8,19
2026-09-02T06:00,6,knmi,9,6,130,1.5,0.5,-1,1.0,1.5,125,130,0.0,,8,19
2026-09-02T06:00,6,ecmwf,9,6,130,1.5,1.8,-1,0.28,1.5,45,130,0.0,,100,19
2026-09-02T06:00,6,icon,9,6,130,1.5,1.6,-1,1.3,1.5,157,130,0.0,,100,19
2026-09-02T06:00,6,ukmo,9,6,130,1.5,0.9,-1,1.3,1.5,120,130,0.0,,100,19
2026-09-02T06:00,6,mfr,9,6,130,1.5,2.9,-1,1.68,1.5,107,130,0.0,,87,19
2026-09-02T06:00,6,gfs,9,6,130,1.5,1.4,-1,0.57,1.5,135,130,0.0,,76,19
2026-09-02T06:00,6,harmonie,9,6,130,1.5,0.0,-1,1.0,1.5,90,130,,,70,19
2026-09-02T06:00,6,metno,9,6,130,1.5,2.0,-1,0.3,1.5,23.3,130,0.0,,93.7,19
2026-09-02T06:00,6,jolly,9,6,130,1.5,1.13,-1,0.98,1.5,112.1,130,0.0,,50,19
2026-09-02T07:00,3,dmi,9,7,150,1.5,1.4,-1,0.5,1.5,118,150,0.0,,100,0
2026-09-02T07:00,3,knmi,9,7,150,1.5,1.4,-1,0.6,1.5,115,150,0.0,,100,0
2026-09-02T07:00,3,ecmwf,9,7,150,1.5,2.7,-1,0.22,1.5,27,150,0.0,,75,0
2026-09-02T07:00,3,icon,9,7,150,1.5,1.9,-1,1.61,1.5,150,150,0.0,,72,0
2026-09-02T07:00,3,ukmo,9,7,150,1.5,2.4,-1,1.1,1.5,103,150,0.0,,100,0
2026-09-02T07:00,3,mfr,9,7,150,1.5,2.9,-1,1.65,1.5,104,150,0.0,,100,0
2026-09-02T07:00,3,gfs,9,7,150,1.5,3.0,-1,0.57,1.5,135,150,0.0,,100,0
2026-09-02T07:00,3,harmonie,9,7,150,1.5,1.0,-1,1.0,1.5,90,150,,,95,0
2026-09-02T07:00,3,metno,9,7,150,1.5,3.2,-1,0.7,1.5,355.8,150,0.0,,96.9,0
2026-09-02T07:00,3,jolly,9,7,150,1.5,1.66,-1,0.77,1.5,113.7,150,0.0,,54,0
2026-09-02T13:00,48,dmi,9,13,,1.5,9.7,8,2.4,1.5,337,,0.0,,15,0
2026-09-02T13:00,48,knmi,9,13,,1.5,9.5,8,2.5,1.5,334,,0.0,,27,0
2026-09-02T13:00,48,ecmwf,9,13,,1.5,8.6,8,0.67,1.5,117,,0.0,,66,0
2026-09-02T13:00,48,icon,9,13,,1.5,7.9,8,1.78,1.5,128,,0.0,,15,0
2026-09-02T13:00,48,ukmo,9,13,,1.5,7.9,8,2.4,1.5,78,,0.0,,53,0
2026-09-02T13:00,48,mfr,9,13,,1.5,8.5,8,1.93,1.5,339,,0.0,,0,0
2026-09-02T13:00,48,gfs,9,13,,1.5,10.4,8,2.2,1.5,129,,0.0,,16,0
2026-09-02T13:00,48,harmonie,9,13,,1.5,11.0,8,2.0,1.5,315,,,,70,0
2026-09-02T13:00,48,metno,9,13,,1.5,8.4,8,1.4,1.5,0.4,,0.0,,80.5,0
2026-09-02T13:00,48,jolly,9,13,,1.5,10.94,8,1.8,1.5,7.3,,0.0,,42,0
2026-09-02T14:00,24,dmi,9,14,335.0,0.9,9.4,9.1,1.7,0.9,92,335.0,0.0,,100,0
2026-09-02T14:00,24,knmi,9,14,335.0,0.9,10.1,9.1,1.8,0.9,6,335.0,0.0,,99,0
2026-09-02T14:00,24,ecmwf,9,14,335.0,0.9,9.2,9.1,0.9,0.9,90,335.0,0.0,,100,0
2026-09-02T14:00,24,icon,9,14,335.0,0.9,8.0,9.1,3.32,0.9,106,335.0,0.0,,43,0
2026-09-02T14:00,24,ukmo,9,14,335.0,0.9,9.0,9.1,2.6,0.9,117,335.0,0.0,,100,0
2026-09-02T14:00,24,mfr,9,14,335.0,0.9,8.9,9.1,2.9,0.9,358,335.0,0.0,,100,0
2026-09-02T14:00,24,gfs,9,14,335.0,0.9,9.3,9.1,2.97,0.9,123,335.0,0.0,,100,0
2026-09-02T14:00,24,harmonie,9,14,335.0,0.9,11.0,9.1,3.0,0.9,337.5,335.0,,,95,0
2026-09-02T14:00,24,metno,9,14,335.0,0.9,9.2,9.1,1.8,0.9,60.1,335.0,0.0,,99.2,0
2026-09-02T14:00,24,jolly,9,14,335.0,0.9,10.04,9.1,3.12,0.9,63.2,335.0,0.0,,52,0
2026-09-02T12:00,12,dmi,9,12,,0.5,6.9,6,1.8,0.5,324,,0.0,,100,0
2026-09-02T12:00,12,knmi,9,12,,0.5,6.9,6,1.8,0.5,323,,0.0,,100,0
2026-09-02T12:00,12,ecmwf,9,12,,0.5,7.3,6,0.71,0.5,98,,0.0,,100,0
2026-09-02T12:00,12,icon,9,12,,0.5,7.1,6,1.21,0.5,114,,0.0,,81,0
2026-09-02T12:00,12,ukmo,9,12,,0.5,7.8,6,1.1,0.5,146,,0.0,,100,0
2026-09-02T12:00,12,mfr,9,12,,0.5,7.1,6,1.21,0.5,336,,0.0,,92,0
2026-09-02T12:00,12,gfs,9,12,,0.5,7.9,6,1.35,0.5,132,,0.0,,100,0
2026-09-02T12:00,12,harmonie,9,12,,0.5,8.0,6,2.0,0.5,315,,,,95,0
2026-09-02T12:00,12,metno,9,12,,0.5,7.3,6,1.4,0.5,90.7,,0.0,,91.4,0
2026-09-02T12:00,12,jolly,9,12,,0.5,7.4,6,1.72,0.5,66.2,,0.0,,53,0
2026-09-02T12:00,3,dmi,9,12,,0.5,7.2,6,2.1,0.5,314,,0.0,,100,0
2026-09-02T12:00,3,knmi,9,12,,0.5,7.2,6,2.1,0.5,313,,0.0,,100,0
2026-09-02T12:00,3,ecmwf,9,12,,0.5,7.0,6,0.63,0.5,72,,0.0,,100,0
2026-09-02T12:00,3,icon,9,12,,0.5,7.0,6,1.04,0.5,107,,0.0,,96,0
2026-09-02T12:00,3,ukmo,9,12,,0.5,7.8,6,1.3,0.5,143,,0.0,,91,0
2026-09-02T12:00,3,mfr,9,12,,0.5,6.9,6,1.25,0.5,331,,0.0,,99,0
2026-09-02T12:00,3,gfs,9,12,,0.5,7.5,6,1.42,0.5,141,,0.0,,100,0
2026-09-02T12:00,3,harmonie,9,12,,0.5,8.0,6,2.0,0.5,315,,,,95,0
2026-09-02T12:00,3,metno,9,12,,0.5,6.9,6,1.2,0.5,43.7,,0.0,,94.5,0
2026-09-02T12:00,3,jolly,9,12,,0.5,6.35,6,1.41,0.5,57.1,,0.0,,52,0
2026-09-02T10:00,6,dmi,9,10,,1.0,5.0,3,0.8,1.0,295,,0.0,,100,0
2026-09-02T10:00,6,knmi,9,10,,1.0,4.8,3,0.7,1.0,302,,0.0,,100,0
2026-09-02T10:00,6,ecmwf,9,10,,1.0,5.4,3,0.32,1.0,72,,0.0,,100,0
2026-09-02T10:00,6,icon,9,10,,1.0,5.2,3,0.36,1.0,236,,0.0,,85,0
2026-09-02T10:00,6,ukmo,9,10,,1.0,6.0,3,0.6,1.0,126,,0.0,,100,0
2026-09-02T10:00,6,mfr,9,10,,1.0,5.4,3,0.22,1.0,243,,0.0,,100,0
2026-09-02T10:00,6,gfs,9,10,,1.0,5.8,3,0.94,1.0,148,,0.0,,100,0
2026-09-02T10:00,6,harmonie,9,10,,1.0,5.0,3,1.0,1.0,315,,,,95,0
2026-09-02T10:00,6,metno,9,10,,1.0,5.3,3,0.9,1.0,63.2,,0.0,,100.0,0
2026-09-02T10:00,6,jolly,9,10,,1.0,4.7,3,1.62,1.0,241.3,,0.0,,49,0
2026-09-02T10:00,1,dmi,9,10,,1.0,4.4,3,1.3,1.0,312,,0.0,,100,0
2026-09-02T10:00,1,knmi,9,10,,1.0,4.4,3,1.2,1.0,311,,0.0,,100,0
2026-09-02T10:00,1,ecmwf,9,10,,1.0,5.0,3,0.1,1.0,90,,0.0,,100,0
2026-09-02T10:00,1,icon,9,10,,1.0,5.3,3,0.22,1.0,333,,0.0,,58,0
2026-09-02T10:00,1,ukmo,9,10,,1.0,5.6,3,0.3,1.0,158,,0.0,,100,0
2026-09-02T10:00,1,mfr,9,10,,1.0,5.4,3,0.22,1.0,243,,0.0,,100,0
2026-09-02T10:00,1,gfs,9,10,,1.0,5.7,3,0.98,1.0,156,,0.0,,100,0
2026-09-02T10:00,1,harmonie,9,10,,1.0,5.0,3,1.0,1.0,315,,,,95,0
2026-09-02T10:00,1,metno,9,10,,1.0,5.1,3,0.9,1.0,42.3,,0.0,,100.0,0
2026-09-02T10:00,1,jolly,9,10,,1.0,4.34,3,0.99,1.0,287.6,,0.0,,52,0
2026-09-02T18:00,24,dmi,9,18,112.0,3.5,7.6,7.6,4.4,3.5,108,112.0,0.0,,95,19
2026-09-02T18:00,24,knmi,9,18,112.0,3.5,7.6,7.6,4.3,3.5,107,112.0,0.0,,95,19
2026-09-02T18:00,24,ecmwf,9,18,112.0,3.5,7.9,7.6,1.8,3.5,109,112.0,0.0,,100,19
2026-09-02T18:00,24,icon,9,18,112.0,3.5,6.6,7.6,3.57,3.5,108,112.0,0.0,,100,19
2026-09-02T18:00,24,ukmo,9,18,112.0,3.5,6.0,7.6,2.1,3.5,107,112.0,0.0,,100,19
2026-09-02T18:00,24,mfr,9,18,112.0,3.5,8.1,7.6,3.6,3.5,88,112.0,0.0,,97,19
2026-09-02T18:00,24,gfs,9,18,112.0,3.5,7.7,7.6,2.8,3.5,125,112.0,0.0,,100,19
2026-09-02T18:00,24,harmonie,9,18,112.0,3.5,7.0,7.6,4.0,3.5,112.5,112.0,,,95,19
2026-09-02T18:00,24,metno,9,18,112.0,3.5,7.8,7.6,3.2,3.5,87.4,112.0,0.0,,100.0,19
2026-09-02T18:00,24,jolly,9,18,112.0,3.5,7.95,7.6,4.18,3.5,107.5,112.0,0.0,,56,19
2026-09-02T16:00,12,dmi,9,16,360,3.6,9.1,9,4.2,3.6,111,360,0.0,,100,44
2026-09-02T16:00,12,knmi,9,16,360,3.6,8.4,9,3.8,3.6,107,360,0.0,,100,44
2026-09-02T16:00,12,ecmwf,9,16,360,3.6,8.9,9,2.06,3.6,119,360,0.0,,100,44
2026-09-02T16:00,12,icon,9,16,360,3.6,7.7,9,3.16,3.6,125,360,0.0,,99,44
2026-09-02T16:00,12,ukmo,9,16,360,3.6,7.8,9,4.3,3.6,115,360,0.0,,100,44
2026-09-02T16:00,12,mfr,9,16,360,3.6,9.1,9,1.28,3.6,39,360,0.0,,79,44
2026-09-02T16:00,12,gfs,9,16,360,3.6,9.0,9,2.97,3.6,123,360,0.0,,100,44
2026-09-02T16:00,12,harmonie,9,16,360,3.6,10.0,9,3.0,3.6,112.5,360,,,95,44
2026-09-02T16:00,12,metno,9,16,360,3.6,9.1,9,3.1,3.6,112.8,360,0.0,,96.1,44
2026-09-02T16:00,12,jolly,9,16,360,3.6,8.33,9,3.52,3.6,134.3,360,0.0,,55,44
2026-09-02T15:00,6,dmi,9,15,340,1.5,9.9,9,2.6,1.5,109,340,0.0,,100,0
2026-09-02T15:00,6,knmi,9,15,340,1.5,9.9,9,2.5,1.5,108,340,0.0,,100,0
2026-09-02T15:00,6,ecmwf,9,15,340,1.5,9.3,9,1.97,1.5,114,340,0.0,,100,0
2026-09-02T15:00,6,icon,9,15,340,1.5,7.9,9,3.18,1.5,114,340,0.0,,90,0
2026-09-02T15:00,6,ukmo,9,15,340,1.5,8.9,9,3.3,1.5,122,340,0.0,,100,0
2026-09-02T15:00,6,mfr,9,15,340,1.5,8.9,9,1.7,1.5,3,340,0.0,,81,0
2026-09-02T15:00,6,gfs,9,15,340,1.5,9.2,9,2.34,1.5,130,340,0.0,,100,0
2026-09-02T15:00,6,harmonie,9,15,340,1.5,10.0,9,1.0,1.5,90,340,,,95,0
2026-09-02T15:00,6,metno,9,15,340,1.5,9.4,9,2.6,1.5,108.3,340,0.0,,95.3,0
2026-09-02T15:00,6,jolly,9,15,340,1.5,8.24,9,2.39,1.5,134.5,340,0.0,,47,0
2026-09-02T15:00,1,dmi,9,15,340,1.5,10.4,9,3.2,1.5,112,340,0.0,,7,0
2026-09-02T15:00,1,knmi,9,15,340,1.5,9.9,9,2.5,1.5,108,340,0.0,,100,0
2026-09-02T15:00,1,ecmwf,9,15,340,1.5,9.6,9,1.26,1.5,108,340,0.0,,100,0
2026-09-02T15:00,1,icon,9,15,340,1.5,7.2,9,2.78,1.5,120,340,0.0,,79,0
2026-09-02T15:00,1,ukmo,9,15,340,1.5,8.2,9,3.4,1.5,123,340,0.0,,100,0
2026-09-02T15:00,1,mfr,9,15,340,1.5,8.9,9,1.7,1.5,3,340,0.0,,81,0
2026-09-02T15:00,1,gfs,9,15,340,1.5,9.3,9,1.97,1.5,120,340,0.0,,100,0
2026-09-02T15:00,1,harmonie,9,15,340,1.5,11.0,9,2.0,1.5,135,340,,,95,0
2026-09-02T15:00,1,metno,9,15,340,1.5,9.6,9,2.0,1.5,74.1,340,0.0,,90.6,0
2026-09-02T15:00,1,jolly,9,15,340,1.5,8.47,9,2.15,1.5,118.7,340,0.0,,50,0
2026-09-02T17:00,3,dmi,9,17,140,4.1,8.0,10,5.0,4.1,103,140,0.0,,100,44
2026-09-02T17:00,3,knmi,9,17,140,4.1,7.4,10,5.0,4.1,102,140,0.0,,100,44
2026-09-02T17:00,3,ecmwf,9,17,140,4.1,8.8,10,2.11,4.1,121,140,0.0,,100,44
2026-09-02T17:00,3,icon,9,17,140,4.1,7.1,10,2.58,4.1,126,140,0.0,,92,44
2026-09-02T17:00,3,ukmo,9,17,140,4.1,7.6,10,3.3,4.1,118,140,0.0,,100,44
2026-09-02T17:00,3,mfr,9,17,140,4.1,8.9,10,2.55,4.1,101,140,0.0,,87,44
2026-09-02T17:00,3,gfs,9,17,140,4.1,8.8,10,2.47,4.1,111,140,0.0,,94,44
2026-09-02T17:00,3,harmonie,9,17,140,4.1,9.0,10,4.0,4.1,112.5,140,,,95,44
2026-09-02T17:00,3,metno,9,17,140,4.1,9.2,10,2.6,4.1,111.4,140,0.0,,99.2,44
2026-09-02T17:00,3,jolly,9,17,140,4.1,7.19,10,3.21,4.1,135.3,140,0.0,,56,44
2026-09-02T19:00,48,dmi,9,19,120,3.1,7.3,7,4.3,3.1,109,120,0.0,,92,75
2026-09-02T19:00,48,knmi,9,19,120,3.1,7.4,7,4.5,3.1,107,120,0.0,,94,75
2026-09-02T19:00,48,ecmwf,9,19,120,3.1,6.6,7,2.48,3.1,137,120,0.0,,92,75
2026-09-02T19:00,48,icon,9,19,120,3.1,5.7,7,3.13,3.1,117,120,0.0,,100,75
2026-09-02T19:00,48,ukmo,9,19,120,3.1,6.2,7,2.1,3.1,111,120,0.0,,87,75
2026-09-02T19:00,48,mfr,9,19,120,3.1,7.5,7,4.43,3.1,108,120,0.0,,62,75
2026-09-02T19:00,48,gfs,9,19,120,3.1,6.2,7,2.43,3.1,99,120,0.0,,100,75
2026-09-02T19:00,48,harmonie,9,19,120,3.1,8.0,7,4.0,3.1,112.5,120,,,95,75
2026-09-02T19:00,48,metno,9,19,120,3.1,6.7,7,2.9,3.1,131.3,120,0.0,,70.3,75
2026-09-02T19:00,48,jolly,9,19,120,3.1,9.3,7,3.87,3.1,85.9,120,0.0,,53,75
2026-09-02T19:00,1,dmi,9,19,120,3.1,6.7,7,5.2,3.1,105,120,0.0,,100,75
2026-09-02T19:00,1,knmi,9,19,120,3.1,6.6,7,4.7,3.1,105,120,0.0,,100,75
2026-09-02T19:00,1,ecmwf,9,19,120,3.1,7.2,7,1.92,3.1,129,120,0.0,,100,75
2026-09-02T19:00,1,icon,9,19,120,3.1,6.6,7,2.4,3.1,135,120,0.0,,81,75
2026-09-02T19:00,1,ukmo,9,19,120,3.1,5.8,7,3.2,3.1,121,120,0.0,,100,75
2026-09-02T19:00,1,mfr,9,19,120,3.1,7.0,7,4.25,3.1,114,120,0.0,,89,75
2026-09-02T19:00,1,gfs,9,19,120,3.1,7.4,7,2.19,3.1,114,120,0.0,,93,75
2026-09-02T19:00,1,harmonie,9,19,120,3.1,7.0,7,4.0,3.1,112.5,120,,,95,75
2026-09-02T19:00,1,metno,9,19,120,3.1,7.2,7,2.2,3.1,123.3,120,0.0,,86.7,75
2026-09-02T19:00,1,jolly,9,19,120,3.1,5.88,7,3.19,3.1,106.3,120,0.0,,48,75
2026-09-02T21:00,48,dmi,9,21,119.0,2.5,5.4,5.0,4.5,2.5,115,119.0,0.0,,100,100
2026-09-02T21:00,48,knmi,9,21,119.0,2.5,5.4,5.0,5.5,2.5,106,119.0,0.0,,100,100
2026-09-02T21:00,48,ecmwf,9,21,119.0,2.5,5.4,5.0,1.2,2.5,138,119.0,0.0,,77,100
2026-09-02T21:00,48,icon,9,21,119.0,2.5,5.0,5.0,1.34,2.5,27,119.0,0.0,,100,100
2026-09-02T21:00,48,ukmo,9,21,119.0,2.5,4.2,5.0,1.9,2.5,111,119.0,0.0,,98,100
2026-09-02T21:00,48,mfr,9,21,119.0,2.5,5.4,5.0,4.24,2.5,109,119.0,0.0,,83,100
2026-09-02T21:00,48,gfs,9,21,119.0,2.5,3.9,5.0,2.24,2.5,117,119.0,0.0,,100,100
2026-09-02T21:00,48,harmonie,9,21,119.0,2.5,5.0,5.0,4.0,2.5,112.5,119.0,,,95,100
2026-09-02T21:00,48,metno,9,21,119.0,2.5,5.4,5.0,2.2,2.5,137.0,119.0,0.0,,78.9,100
2026-09-02T21:00,48,jolly,9,21,119.0,2.5,7.42,5.0,3.39,2.5,92.2,119.0,0.0,,56,100
2026-09-02T21:00,24,harmonie,9,21,119.0,2.5,5.0,5.0,1.0,2.5,157.5,119.0,,,95,100
2026-09-02T21:00,24,metno,9,21,119.0,2.5,5.6,5.0,1.3,2.5,109.8,119.0,0.0,,83.6,100
2026-09-02T21:00,12,dmi,9,21,119.0,2.5,5.7,5.0,2.9,2.5,116,119.0,0.0,,100,100
2026-09-02T21:00,12,knmi,9,21,119.0,2.5,5.7,5.0,2.9,2.5,115,119.0,0.0,,100,100
2026-09-02T21:00,12,ecmwf,9,21,119.0,2.5,5.4,5.0,0.64,2.5,129,119.0,0.0,,100,100
2026-09-02T21:00,12,icon,9,21,119.0,2.5,5.3,5.0,1.02,2.5,79,119.0,0.0,,97,100
2026-09-02T21:00,12,ukmo,9,21,119.0,2.5,4.4,5.0,2.8,2.5,125,119.0,0.0,,100,100
2026-09-02T21:00,12,mfr,9,21,119.0,2.5,5.6,5.0,3.62,2.5,114,119.0,0.0,,94,100
2026-09-02T21:00,12,gfs,9,21,119.0,2.5,3.9,5.0,2.27,2.5,139,119.0,0.0,,99,100
2026-09-02T21:00,12,harmonie,9,21,119.0,2.5,5.0,5.0,3.0,2.5,112.5,119.0,,,95,100
2026-09-02T21:00,12,metno,9,21,119.0,2.5,5.6,5.0,1.2,2.5,120.9,119.0,0.0,,74.2,100
2026-09-02T21:00,12,jolly,9,21,119.0,2.5,4.09,5.0,2.6,2.5,152.1,119.0,0.0,,51,100
2026-09-02T21:00,3,dmi,9,21,119.0,2.5,5.9,5.0,4.2,2.5,110,119.0,0.0,,99,100
2026-09-02T21:00,3,knmi,9,21,119.0,2.5,5.7,5.0,2.9,2.5,115,119.0,0.0,,100,100
2026-09-02T21:00,3,ecmwf,9,21,119.0,2.5,5.5,5.0,0.78,2.5,140,119.0,0.0,,100,100
2026-09-02T21:00,3,icon,9,21,119.0,2.5,5.0,5.0,1.91,2.5,137,119.0,0.0,,83,100
2026-09-02T21:00,3,ukmo,9,21,119.0,2.5,4.8,5.0,2.9,2.5,116,119.0,0.0,,100,100
2026-09-02T21:00,3,mfr,9,21,119.0,2.5,5.6,5.0,3.62,2.5,114,119.0,0.0,,94,100
2026-09-02T21:00,3,gfs,9,21,119.0,2.5,4.6,5.0,2.13,2.5,131,119.0,0.0,,100,100
2026-09-02T21:00,3,harmonie,9,21,119.0,2.5,4.0,5.0,3.0,2.5,112.5,119.0,,,95,100
2026-09-02T21:00,3,metno,9,21,119.0,2.5,5.6,5.0,1.3,2.5,135.1,119.0,0.0,,93.0,100
2026-09-02T21:00,3,jolly,9,21,119.0,2.5,4.41,5.0,2.41,2.5,147.2,119.0,0.0,,50,100
2026-09-02T20:00,6,dmi,9,20,150,3.1,6.0,7,5.2,3.1,113,150,0.0,,100,44
2026-09-02T20:00,6,knmi,9,20,150,3.1,6.2,7,4.4,3.1,107,150,0.0,,100,44
2026-09-02T20:00,6,ecmwf,9,20,150,3.1,6.2,7,1.41,3.1,135,150,0.0,,100,44
2026-09-02T20:00,6,icon,9,20,150,3.1,5.6,7,1.7,3.1,118,150,0.0,,96,44
2026-09-02T20:00,6,ukmo,9,20,150,3.1,5.3,7,3.1,3.1,119,150,0.0,,100,44
2026-09-02T20:00,6,mfr,9,20,150,3.1,6.2,7,4.22,3.1,112,150,0.0,,98,44
2026-09-02T20:00,6,gfs,9,20,150,3.1,5.3,7,2.3,3.1,124,150,0.0,,100,44
2026-09-02T20:00,6,harmonie,9,20,150,3.1,6.0,7,4.0,3.1,112.5,150,,,95,44
2026-09-02T20:00,6,metno,9,20,150,3.1,5.7,7,1.7,3.1,127.9,150,0.0,,77.3,44
2026-09-02T20:00,6,jolly,9,20,150,3.1,4.23,7,3.19,3.1,146.7,150,0.0,,50,44
2026-09-02T23:00,48,harmonie,9,23,0,0.0,3.0,5,1.0,0.0,315,0,,,95,0
2026-09-02T23:00,48,metno,9,23,0,0.0,5.4,5,2.8,0.0,74.4,0,0.0,,99.2,0
2026-09-03T00:00,24,dmi,9,0,65.0,0.5,3.5,3.1,2.4,0.5,324,65.0,0.0,,28,19
2026-09-03T00:00,24,knmi,9,0,65.0,0.5,3.5,3.1,2.3,0.5,323,65.0,0.0,,28,19
2026-09-03T00:00,24,ecmwf,9,0,65.0,0.5,5.6,3.1,1.0,0.5,354,65.0,0.0,,100,19
2026-09-03T00:00,24,icon,9,0,65.0,0.5,5.1,3.1,1.65,0.5,346,65.0,0.0,,99,19
2026-09-03T00:00,24,ukmo,9,0,65.0,0.5,4.7,3.1,1.0,0.5,338,65.0,0.0,,100,19
2026-09-03T00:00,24,mfr,9,0,65.0,0.5,5.3,3.1,1.8,0.5,109,65.0,0.0,,65,19
2026-09-03T00:00,24,gfs,9,0,65.0,0.5,4.6,3.1,2.06,0.5,104,65.0,0.0,,100,19
2026-09-03T00:00,24,harmonie,9,0,65.0,0.5,4.0,3.1,2.0,0.5,0,65.0,,,95,19
2026-09-03T00:00,24,metno,9,0,65.0,0.5,5.6,3.1,1.4,0.5,351.4,65.0,0.0,,89.8,19
2026-09-03T00:00,24,jolly,9,0,65.0,0.5,4.93,3.1,3.06,0.5,26.8,65.0,0.0,,50,19
2026-09-03T00:00,6,dmi,9,0,65.0,0.5,3.6,3.1,1.8,0.5,358,65.0,0.0,,100,19
2026-09-03T00:00,6,knmi,9,0,65.0,0.5,4.6,3.1,2.1,0.5,322,65.0,0.0,,80,19
2026-09-03T00:00,6,ecmwf,9,0,65.0,0.5,5.4,3.1,1.12,0.5,10,65.0,0.0,,100,19
2026-09-03T00:00,6,icon,9,0,65.0,0.5,4.2,3.1,0.5,0.5,53,65.0,0.0,,99,19
2026-09-03T00:00,6,ukmo,9,0,65.0,0.5,4.9,3.1,1.6,0.5,29,65.0,0.0,,89,19
2026-09-03T00:00,6,mfr,9,0,65.0,0.5,5.0,3.1,1.97,0.5,120,65.0,0.0,,90,19
2026-09-03T00:00,6,gfs,9,0,65.0,0.5,3.9,3.1,1.56,0.5,135,65.0,0.0,,100,19
2026-09-03T00:00,6,harmonie,9,0,65.0,0.5,2.0,3.1,2.0,0.5,337.5,65.0,,,95,19
2026-09-03T00:00,6,metno,9,0,65.0,0.5,5.3,3.1,1.6,0.5,359.4,65.0,0.0,,97.7,19
2026-09-03T00:00,6,jolly,9,0,65.0,0.5,2.68,3.1,3.09,0.5,4.2,65.0,0.0,,50,19
2026-09-03T00:00,3,dmi,9,0,65.0,0.5,3.4,3.1,2.1,0.5,47,65.0,0.0,,50,19
2026-09-03T00:00,3,knmi,9,0,65.0,0.5,4.1,3.1,1.6,0.5,1,65.0,0.0,,95,19
2026-09-03T00:00,3,ecmwf,9,0,65.0,0.5,5.7,3.1,0.6,0.5,360,65.0,0.0,,100,19
2026-09-03T00:00,3,icon,9,0,65.0,0.5,4.1,3.1,0.5,0.5,53,65.0,0.0,,75,19
2026-09-03T00:00,3,ukmo,9,0,65.0,0.5,4.2,3.1,1.1,0.5,3,65.0,0.0,,97,19
2026-09-03T00:00,3,mfr,9,0,65.0,0.5,5.0,3.1,1.97,0.5,120,65.0,0.0,,90,19
2026-09-03T00:00,3,gfs,9,0,65.0,0.5,3.9,3.1,1.56,0.5,135,65.0,0.0,,100,19
2026-09-03T00:00,3,harmonie,9,0,65.0,0.5,2.0,3.1,1.0,0.5,315,65.0,,,95,19
2026-09-03T00:00,3,metno,9,0,65.0,0.5,5.8,3.1,1.1,0.5,356.2,65.0,0.0,,89.8,19
2026-09-03T00:00,3,jolly,9,0,65.0,0.5,3.47,3.1,1.14,0.5,48.4,65.0,0.0,,52,19
2026-09-02T22:00,1,dmi,9,22,130,3.1,5.0,6,1.2,3.1,246,130,0.0,,100,100
2026-09-02T22:00,1,knmi,9,22,130,3.1,5.2,6,3.8,3.1,117,130,0.0,,100,100
2026-09-02T22:00,1,ecmwf,9,22,130,3.1,5.4,6,0.45,3.1,153,130,0.0,,100,100
2026-09-02T22:00,1,icon,9,22,130,3.1,4.5,6,1.17,3.1,149,130,0.0,,99,100
2026-09-02T22:00,1,ukmo,9,22,130,3.1,4.7,6,2.1,3.1,113,130,0.0,,100,100
2026-09-02T22:00,1,mfr,9,22,130,3.1,5.2,6,3.22,3.1,120,130,0.0,,99,100
2026-09-02T22:00,1,gfs,9,22,130,3.1,3.9,6,2.16,3.1,146,130,0.0,,100,100
2026-09-02T22:00,1,harmonie,9,22,130,3.1,3.0,6,1.0,3.1,225,130,,,95,100
2026-09-02T22:00,1,metno,9,22,130,3.1,5.8,6,1.4,3.1,150.1,130,0.0,,97.7,100
2026-09-02T22:00,1,jolly,9,22,130,3.1,4.0,6,2.77,3.1,143.7,130,0.0,,49,100
2026-09-03T04:00,48,dmi,9,4,41.0,1.1,4.7,3.5,2.5,1.1,5,41.0,0.0,,100,
2026-09-03T04:00,48,knmi,9,4,41.0,1.1,4.8,3.5,2.5,1.1,345,41.0,0.0,,100,
2026-09-03T04:00,48,ecmwf,9,4,41.0,1.1,4.8,3.5,1.41,1.1,8,41.0,0.1,,100,
2026-09-03T04:00,48,icon,9,4,41.0,1.1,6.3,3.5,3.03,1.1,352,41.0,0.4,,99,
2026-09-03T04:00,48,ukmo,9,4,41.0,1.1,5.0,3.5,0.4,1.1,8,41.0,0.2,,100,
2026-09-03T04:00,48,mfr,9,4,41.0,1.1,4.9,3.5,3.0,1.1,360,41.0,0.0,,100,
2026-09-03T04:00,48,gfs,9,4,41.0,1.1,5.6,3.5,1.93,1.1,69,41.0,0.0,,100,
2026-09-03T04:00,48,harmonie,9,4,41.0,1.1,5.0,3.5,3.0,1.1,337.5,41.0,,,95,
2026-09-03T04:00,48,metno,9,4,41.0,1.1,5.0,3.5,1.7,1.1,356.0,41.0,0.2,,100.0,
2026-09-03T04:00,48,jolly,9,4,41.0,1.1,7.58,3.5,2.86,1.1,351.4,41.0,0.04,,60,
2026-09-03T04:00,24,dmi,9,4,41.0,1.1,4.3,3.5,1.9,1.1,2,41.0,0.0,,100,
2026-09-03T04:00,24,knmi,9,4,41.0,1.1,4.4,3.5,2.0,1.1,3,41.0,0.0,,99,
2026-09-03T04:00,24,ecmwf,9,4,41.0,1.1,5.4,3.5,1.71,1.1,339,41.0,0.2,,89,
2026-09-03T04:00,24,icon,9,4,41.0,1.1,5.4,3.5,1.43,1.1,335,41.0,0.0,,100,
2026-09-03T04:00,24,ukmo,9,4,41.0,1.1,4.9,3.5,0.7,1.1,5,41.0,0.0,,100,
2026-09-03T04:00,24,mfr,9,4,41.0,1.1,5.0,3.5,3.0,1.1,360,41.0,0.0,,56,
2026-09-03T04:00,24,gfs,9,4,41.0,1.1,5.3,3.5,2.02,1.1,70,41.0,0.0,,100,
2026-09-03T04:00,24,harmonie,9,4,41.0,1.1,3.0,3.5,2.0,1.1,22.5,41.0,,,95,
2026-09-03T04:00,24,metno,9,4,41.0,1.1,5.8,3.5,2.5,1.1,332.1,41.0,0.4,,100.0,
2026-09-03T04:00,24,jolly,9,4,41.0,1.1,4.46,3.5,3.16,1.1,26.3,41.0,0.01,,54,
2026-09-03T02:00,12,dmi,9,2,70,2.1,5.3,3,1.7,2.1,322,70,0.1,,100,75
2026-09-03T02:00,12,knmi,9,2,70,2.1,4.9,3,2.1,2.1,331,70,0.0,,45,75
2026-09-03T02:00,12,ecmwf,9,2,70,2.1,5.4,3,1.7,2.1,357,70,0.0,,93,75
2026-09-03T02:00,12,icon,9,2,70,2.1,4.6,3,1.43,2.1,348,70,0.0,,97,75
2026-09-03T02:00,12,ukmo,9,2,70,2.1,4.7,3,1.2,2.1,39,70,0.1,,100,75
2026-09-03T02:00,12,mfr,9,2,70,2.1,5.0,3,1.36,2.1,36,70,0.0,,70,75
2026-09-03T02:00,12,gfs,9,2,70,2.1,3.9,3,1.52,2.1,113,70,0.0,,100,75
2026-09-03T02:00,12,harmonie,9,2,70,2.1,3.0,3,2.0,2.1,337.5,70,,,95,75
2026-09-03T02:00,12,metno,9,2,70,2.1,5.6,3,1.7,2.1,340.9,70,0.0,,97.7,75
2026-09-03T02:00,12,jolly,9,2,70,2.1,3.14,3,2.85,2.1,37.7,70,0.03,,52,75
2026-09-03T03:00,6,dmi,9,3,,1.5,3.5,4,1.8,1.5,341,,0.0,,100,75
2026-09-03T03:00,6,knmi,9,3,,1.5,3.5,4,2.2,1.5,6,,0.0,,95,75
2026-09-03T03:00,6,ecmwf,9,3,,1.5,5.6,4,2.0,1.5,357,,0.0,,100,75
2026-09-03T03:00,6,icon,9,3,,1.5,4.4,4,1.33,1.5,347,,0.0,,89,75
2026-09-03T03:00,6,ukmo,9,3,,1.5,4.6,4,0.9,1.5,56,,0.1,,92,75
2026-09-03T03:00,6,mfr,9,3,,1.5,4.8,4,2.8,1.5,358,,0.0,,92,75
2026-09-03T03:00,6,gfs,9,3,,1.5,2.7,4,1.33,1.5,103,,0.0,,91,75
2026-09-03T03:00,6,harmonie,9,3,,1.5,3.0,4,2.0,1.5,0,,,,95,75
2026-09-03T03:00,6,metno,9,3,,1.5,5.7,4,2.0,1.5,352.2,,0.0,,97.7,75
2026-09-03T03:00,6,jolly,9,3,,1.5,3.04,4,3.29,1.5,3.1,,0.01,,48,75
2026-09-03T03:00,3,dmi,9,3,,1.5,4.2,4,1.5,1.5,346,,0.0,,98,75
2026-09-03T03:00,3,knmi,9,3,,1.5,4.2,4,1.5,1.5,345,,0.0,,98,75
2026-09-03T03:00,3,ecmwf,9,3,,1.5,5.6,4,2.0,1.5,357,,0.0,,100,75
2026-09-03T03:00,3,icon,9,3,,1.5,4.4,4,1.33,1.5,347,,0.0,,92,75
2026-09-03T03:00,3,ukmo,9,3,,1.5,4.6,4,0.9,1.5,56,,0.1,,92,75
2026-09-03T03:00,3,mfr,9,3,,1.5,4.9,4,2.28,1.5,345,,0.0,,43,75
2026-09-03T03:00,3,gfs,9,3,,1.5,2.5,4,1.3,1.5,90,,0.0,,79,75
2026-09-03T03:00,3,harmonie,9,3,,1.5,3.0,4,3.0,1.5,0,,,,95,75
2026-09-03T03:00,3,metno,9,3,,1.5,5.7,4,2.0,1.5,352.2,,0.0,,97.7,75
2026-09-03T03:00,3,jolly,9,3,,1.5,3.65,4,3.35,1.5,28.1,,0.01,,54,75
2026-09-03T01:00,1,dmi,9,1,30,1.0,4.0,3,1.7,1.0,51,30,0.0,,100,75
2026-09-03T01:00,1,knmi,9,1,30,1.0,4.0,3,1.7,1.0,50,30,0.0,,100,75
2026-09-03T01:00,1,ecmwf,9,1,30,1.0,5.7,3,1.1,1.0,355,30,0.0,,100,75
2026-09-03T01:00,1,icon,9,1,30,1.0,4.1,3,0.8,1.0,360,30,0.0,,74,75
2026-09-03T01:00,1,ukmo,9,1,30,1.0,4.4,3,1.4,1.0,22,30,0.0,,95,75
2026-09-03T01:00,1,mfr,9,1,30,1.0,4.8,3,0.63,1.0,252,30,0.0,,74,75
2026-09-03T01:00,1,gfs,9,1,30,1.0,3.4,3,1.44,1.0,124,30,0.0,,83,75
2026-09-03T01:00,1,harmonie,9,1,30,1.0,3.0,3,2.0,1.0,0,30,,,95,75
2026-09-03T01:00,1,metno,9,1,30,1.0,5.6,3,1.4,1.0,357.2,30,0.0,,97.7,75
2026-09-03T01:00,1,jolly,9,1,30,1.0,4.07,3,2.9,1.0,357.7,30,0.0,,55,75
2026-09-03T09:00,48,dmi,9,9,30.0,2.4,7.4,6.1,1.4,2.4,328,30.0,0.0,,100,100
2026-09-03T09:00,48,knmi,9,9,30.0,2.4,7.4,6.1,1.4,2.4,327,30.0,0.0,,100,100
2026-09-03T09:00,48,ecmwf,9,9,30.0,2.4,6.8,6.1,1.7,2.4,360,30.0,0.1,,100,100
2026-09-03T09:00,48,icon,9,9,30.0,2.4,7.5,6.1,2.61,2.4,356,30.0,0.7,,99,100
2026-09-03T09:00,48,ukmo,9,9,30.0,2.4,6.8,6.1,1.0,2.4,63,30.0,0.2,,100,100
2026-09-03T09:00,48,mfr,9,9,30.0,2.4,6.0,6.1,1.02,2.4,11,30.0,0.1,,100,100
2026-09-03T09:00,48,gfs,9,9,30.0,2.4,6.7,6.1,2.08,2.4,55,30.0,0.0,,100,100
2026-09-03T09:00,48,harmonie,9,9,30.0,2.4,6.0,6.1,3.0,2.4,337.5,30.0,,,90,100
2026-09-03T09:00,48,metno,9,9,30.0,2.4,7.2,6.1,2.0,2.4,354.6,30.0,0.0,,99.2,100
2026-09-03T09:00,48,jolly,9,9,30.0,2.4,9.29,6.1,2.45,2.4,354.0,30.0,0.06,,62,100
2026-09-03T09:00,24,dmi,9,9,30.0,2.4,8.2,6.1,1.7,2.4,332,30.0,0.0,,100,100
2026-09-03T09:00,24,knmi,9,9,30.0,2.4,8.2,6.1,1.6,2.4,331,30.0,0.0,,100,100
2026-09-03T09:00,24,ecmwf,9,9,30.0,2.4,7.1,6.1,1.71,2.4,339,30.0,0.1,,100,100
2026-09-03T09:00,24,icon,9,9,30.0,2.4,6.9,6.1,1.77,2.4,344,30.0,0.1,,100,100
2026-09-03T09:00,24,ukmo,9,9,30.0,2.4,6.9,6.1,0.3,2.4,338,30.0,0.0,,100,100
2026-09-03T09:00,24,mfr,9,9,30.0,2.4,5.2,6.1,2.12,2.4,352,30.0,0.1,,100,100
2026-09-03T09:00,24,gfs,9,9,30.0,2.4,5.9,6.1,2.26,2.4,45,30.0,0.0,,100,100
2026-09-03T09:00,24,harmonie,9,9,30.0,2.4,7.0,6.1,2.0,2.4,337.5,30.0,,,95,100
2026-09-03T09:00,24,metno,9,9,30.0,2.4,7.3,6.1,2.5,2.4,332.0,30.0,0.2,,100.0,100
2026-09-03T09:00,24,jolly,9,9,30.0,2.4,6.44,6.1,2.85,2.4,5.9,30.0,0.02,,56,100
2026-09-03T09:00,12,dmi,9,9,30.0,2.4,8.0,6.1,2.0,2.4,342,30.0,0.1,,100,100
2026-09-03T09:00,12,knmi,9,9,30.0,2.4,8.5,6.1,1.7,2.4,355,30.0,0.0,,100,100
2026-09-03T09:00,12,ecmwf,9,9,30.0,2.4,7.0,6.1,2.5,2.4,2,30.0,0.2,,100,100
2026-09-03T09:00,12,icon,9,9,30.0,2.4,6.7,6.1,2.47,2.4,339,30.0,0.1,,100,100
2026-09-03T09:00,12,ukmo,9,9,30.0,2.4,6.2,6.1,0.2,2.4,45,30.0,0.2,,100,100
2026-09-03T09:00,12,mfr,9,9,30.0,2.4,5.2,6.1,2.12,2.4,352,30.0,0.1,,100,100
2026-09-03T09:00,12,gfs,9,9,30.0,2.4,6.6,6.1,1.42,2.4,51,30.0,0.0,,100,100
2026-09-03T09:00,12,harmonie,9,9,30.0,2.4,7.0,6.1,3.0,2.4,337.5,30.0,,,95,100
2026-09-03T09:00,12,metno,9,9,30.0,2.4,7.3,6.1,4.0,2.4,355.5,30.0,0.3,,100.0,100
2026-09-03T09:00,12,jolly,9,9,30.0,2.4,5.79,6.1,3.32,2.4,1.9,30.0,0.07,,54,100
2026-09-03T06:00,12,dmi,9,6,10,2.6,4.7,4,1.5,2.6,353,10,0.0,,100,75
2026-09-03T06:00,12,knmi,9,6,10,2.6,5.5,4,1.5,2.6,343,10,0.0,,100,75
2026-09-03T06:00,12,ecmwf,9,6,10,2.6,5.7,4,1.9,2.6,342,10,0.0,,100,75
2026-09-03T06:00,12,icon,9,6,10,2.6,5.1,4,1.66,2.6,335,10,0.0,,98,75
2026-09-03T06:00,12,ukmo,9,6,10,2.6,4.8,4,0.3,2.6,104,10,0.2,,86,75
2026-09-03T06:00,12,mfr,9,6,10,2.6,5.1,4,2.21,2.6,5,10,0.0,,100,75
2026-09-03T06:00,12,gfs,9,6,10,2.6,4.4,4,1.5,2.6,90,10,0.0,,100,75
2026-09-03T06:00,12,harmonie,9,6,10,2.6,4.0,4,2.0,2.6,337.5,10,,,95,75
2026-09-03T06:00,12,metno,9,6,10,2.6,5.9,4,2.6,2.6,336.1,10,0.3,,100.0,75
2026-09-03T06:00,12,jolly,9,6,10,2.6,3.52,4,2.88,2.6,4.5,10,0.02,,53,75
2026-09-03T06:00,6,dmi,9,6,10,2.6,3.5,4,1.4,2.6,354,10,0.0,,96,75
2026-09-03T06:00,6,knmi,9,6,10,2.6,3.5,4,1.4,2.6,353,10,0.0,,96,75
2026-09-03T06:00,6,ecmwf,9,6,10,2.6,5.7,4,1.92,2.6,351,10,0.0,,100,75
2026-09-03T06:00,6,icon,9,6,10,2.6,5.2,4,1.75,2.6,336,10,0.0,,93,75
2026-09-03T06:00,6,ukmo,9,6,10,2.6,4.0,4,0.4,2.6,9,10,0.0,,100,75
2026-09-03T06:00,6,mfr,9,6,10,2.6,4.8,4,3.0,2.6,358,10,0.0,,100,75
2026-09-03T06:00,6,gfs,9,6,10,2.6,4.7,4,1.39,2.6,69,10,0.0,,100,75
2026-09-03T06:00,6,harmonie,9,6,10,2.6,5.0,4,3.0,2.6,337.5,10,,,95,75
2026-09-03T06:00,6,metno,9,6,10,2.6,6.1,4,2.7,2.6,342.4,10,0.0,,100.0,75
2026-09-03T06:00,6,jolly,9,6,10,2.6,3.68,4,3.33,2.6,6.6,10,0.0,,48,75
2026-09-03T05:00,1,dmi,9,5,20,2.1,3.6,4,1.3,2.1,333,20,0.0,,97,75
2026-09-03T05:00,1,knmi,9,5,20,2.1,3.5,4,1.7,2.1,338,20,0.0,,96,75
2026-09-03T05:00,1,ecmwf,9,5,20,2.1,5.6,4,1.55,2.1,345,20,0.1,,83,75
2026-09-03T05:00,1,icon,9,5,20,2.1,4.9,4,1.66,2.1,335,20,0.0,,95,75
2026-09-03T05:00,1,ukmo,9,5,20,2.1,3.3,4,0.3,2.1,292,20,0.0,,73,75
2026-09-03T05:00,1,mfr,9,5,20,2.1,5.2,4,2.83,2.1,352,20,0.0,,69,75
2026-09-03T05:00,1,gfs,9,5,20,2.1,3.7,4,1.75,2.1,66,20,0.0,,100,75
2026-09-03T05:00,1,harmonie,9,5,20,2.1,4.0,4,3.0,2.1,337.5,20,,,95,75
2026-09-03T05:00,1,metno,9,5,20,2.1,5.8,4,2.5,2.1,334.5,20,0.1,,100.0,75
2026-09-03T05:00,1,jolly,9,5,20,2.1,3.97,4,3.44,2.1,334.8,20,0.0,,49,75
2026-09-03T07:00,3,dmi,9,7,20,2.6,4.1,4,1.5,2.6,353,20,0.1,,100,75
2026-09-03T07:00,3,knmi,9,7,20,2.6,4.1,4,2.0,2.6,341,20,0.0,,36,75
2026-09-03T07:00,3,ecmwf,9,7,20,2.6,6.0,4,1.99,2.6,342,20,0.3,,100,75
2026-09-03T07:00,3,icon,9,7,20,2.6,5.5,4,1.84,2.6,331,20,0.0,,100,75
2026-09-03T07:00,3,ukmo,9,7,20,2.6,4.4,4,0.1,2.6,180,20,0.0,,73,75
2026-09-03T07:00,3,mfr,9,7,20,2.6,5.3,4,2.8,2.6,360,20,0.0,,89,75
2026-09-03T07:00,3,gfs,9,7,20,2.6,5.7,4,1.04,2.6,73,20,0.0,,100,75
2026-09-03T07:00,3,harmonie,9,7,20,2.6,5.0,4,3.0,2.6,337.5,20,,,95,75
2026-09-03T07:00,3,metno,9,7,20,2.6,6.4,4,3.5,2.6,348.0,20,0.3,,100.0,75
2026-09-03T07:00,3,jolly,9,7,20,2.6,4.43,4,3.57,2.6,16.3,20,0.03,,50,75
2026-09-03T14:00,48,dmi,9,14,294.0,2.5,9.3,11.4,0.98,2.5,116,294.0,0.08,,94,75
2026-09-03T14:00,48,knmi,9,14,294.0,2.5,8.7,11.4,2.1,2.5,320,294.0,0.2,,100,75
2026-09-03T14:00,48,ecmwf,9,14,294.0,2.5,8.9,11.4,1.03,2.5,61,294.0,0.1,,76,75
2026-09-03T14:00,48,icon,9,14,294.0,2.5,10.4,11.4,2.42,2.5,97,294.0,0.2,,85,75
2026-09-03T14:00,48,ukmo,9,14,294.0,2.5,10.2,11.4,3.3,2.5,123,294.0,0.1,,48,75
2026-09-03T14:00,48,mfr,9,14,294.0,2.5,6.7,11.4,3.18,2.5,347,294.0,0.0,,100,75
2026-09-03T14:00,48,gfs,9,14,294.0,2.5,8.5,11.4,1.91,2.5,96,294.0,0.0,,100,75
2026-09-03T14:00,48,harmonie,9,14,294.0,2.5,10.0,11.4,1.0,2.5,157.5,294.0,,,95,75
2026-09-03T14:00,48,metno,9,14,294.0,2.5,9.1,11.4,2.3,2.5,86.6,294.0,0.0,,93.7,75
2026-09-03T14:00,48,jolly,9,14,294.0,2.5,11.42,11.4,2.66,2.5,72.5,294.0,0.08,,57,75
2026-09-03T14:00,24,dmi,9,14,294.0,2.5,9.7,11.4,1.4,2.5,69,294.0,0.0,,100,75
2026-09-03T14:00,24,knmi,9,14,294.0,2.5,9.1,11.4,1.3,2.5,71,294.0,0.1,,100,75
2026-09-03T14:00,24,ecmwf,9,14,294.0,2.5,8.7,11.4,2.2,2.5,357,294.0,0.8,,100,75
2026-09-03T14:00,24,icon,9,14,294.0,2.5,10.0,11.4,1.68,2.5,73,294.0,0.2,,91,75
2026-09-03T14:00,24,ukmo,9,14,294.0,2.5,10.0,11.4,1.4,2.5,80,294.0,0.3,,100,75
2026-09-03T14:00,24,mfr,9,14,294.0,2.5,8.5,11.4,3.71,2.5,357,294.0,0.0,,100,75
2026-09-03T14:00,24,gfs,9,14,294.0,2.5,8.0,11.4,1.22,2.5,81,294.0,0.1,,100,75
2026-09-03T14:00,24,harmonie,9,14,294.0,2.5,10.0,11.4,2.0,2.5,337.5,294.0,,,90,75
2026-09-03T14:00,24,metno,9,14,294.0,2.5,8.9,11.4,3.6,2.5,4.6,294.0,0.9,,100.0,75
2026-09-03T14:00,24,jolly,9,14,294.0,2.5,8.4,11.4,2.09,2.5,18.3,294.0,0.1,,59,75
2026-09-03T12:00,12,dmi,9,12,,1.5,9.2,9,2.0,1.5,79,,0.1,,100,100
2026-09-03T12:00,12,knmi,9,12,,1.5,9.2,9,2.0,1.5,78,,0.1,,100,100
2026-09-03T12:00,12,ecmwf,9,12,,1.5,7.8,9,2.81,1.5,356,,0.5,,100,100
2026-09-03T12:00,12,icon,9,12,,1.5,9.0,9,2.7,1.5,2,,0.1,,100,100
2026-09-03T12:00,12,ukmo,9,12,,1.5,9.6,9,1.8,1.5,44,,0.3,,100,100
2026-09-03T12:00,12,mfr,9,12,,1.5,7.9,9,3.7,1.5,360,,0.0,,100,100
2026-09-03T12:00,12,gfs,9,12,,1.5,8.4,9,2.97,1.5,45,,0.0,,100,100
2026-09-03T12:00,12,harmonie,9,12,,1.5,9.0,9,3.0,1.5,0,,,,90,100
2026-09-03T12:00,12,metno,9,12,,1.5,8.2,9,3.9,1.5,351.8,,1.0,,100.0,100
2026-09-03T12:00,12,jolly,9,12,,1.5,7.46,9,3.85,1.5,24.1,,0.1,,59,100
2026-09-03T12:00,3,dmi,9,12,,1.5,9.0,9,1.7,1.5,76,,0.2,,100,100
2026-09-03T12:00,3,knmi,9,12,,1.5,8.9,9,1.7,1.5,107,,0.2,,100,100
2026-09-03T12:00,3,ecmwf,9,12,,1.5,8.3,9,2.8,1.5,360,,0.4,,100,100
2026-09-03T12:00,3,icon,9,12,,1.5,8.7,9,2.5,1.5,344,,0.4,,100,100
2026-09-03T12:00,3,ukmo,9,12,,1.5,10.6,9,1.6,1.5,79,,0.2,,100,100
2026-09-03T12:00,3,mfr,9,12,,1.5,8.2,9,3.9,1.5,359,,0.1,,100,100
2026-09-03T12:00,3,gfs,9,12,,1.5,8.9,9,3.36,1.5,53,,0.1,,100,100
2026-09-03T12:00,3,harmonie,9,12,,1.5,10.0,9,1.0,1.5,45,,,,90,100
2026-09-03T12:00,3,metno,9,12,,1.5,8.7,9,3.9,1.5,359.2,,0.6,,100.0,100
2026-09-03T12:00,3,jolly,9,12,,1.5,8.33,9,4.06,1.5,53.3,,0.15,,55,100
2026-09-03T10:00,6,dmi,9,10,0,0.0,9.4,7,1.7,0.0,64,0,0.1,,100,100
2026-09-03T10:00,6,knmi,9,10,0,0.0,8.5,7,1.6,0.0,29,0,0.1,,100,100
2026-09-03T10:00,6,ecmwf,9,10,0,0.0,7.5,7,2.92,0.0,354,0,0.5,,100,100
2026-09-03T10:00,6,icon,9,10,0,0.0,7.5,7,2.35,0.0,348,0,0.2,,100,100
2026-09-03T10:00,6,ukmo,9,10,0,0.0,7.7,7,0.5,0.0,330,0,0.1,,100,100
2026-09-03T10:00,6,mfr,9,10,0,0.0,7.2,7,3.5,0.0,358,0,0.0,,100,100
2026-09-03T10:00,6,gfs,9,10,0,0.0,6.4,7,2.14,0.0,37,0,0.0,,100,100
2026-09-03T10:00,6,harmonie,9,10,0,0.0,8.0,7,3.0,0.0,337.5,0,,,90,100
2026-09-03T10:00,6,metno,9,10,0,0.0,7.8,7,4.6,0.0,355.8,0,0.4,,100.0,100
2026-09-03T10:00,6,jolly,9,10,0,0.0,7.23,7,3.9,0.0,17.4,0,0.08,,54,100
2026-09-03T10:00,1,dmi,9,10,0,0.0,9.3,7,1.7,0.0,64,0,0.0,,100,100
2026-09-03T10:00,1,knmi,9,10,0,0.0,8.4,7,1.6,0.0,29,0,0.1,,100,100
2026-09-03T10:00,1,ecmwf,9,10,0,0.0,7.4,7,2.42,0.0,353,0,0.4,,100,100
2026-09-03T10:00,1,icon,9,10,0,0.0,7.4,7,2.09,0.0,343,0,0.3,,100,100
2026-09-03T10:00,1,ukmo,9,10,0,0.0,7.5,7,0.3,0.0,11,0,0.1,,100,100
2026-09-03T10:00,1,mfr,9,10,0,0.0,7.2,7,3.5,0.0,358,0,0.0,,100,100
2026-09-03T10:00,1,gfs,9,10,0,0.0,7.8,7,2.97,0.0,45,0,0.0,,100,100
2026-09-03T10:00,1,harmonie,9,10,0,0.0,8.0,7,3.0,0.0,337.5,0,,,90,100
2026-09-03T10:00,1,metno,9,10,0,0.0,7.8,7,3.1,0.0,352.9,0,0.4,,100.0,100
2026-09-03T10:00,1,jolly,9,10,0,0.0,7.52,7,3.89,0.0,12.0,0,0.06,,55,100
2026-09-03T18:00,48,dmi,9,18,116.0,2.2,10.0,10.9,0.6,2.2,298,116.0,0.0,,100,75
2026-09-03T18:00,48,knmi,9,18,116.0,2.2,10.0,10.9,0.6,2.2,297,116.0,0.0,,100,75
2026-09-03T18:00,48,ecmwf,9,18,116.0,2.2,9.2,10.9,0.92,2.2,49,116.0,0.0,,84,75
2026-09-03T18:00,48,icon,9,18,116.0,2.2,8.7,10.9,2.7,2.2,39,116.0,0.0,,97,75
2026-09-03T18:00,48,ukmo,9,18,116.0,2.2,10.1,10.9,3.3,2.2,109,116.0,0.0,,59,75
2026-09-03T18:00,48,mfr,9,18,116.0,2.2,9.8,10.9,2.4,2.2,73,116.0,0.0,,77,75
2026-09-03T18:00,48,gfs,9,18,116.0,2.2,7.8,10.9,1.53,2.2,79,116.0,0.0,,100,75
2026-09-03T18:00,48,harmonie,9,18,116.0,2.2,9.0,10.9,1.0,2.2,67.5,116.0,,,95,75
2026-09-03T18:00,48,metno,9,18,116.0,2.2,9.2,10.9,2.2,2.2,14.6,116.0,0.0,,100.0,75
2026-09-03T18:00,48,jolly,9,18,116.0,2.2,11.26,10.9,2.76,2.2,28.4,116.0,0.0,,53,75
2026-09-03T18:00,24,dmi,9,18,116.0,2.2,9.0,10.9,4.0,2.2,100,116.0,0.5,,100,75
2026-09-03T18:00,24,knmi,9,18,116.0,2.2,8.8,10.9,2.2,2.2,358,116.0,0.1,,100,75
2026-09-03T18:00,24,ecmwf,9,18,116.0,2.2,8.7,10.9,2.51,2.2,355,116.0,0.6,,100,75
2026-09-03T18:00,24,icon,9,18,116.0,2.2,9.5,10.9,2.46,2.2,27,116.0,0.0,,88,75
2026-09-03T18:00,24,ukmo,9,18,116.0,2.2,9.3,10.9,3.2,2.2,102,116.0,0.1,,80,75
2026-09-03T18:00,24,mfr,9,18,116.0,2.2,8.1,10.9,2.16,2.2,77,116.0,0.1,,100,75
2026-09-03T18:00,24,gfs,9,18,116.0,2.2,8.0,10.9,2.33,2.2,59,116.0,0.0,,100,75
2026-09-03T18:00,24,harmonie,9,18,116.0,2.2,9.0,10.9,1.0,2.2,0,116.0,,,90,75
2026-09-03T18:00,24,metno,9,18,116.0,2.2,8.9,10.9,3.2,2.2,354.7,116.0,0.6,,100.0,75
2026-09-03T18:00,24,jolly,9,18,116.0,2.2,7.8,10.9,2.56,2.2,29.4,116.0,0.17,,57,75
2026-09-03T16:00,12,dmi,9,16,70,4.1,8.9,11,1.6,4.1,69,70,0.3,,100,100
2026-09-03T16:00,12,knmi,9,16,70,4.1,9.7,11,1.7,4.1,49,70,0.0,,100,100
2026-09-03T16:00,12,ecmwf,9,16,70,4.1,9.2,11,2.31,4.1,18,70,0.2,,99,100
2026-09-03T16:00,12,icon,9,16,70,4.1,9.9,11,2.66,4.1,34,70,0.1,,100,100
2026-09-03T16:00,12,ukmo,9,16,70,4.1,10.1,11,1.8,4.1,86,70,0.1,,100,100
2026-09-03T16:00,12,mfr,9,16,70,4.1,10.1,11,2.86,4.1,25,70,0.0,,85,100
2026-09-03T16:00,12,gfs,9,16,70,4.1,8.1,11,1.94,4.1,78,70,0.2,,100,100
2026-09-03T16:00,12,harmonie,9,16,70,4.1,9.0,11,1.0,4.1,67.5,70,,,95,100
2026-09-03T16:00,12,metno,9,16,70,4.1,9.2,11,4.1,4.1,19.8,70,0.2,,99.2,100
2026-09-03T16:00,12,jolly,9,16,70,4.1,8.0,11,2.23,4.1,60.4,70,0.1,,53,100
2026-09-03T15:00,6,dmi,9,15,,1.5,9.3,12,1.2,1.5,48,,0.1,,100,75
2026-09-03T15:00,6,knmi,9,15,,1.5,9.1,12,1.3,1.5,88,,0.1,,100,75
2026-09-03T15:00,6,ecmwf,9,15,,1.5,9.1,12,2.01,1.5,6,,0.8,,100,75
2026-09-03T15:00,6,icon,9,15,,1.5,9.8,12,1.88,1.5,25,,0.4,,85,75
2026-09-03T15:00,6,ukmo,9,15,,1.5,11.3,12,3.2,1.5,105,,0.1,,100,75
2026-09-03T15:00,6,mfr,9,15,,1.5,9.8,12,3.32,1.5,16,,0.0,,100,75
2026-09-03T15:00,6,gfs,9,15,,1.5,8.6,12,3.76,1.5,50,,0.2,,100,75
2026-09-03T15:00,6,harmonie,9,15,,1.5,9.0,12,1.0,1.5,67.5,,,,90,75
2026-09-03T15:00,6,metno,9,15,,1.5,9.2,12,3.5,1.5,0.6,,0.4,,99.2,75
2026-09-03T15:00,6,jolly,9,15,,1.5,8.88,12,2.09,1.5,53.6,,0.11,,53,75
2026-09-03T15:00,1,dmi,9,15,,1.5,9.3,12,1.3,1.5,61,,0.0,,100,75
2026-09-03T15:00,1,knmi,9,15,,1.5,9.8,12,1.0,1.5,82,,0.1,,100,75
2026-09-03T15:00,1,ecmwf,9,15,,1.5,9.4,12,1.75,1.5,31,,0.8,,100,75
2026-09-03T15:00,1,icon,9,15,,1.5,9.7,12,2.26,1.5,13,,0.3,,100,75
2026-09-03T15:00,1,ukmo,9,15,,1.5,10.8,12,2.0,1.5,104,,0.1,,100,75
2026-09-03T15:00,1,mfr,9,15,,1.5,9.9,12,2.56,1.5,39,,0.1,,77,75
2026-09-03T15:00,1,gfs,9,15,,1.5,8.7,12,3.04,1.5,63,,0.5,,100,75
2026-09-03T15:00,1,harmonie,9,15,,1.5,9.0,12,1.0,1.5,112.5,,,,90,75
2026-09-03T15:00,1,metno,9,15,,1.5,9.6,12,3.9,1.5,30.7,,0.4,,100.0,75
2026-09-03T15:00,1,jolly,9,15,,1.5,9.08,12,1.81,1.5,57.2,,0.12,,56,75
2026-09-03T17:00,3,dmi,9,17,80,4.1,8.1,11,3.5,4.1,105,80,0.2,,100,75
2026-09-03T17:00,3,knmi,9,17,80,4.1,8.4,11,0.8,4.1,317,80,0.1,,100,75
2026-09-03T17:00,3,ecmwf,9,17,80,4.1,9.3,11,1.7,4.1,28,80,0.3,,70,75
2026-09-03T17:00,3,icon,9,17,80,4.1,9.9,11,2.14,4.1,53,80,0.0,,83,75
2026-09-03T17:00,3,ukmo,9,17,80,4.1,10.0,11,1.4,4.1,77,80,0.3,,100,75
2026-09-03T17:00,3,mfr,9,17,80,4.1,9.9,11,2.25,4.1,69,80,0.0,,73,75
2026-09-03T17:00,3,gfs,9,17,80,4.1,8.7,11,2.72,4.1,54,80,0.1,,100,75
2026-09-03T17:00,3,harmonie,9,17,80,4.1,9.0,11,1.0,4.1,22.5,80,,,95,75
2026-09-03T17:00,3,metno,9,17,80,4.1,9.2,11,3.6,4.1,10.0,80,0.2,,100.0,75
2026-09-03T17:00,3,jolly,9,17,80,4.1,8.45,11,1.91,4.1,63.2,80,0.11,,51,75
2026-09-03T21:00,48,harmonie,9,21,60.0,2.2,8.0,9.3,2.0,2.2,0,60.0,,,90,75
2026-09-03T21:00,48,metno,9,21,60.0,2.2,8.2,9.3,3.6,2.2,1.4,60.0,0.6,,100.0,75
2026-09-03T21:00,24,dmi,9,21,60.0,2.2,7.6,9.3,2.0,2.2,2,60.0,0.1,,100,75
2026-09-03T21:00,24,knmi,9,21,60.0,2.2,7.3,9.3,1.8,2.2,62,60.0,0.0,,100,75
2026-09-03T21:00,24,ecmwf,9,21,60.0,2.2,8.0,9.3,1.82,2.2,9,60.0,0.2,,55,75
2026-09-03T21:00,24,icon,9,21,60.0,2.2,7.9,9.3,2.09,2.2,17,60.0,0.1,,89,75
2026-09-03T21:00,24,ukmo,9,21,60.0,2.2,7.4,9.3,1.4,2.2,77,60.0,0.1,,53,75
2026-09-03T21:00,24,mfr,9,21,60.0,2.2,6.3,9.3,3.7,2.2,358,60.0,0.3,,90,75
2026-09-03T21:00,24,gfs,9,21,60.0,2.2,7.4,9.3,1.87,2.2,74,60.0,0.0,,100,75
2026-09-03T21:00,24,harmonie,9,21,60.0,2.2,6.0,9.3,4.0,2.2,337.5,60.0,,,95,75
2026-09-03T21:00,24,metno,9,21,60.0,2.2,7.9,9.3,3.2,2.2,8.3,60.0,0.1,,84.4,75
2026-09-03T21:00,24,jolly,9,21,60.0,2.2,6.22,9.3,3.16,2.2,6.4,60.0,0.08,,51,75
2026-09-03T21:00,12,dmi,9,21,60.0,2.2,7.9,9.3,5.8,2.2,100,60.0,0.2,,100,75
2026-09-03T21:00,12,knmi,9,21,60.0,2.2,7.0,9.3,6.3,2.2,102,60.0,0.2,,100,75
2026-09-03T21:00,12,ecmwf,9,21,60.0,2.2,8.3,9.3,1.4,2.2,4,60.0,0.1,,91,75
2026-09-03T21:00,12,icon,9,21,60.0,2.2,8.0,9.3,2.09,2.2,17,60.0,0.1,,94,75
2026-09-03T21:00,12,ukmo,9,21,60.0,2.2,8.3,9.3,2.1,2.2,93,60.0,0.2,,84,75
2026-09-03T21:00,12,mfr,9,21,60.0,2.2,7.4,9.3,3.31,2.2,355,60.0,0.1,,75,75
2026-09-03T21:00,12,gfs,9,21,60.0,2.2,8.0,9.3,2.55,2.2,64,60.0,0.3,,100,75
2026-09-03T21:00,12,harmonie,9,21,60.0,2.2,7.0,9.3,3.0,2.2,0,60.0,,,95,75
2026-09-03T21:00,12,metno,9,21,60.0,2.2,8.2,9.3,2.8,2.2,358.8,60.0,0.2,,98.4,75
2026-09-03T21:00,12,jolly,9,21,60.0,2.2,6.47,9.3,3.56,2.2,46.6,60.0,0.14,,56,75
2026-09-03T21:00,3,dmi,9,21,60.0,2.2,7.5,9.3,2.2,2.2,89,60.0,0.1,,100,75
2026-09-03T21:00,3,knmi,9,21,60.0,2.2,7.5,9.3,2.1,2.2,88,60.0,0.1,,100,75
2026-09-03T21:00,3,ecmwf,9,21,60.0,2.2,8.2,9.3,1.84,2.2,13,60.0,0.1,,100,75
2026-09-03T21:00,3,icon,9,21,60.0,2.2,7.8,9.3,2.05,2.2,47,60.0,0.3,,100,75
2026-09-03T21:00,3,ukmo,9,21,60.0,2.2,8.0,9.3,1.1,2.2,71,60.0,0.1,,97,75
2026-09-03T21:00,3,mfr,9,21,60.0,2.2,8.1,9.3,3.04,2.2,351,60.0,0.1,,78,75
2026-09-03T21:00,3,gfs,9,21,60.0,2.2,8.4,9.3,2.42,2.2,66,60.0,0.1,,100,75
2026-09-03T21:00,3,harmonie,9,21,60.0,2.2,7.0,9.3,3.0,2.2,337.5,60.0,,,95,75
2026-09-03T21:00,3,metno,9,21,60.0,2.2,8.2,9.3,3.3,2.2,7.1,60.0,0.0,,99.2,75
2026-09-03T21:00,3,jolly,9,21,60.0,2.2,7.63,9.3,2.23,2.2,63.1,60.0,0.08,,52,75
2026-09-03T20:00,6,dmi,9,20,80,4.6,7.2,10,2.6,4.6,86,80,0.4,,100,75
2026-09-03T20:00,6,knmi,9,20,80,4.6,7.3,10,1.5,4.6,125,80,0.0,,100,75
2026-09-03T20:00,6,ecmwf,9,20,80,4.6,8.5,10,1.77,4.6,16,80,0.1,,89,75
2026-09-03T20:00,6,icon,9,20,80,4.6,8.3,10,1.88,4.6,25,80,0.1,,92,75
2026-09-03T20:00,6,ukmo,9,20,80,4.6,8.1,10,1.6,4.6,86,80,0.1,,97,75
2026-09-03T20:00,6,mfr,9,20,80,4.6,8.0,10,3.32,4.6,353,80,0.3,,71,75
2026-09-03T20:00,6,gfs,9,20,80,4.6,8.2,10,2.42,4.6,60,80,0.2,,100,75
2026-09-03T20:00,6,harmonie,9,20,80,4.6,7.0,10,2.0,4.6,22.5,80,,,95,75
2026-09-03T20:00,6,metno,9,20,80,4.6,8.4,10,3.3,4.6,15.1,80,0.0,,96.1,75
2026-09-03T20:00,6,jolly,9,20,80,4.6,7.26,10,1.99,4.6,51.9,80,0.15,,48,75
2026-09-03T19:00,1,dmi,9,19,,1.0,8.4,10,5.5,1.0,110,,0.0,,100,100
2026-09-03T19:00,1,knmi,9,19,,1.0,8.4,10,5.4,1.0,109,,0.0,,100,100
2026-09-03T19:00,1,ecmwf,9,19,,1.0,8.8,10,1.71,1.0,21,,0.1,,68,100
2026-09-03T19:00,1,icon,9,19,,1.0,8.9,10,2.4,1.0,45,,0.2,,100,100
2026-09-03T19:00,1,ukmo,9,19,,1.0,9.3,10,3.6,1.0,107,,0.3,,94,100
2026-09-03T19:00,1,mfr,9,19,,1.0,9.4,10,2.1,1.0,65,,0.0,,80,100
2026-09-03T19:00,1,gfs,9,19,,1.0,8.5,10,3.61,1.0,48,,0.2,,100,100
2026-09-03T19:00,1,harmonie,9,19,,1.0,8.0,10,2.0,1.0,67.5,,,,95,100
2026-09-03T19:00,1,metno,9,19,,1.0,8.8,10,3.7,1.0,15.9,,0.1,,92.2,100
2026-09-03T19:00,1,jolly,9,19,,1.0,8.58,10,3.21,1.0,64.8,,0.06,,48,100
2026-09-03T22:00,1,dmi,9,22,80,5.1,7.5,9,4.0,5.1,103,80,0.0,,100,75
2026-09-03T22:00,1,knmi,9,22,80,5.1,7.2,9,2.3,5.1,321,80,0.1,,100,75
2026-09-03T22:00,1,ecmwf,9,22,80,5.1,8.2,9,2.2,5.1,357,80,0.1,,76,75
2026-09-03T22:00,1,icon,9,22,80,5.1,7.3,9,2.25,5.1,32,80,0.1,,94,75
2026-09-03T22:00,1,ukmo,9,22,80,5.1,7.4,9,1.6,5.1,48,80,0.0,,98,75
2026-09-03T22:00,1,mfr,9,22,80,5.1,7.5,9,3.65,5.1,351,80,0.1,,74,75
2026-09-03T22:00,1,gfs,9,22,80,5.1,7.4,9,2.51,5.1,61,80,0.0,,100,75
2026-09-03T22:00,1,harmonie,9,22,80,5.1,6.0,9,3.0,5.1,337.5,80,,,95,75
2026-09-03T22:00,1,metno,9,22,80,5.1,8.2,9,3.8,5.1,357.1,80,0.0,,100.0,75
2026-09-03T22:00,1,jolly,9,22,80,5.1,7.5,9,4.38,5.1,17.1,80,0.04,,54,75
2026-09-04T00:00,48,dmi,9,0,40,5.1,7.6,9,1.9,5.1,334,40,0.1,,100,100
2026-09-04T00:00,48,knmi,9,0,40,5.1,7.6,9,1.9,5.1,333,40,0.1,,100,100
2026-09-04T00:00,48,ecmwf,9,0,40,5.1,7.8,9,2.0,5.1,357,40,0.6,,100,100
2026-09-04T00:00,48,icon,9,0,40,5.1,8.1,9,1.9,5.1,3,40,0.4,,100,100
2026-09-04T00:00,48,ukmo,9,0,40,5.1,6.9,9,1.3,5.1,345,40,0.0,,100,100
2026-09-04T00:00,48,mfr,9,0,40,5.1,6.4,9,3.21,5.1,356,40,0.0,,77,100
2026-09-04T00:00,48,gfs,9,0,40,5.1,6.8,9,1.77,5.1,47,40,0.0,,100,100
2026-09-04T00:00,48,harmonie,9,0,40,5.1,7.0,9,3.0,5.1,315,40,,,90,100
2026-09-04T00:00,48,metno,9,0,40,5.1,7.8,9,3.1,5.1,350.5,40,0.3,,100.0,100
2026-09-04T00:00,48,jolly,9,0,40,5.1,8.05,9,2.96,5.1,358.0,40,0.08,,60,100
2026-09-04T00:00,24,dmi,9,0,40,5.1,8.1,9,1.6,5.1,46,40,0.1,,100,100
2026-09-04T00:00,24,knmi,9,0,40,5.1,8.1,9,1.6,5.1,45,40,0.1,,100,100
2026-09-04T00:00,24,ecmwf,9,0,40,5.1,7.4,9,2.67,5.1,347,40,0.1,,76,100
2026-09-04T00:00,24,icon,9,0,40,5.1,7.5,9,2.32,5.1,7,40,0.0,,96,100
2026-09-04T00:00,24,ukmo,9,0,40,5.1,7.3,9,2.9,5.1,348,40,0.9,,100,100
2026-09-04T00:00,24,mfr,9,0,40,5.1,6.6,9,3.41,5.1,357,40,0.3,,83,100
2026-09-04T00:00,24,gfs,9,0,40,5.1,7.1,9,3.35,5.1,27,40,0.0,,100,100
2026-09-04T00:00,24,harmonie,9,0,40,5.1,7.0,9,2.0,5.1,45,40,,,90,100
2026-09-04T00:00,24,metno,9,0,40,5.1,7.6,9,4.7,5.1,350.8,40,0.2,,96.1,100
2026-09-04T00:00,24,jolly,9,0,40,5.1,5.85,9,3.2,5.1,11.0,40,0.18,,59,100
2026-09-04T00:00,6,dmi,9,0,40,5.1,7.2,9,0.8,5.1,22,40,0.3,,100,100
2026-09-04T00:00,6,knmi,9,0,40,5.1,7.2,9,0.8,5.1,21,40,0.3,,100,100
2026-09-04T00:00,6,ecmwf,9,0,40,5.1,7.7,9,2.35,5.1,348,40,0.1,,64,100
2026-09-04T00:00,6,icon,9,0,40,5.1,7.2,9,4.4,5.1,359,40,0.4,,100,100
2026-09-04T00:00,6,ukmo,9,0,40,5.1,6.8,9,1.9,5.1,354,40,0.4,,100,100
2026-09-04T00:00,6,mfr,9,0,40,5.1,7.0,9,4.22,5.1,355,40,0.0,,77,100
2026-09-04T00:00,6,gfs,9,0,40,5.1,7.1,9,2.34,5.1,40,40,0.0,,100,100
2026-09-04T00:00,6,harmonie,9,0,40,5.1,7.0,9,4.0,5.1,337.5,40,,,95,100
2026-09-04T00:00,6,metno,9,0,40,5.1,7.8,9,3.9,5.1,351.0,40,0.1,,98.4,100
2026-09-04T00:00,6,jolly,9,0,40,5.1,7.01,9,4.07,5.1,11.9,40,0.18,,50,100
2026-09-04T00:00,3,dmi,9,0,40,5.1,7.1,9,1.3,5.1,36,40,0.1,,100,100
2026-09-04T00:00,3,knmi,9,0,40,5.1,7.0,9,2.7,5.1,327,40,0.1,,100,100
2026-09-04T00:00,3,ecmwf,9,0,40,5.1,8.0,9,2.62,5.1,353,40,0.1,,76,100
2026-09-04T00:00,3,icon,9,0,40,5.1,7.2,9,4.4,5.1,359,40,0.4,,100,100
2026-09-04T00:00,3,ukmo,9,0,40,5.1,7.3,9,1.6,5.1,7,40,0.1,,94,100
2026-09-04T00:00,3,mfr,9,0,40,5.1,7.0,9,4.22,5.1,355,40,0.0,,77,100
2026-09-04T00:00,3,gfs,9,0,40,5.1,7.1,9,2.34,5.1,40,40,0.0,,100,100
2026-09-04T00:00,3,harmonie,9,0,40,5.1,6.0,9,4.0,5.1,315,40,,,95,100
2026-09-04T00:00,3,metno,9,0,40,5.1,8.1,9,4.2,5.1,354.5,40,0.3,,100.0,100
2026-09-04T00:00,3,jolly,9,0,40,5.1,7.37,9,4.58,5.1,23.9,40,0.07,,55,100
2026-09-04T00:00,1,dmi,9,0,40,5.1,6.7,9,1.3,5.1,346,40,0.0,,100,100
2026-09-04T00:00,1,knmi,9,0,40,5.1,6.7,9,3.2,5.1,345,40,0.0,,100,100
2026-09-04T00:00,1,ecmwf,9,0,40,5.1,8.0,9,2.62,5.1,353,40,0.1,,76,100
2026-09-04T00:00,1,icon,9,0,40,5.1,7.3,9,4.1,5.1,359,40,0.4,,100,100
2026-09-04T00:00,1,ukmo,9,0,40,5.1,7.3,9,1.6,5.1,7,40,0.1,,94,100
2026-09-04T00:00,1,mfr,9,0,40,5.1,7.0,9,4.02,5.1,354,40,0.0,,77,100
2026-09-04T00:00,1,gfs,9,0,40,5.1,7.3,9,2.77,5.1,41,40,0.0,,100,100
2026-09-04T00:00,1,harmonie,9,0,40,5.1,6.0,9,3.0,5.1,337.5,40,,,95,100
2026-09-04T00:00,1,metno,9,0,40,5.1,8.1,9,4.2,5.1,354.5,40,0.3,,100.0,100
2026-09-04T00:00,1,jolly,9,0,40,5.1,7.62,9,4.52,5.1,8.9,40,0.03,,55,100
2026-09-04T04:00,48,dmi,9,4,352.0,5.8,7.9,8.2,3.0,5.8,357,352.0,0.0,,100,100
2026-09-04T04:00,48,knmi,9,4,352.0,5.8,7.8,8.2,2.7,5.8,354,352.0,0.0,,100,100
2026-09-04T04:00,48,ecmwf,9,4,352.0,5.8,8.2,8.2,0.71,5.8,8,352.0,0.1,,67,100
2026-09-04T04:00,48,icon,9,4,352.0,5.8,7.5,8.2,3.61,5.8,3,352.0,0.3,,95,100
2026-09-04T04:00,48,ukmo,9,4,352.0,5.8,7.6,8.2,1.6,5.8,354,352.0,0.0,,100,100
2026-09-04T04:00,48,mfr,9,4,352.0,5.8,6.5,8.2,0.73,5.8,286,352.0,0.5,,100,100
2026-09-04T04:00,48,gfs,9,4,352.0,5.8,6.6,8.2,3.3,5.8,358,352.0,0.0,,100,100
2026-09-04T04:00,48,harmonie,9,4,352.0,5.8,8.0,8.2,1.0,5.8,337.5,352.0,,,95,100
2026-09-04T04:00,48,metno,9,4,352.0,5.8,8.2,8.2,2.4,5.8,11.1,352.0,0.0,,100.0,100
2026-09-04T04:00,48,jolly,9,4,352.0,5.8,8.32,8.2,2.93,5.8,358.3,352.0,0.08,,58,100
2026-09-04T04:00,24,dmi,9,4,352.0,5.8,7.5,8.2,2.7,5.8,357,352.0,0.0,,100,100
2026-09-04T04:00,24,knmi,9,4,352.0,5.8,7.5,8.2,3.9,5.8,351,352.0,0.2,,100,100
2026-09-04T04:00,24,ecmwf,9,4,352.0,5.8,7.5,8.2,2.4,5.8,343,352.0,0.2,,100,100
2026-09-04T04:00,24,icon,9,4,352.0,5.8,7.2,8.2,3.61,5.8,5,352.0,0.3,,100,100
2026-09-04T04:00,24,ukmo,9,4,352.0,5.8,8.5,8.2,2.6,5.8,355,352.0,0.6,,83,100
2026-09-04T04:00,24,mfr,9,4,352.0,5.8,7.3,8.2,4.1,5.8,1,352.0,0.1,,100,100
2026-09-04T04:00,24,gfs,9,4,352.0,5.8,7.8,8.2,4.62,5.8,5,352.0,0.1,,100,100
2026-09-04T04:00,24,harmonie,9,4,352.0,5.8,6.0,8.2,3.0,5.8,337.5,352.0,,,95,100
2026-09-04T04:00,24,metno,9,4,352.0,5.8,7.6,8.2,3.5,5.8,351.6,352.0,0.2,,98.4,100
2026-09-04T04:00,24,jolly,9,4,352.0,5.8,5.3,8.2,3.75,5.8,2.8,352.0,0.14,,54,100
2026-09-04T02:00,12,dmi,9,2,360,5.7,7.3,7,2.9,5.7,333,360,0.0,,100,75
2026-09-04T02:00,12,knmi,9,2,360,5.7,6.7,7,3.9,5.7,347,360,0.2,,100,75
2026-09-04T02:00,12,ecmwf,9,2,360,5.7,7.6,7,2.63,5.7,351,360,0.1,,83,75
2026-09-04T02:00,12,icon,9,2,360,5.7,7.3,7,4.5,5.7,357,360,0.4,,82,75
2026-09-04T02:00,12,ukmo,9,2,360,5.7,7.9,7,2.1,5.7,358,360,0.5,,100,75
2026-09-04T02:00,12,mfr,9,2,360,5.7,7.4,7,4.22,5.7,355,360,0.0,,99,75
2026-09-04T02:00,12,gfs,9,2,360,5.7,7.3,7,5.57,5.7,9,360,0.6,,100,75
2026-09-04T02:00,12,harmonie,9,2,360,5.7,6.0,7,3.0,5.7,337.5,360,,,95,75
2026-09-04T02:00,12,metno,9,2,360,5.7,7.8,7,4.2,5.7,355.6,360,0.1,,98.4,75
2026-09-04T02:00,12,jolly,9,2,360,5.7,6.16,7,4.66,5.7,4.7,360,0.15,,54,75
2026-09-04T02:00,3,dmi,9,2,360,5.7,6.7,7,3.4,5.7,7,360,0.1,,100,75
2026-09-04T02:00,3,knmi,9,2,360,5.7,6.7,7,3.1,5.7,6,360,0.1,,100,75
2026-09-04T02:00,3,ecmwf,9,2,360,5.7,7.9,7,3.41,5.7,357,360,0.2,,84,75
2026-09-04T02:00,3,icon,9,2,360,5.7,7.4,7,4.91,5.7,356,360,0.7,,90,75
2026-09-04T02:00,3,ukmo,9,2,360,5.7,7.3,7,2.7,5.7,351,360,0.3,,100,75
2026-09-04T02:00,3,mfr,9,2,360,5.7,7.1,7,3.8,5.7,360,360,0.0,,99,75
2026-09-04T02:00,3,gfs,9,2,360,5.7,7.1,7,4.84,5.7,7,360,0.3,,100,75
2026-09-04T02:00,3,harmonie,9,2,360,5.7,6.0,7,5.0,5.7,0,360,,,95,75
2026-09-04T02:00,3,metno,9,2,360,5.7,7.9,7,4.5,5.7,354.2,360,0.3,,91.4,75
2026-09-04T02:00,3,jolly,9,2,360,5.7,7.27,7,5.51,5.7,25.6,360,0.12,,53,75
2026-09-04T03:00,6,dmi,9,3,10,6.7,6.7,8,3.2,6.7,357,10,0.2,,100,100
2026-09-04T03:00,6,knmi,9,3,10,6.7,6.7,8,3.4,6.7,3,10,0.1,,100,100
2026-09-04T03:00,6,ecmwf,9,3,10,6.7,7.8,8,3.61,6.7,355,10,0.2,,100,100
2026-09-04T03:00,6,icon,9,3,10,6.7,7.5,8,4.4,6.7,360,10,0.5,,100,100
2026-09-04T03:00,6,ukmo,9,3,10,6.7,7.7,8,2.6,6.7,349,10,0.6,,100,100
2026-09-04T03:00,6,mfr,9,3,10,6.7,7.2,8,3.8,6.7,358,10,0.1,,79,100
2026-09-04T03:00,6,gfs,9,3,10,6.7,7.5,8,5.22,6.7,4,10,0.2,,100,100
2026-09-04T03:00,6,harmonie,9,3,10,6.7,6.0,8,5.0,6.7,0,10,,,95,100
2026-09-04T03:00,6,metno,9,3,10,6.7,7.9,8,4.9,6.7,355.0,10,0.3,,98.4,100
2026-09-04T03:00,6,jolly,9,3,10,6.7,7.46,8,5.44,6.7,12.5,10,0.18,,51,100
2026-09-04T09:00,48,dmi,9,9,360,5.1,8.5,9,3.0,5.1,353,360,0.4,,100,100
2026-09-04T09:00,48,knmi,9,9,360,5.1,8.5,9,2.9,5.1,352,360,0.4,,100,100
2026-09-04T09:00,48,ecmwf,9,9,360,5.1,9.2,9,2.65,5.1,11,360,0.4,,68,100
2026-09-04T09:00,48,icon,9,9,360,5.1,8.1,9,5.2,5.1,349,360,1.0,,100,100
2026-09-04T09:00,48,ukmo,9,9,360,5.1,8.5,9,2.1,5.1,340,360,0.3,,100,100
2026-09-04T09:00,48,mfr,9,9,360,5.1,7.1,9,3.6,5.1,182,360,0.3,,83,100
2026-09-04T09:00,48,gfs,9,9,360,5.1,8.4,9,2.06,5.1,337,360,0.0,,100,100
2026-09-04T09:00,48,harmonie,9,9,360,5.1,10.0,9,2.0,5.1,0,360,,,95,100
2026-09-04T09:00,48,metno,9,9,360,5.1,9.2,9,4.3,5.1,14.5,360,0.3,,93.0,100
2026-09-04T09:00,48,jolly,9,9,360,5.1,8.74,9,3.69,5.1,1.0,360,0.28,,56,100
2026-09-04T09:00,24,dmi,9,9,360,5.1,8.1,9,4.0,5.1,357,360,0.5,,100,100
2026-09-04T09:00,24,knmi,9,9,360,5.1,8.3,9,2.7,5.1,356,360,0.1,,100,100
2026-09-04T09:00,24,ecmwf,9,9,360,5.1,8.5,9,3.35,5.1,350,360,0.4,,100,100
2026-09-04T09:00,24,icon,9,9,360,5.1,7.8,9,6.44,5.1,354,360,0.1,,100,100
2026-09-04T09:00,24,ukmo,9,9,360,5.1,9.4,9,1.0,5.1,333,360,0.0,,100,100
2026-09-04T09:00,24,mfr,9,9,360,5.1,7.9,9,2.44,5.1,341,360,0.6,,100,100
2026-09-04T09:00,24,gfs,9,9,360,5.1,8.9,9,3.01,5.1,21,360,0.0,,100,100
2026-09-04T09:00,24,harmonie,9,9,360,5.1,8.0,9,4.0,5.1,0,360,,,90,100
2026-09-04T09:00,24,metno,9,9,360,5.1,8.4,9,4.3,5.1,352.4,360,0.4,,100.0,100
2026-09-04T09:00,24,jolly,9,9,360,5.1,6.12,9,4.02,5.1,10.9,360,0.22,,58,100
2026-09-04T09:00,12,dmi,9,9,360,5.1,8.8,9,2.5,5.1,341,360,0.0,,100,100
2026-09-04T09:00,12,knmi,9,9,360,5.1,8.3,9,2.2,5.1,341,360,0.1,,100,100
2026-09-04T09:00,12,ecmwf,9,9,360,5.1,9.3,9,2.42,5.1,353,360,0.3,,100,100
2026-09-04T09:00,12,icon,9,9,360,5.1,8.7,9,2.7,5.1,358,360,0.0,,97,100
2026-09-04T09:00,12,ukmo,9,9,360,5.1,9.5,9,1.5,5.1,338,360,0.1,,92,100
2026-09-04T09:00,12,mfr,9,9,360,5.1,7.8,9,0.36,5.1,236,360,0.0,,100,100
2026-09-04T09:00,12,gfs,9,9,360,5.1,8.5,9,4.0,5.1,357,360,0.0,,100,100
2026-09-04T09:00,12,harmonie,9,9,360,5.1,8.0,9,3.0,5.1,0,360,,,90,100
2026-09-04T09:00,12,metno,9,9,360,5.1,9.2,9,3.9,5.1,1.0,360,0.2,,100.0,100
2026-09-04T09:00,12,jolly,9,9,360,5.1,8.83,9,3.58,5.1,355.1,360,0.04,,60,100
2026-09-04T06:00,12,dmi,9,6,10,6.2,7.5,8,3.5,6.2,358,10,0.1,,100,100
2026-09-04T06:00,12,knmi,9,6,10,6.2,7.5,8,3.5,6.2,357,10,0.1,,100,100
2026-09-04T06:00,12,ecmwf,9,6,10,6.2,7.8,8,2.98,6.2,346,10,0.1,,100,100
2026-09-04T06:00,12,icon,9,6,10,6.2,7.6,8,3.51,6.2,357,10,0.3,,100,100
2026-09-04T06:00,12,ukmo,9,6,10,6.2,8.1,8,1.5,6.2,358,10,0.2,,100,100
2026-09-04T06:00,12,mfr,9,6,10,6.2,7.6,8,3.75,6.2,351,10,0.4,,100,100
2026-09-04T06:00,12,gfs,9,6,10,6.2,8.2,8,5.85,6.2,352,10,1.5,,100,100
2026-09-04T06:00,12,harmonie,9,6,10,6.2,7.0,8,4.0,6.2,0,10,,,90,100
2026-09-04T06:00,12,metno,9,6,10,6.2,7.9,8,4.5,6.2,350.0,10,0.1,,100.0,100
2026-09-04T06:00,12,jolly,9,6,10,6.2,7.25,8,4.79,6.2,11.5,10,0.21,,60,100
2026-09-04T05:00,6,dmi,9,5,360,6.7,7.7,8,3.6,6.7,7,360,0.1,,100,100
2026-09-04T05:00,6,knmi,9,5,360,6.7,7.7,8,3.7,6.7,6,360,0.1,,100,100
2026-09-04T05:00,6,ecmwf,9,5,360,6.7,7.6,8,3.26,6.7,342,360,0.2,,100,100
2026-09-04T05:00,6,icon,9,5,360,6.7,7.4,8,4.22,6.7,355,360,0.3,,96,100
2026-09-04T05:00,6,ukmo,9,5,360,6.7,8.0,8,3.4,6.7,346,360,0.5,,100,100
2026-09-04T05:00,6,mfr,9,5,360,6.7,7.5,8,4.54,6.7,352,360,0.1,,100,100
2026-09-04T05:00,6,gfs,9,5,360,6.7,8.3,8,6.5,6.7,360,360,1.3,,100,100
2026-09-04T05:00,6,harmonie,9,5,360,6.7,7.0,8,4.0,6.7,0,360,,,90,100
2026-09-04T05:00,6,metno,9,5,360,6.7,7.9,8,4.6,6.7,356.0,360,0.5,,98.4,100
2026-09-04T05:00,6,jolly,9,5,360,6.7,7.97,8,5.63,6.7,10.6,360,0.2,,54,100
2026-09-04T05:00,1,dmi,9,5,360,6.7,7.8,8,4.2,6.7,7,360,0.2,,100,100
2026-09-04T05:00,1,knmi,9,5,360,6.7,7.2,8,3.4,6.7,8,360,0.1,,100,100
2026-09-04T05:00,1,ecmwf,9,5,360,6.7,7.7,8,2.92,6.7,338,360,0.3,,98,100
2026-09-04T05:00,1,icon,9,5,360,6.7,7.4,8,4.41,6.7,356,360,0.3,,100,100
2026-09-04T05:00,1,ukmo,9,5,360,6.7,8.3,8,3.6,6.7,347,360,0.6,,100,100
2026-09-04T05:00,1,mfr,9,5,360,6.7,7.6,8,4.23,6.7,353,360,0.1,,100,100
2026-09-04T05:00,1,gfs,9,5,360,6.7,8.3,8,6.5,6.7,360,360,1.3,,100,100
2026-09-04T05:00,1,harmonie,9,5,360,6.7,7.0,8,4.0,6.7,0,360,,,90,100
2026-09-04T05:00,1,metno,9,5,360,6.7,7.9,8,4.9,6.7,350.4,360,0.7,,98.4,100
2026-09-04T05:00,1,jolly,9,5,360,6.7,8.6,8,5.81,6.7,12.9,360,0.24,,55,100
2026-09-04T07:00,3,dmi,9,7,360,6.7,8.1,9,2.9,6.7,350,360,0.4,,100,75
2026-09-04T07:00,3,knmi,9,7,360,6.7,7.8,9,2.0,6.7,5,360,0.2,,100,75
2026-09-04T07:00,3,ecmwf,9,7,360,6.7,8.3,9,2.56,6.7,339,360,0.3,,100,75
2026-09-04T07:00,3,icon,9,7,360,6.7,7.7,9,4.1,6.7,3,360,0.2,,94,75
2026-09-04T07:00,3,ukmo,9,7,360,6.7,8.6,9,1.7,6.7,352,360,0.1,,95,75
2026-09-04T07:00,3,mfr,9,7,360,6.7,7.7,9,3.26,6.7,349,360,0.0,,100,75
2026-09-04T07:00,3,gfs,9,7,360,6.7,8.3,9,5.41,6.7,357,360,0.1,,100,75
2026-09-04T07:00,3,harmonie,9,7,360,6.7,8.0,9,5.0,6.7,0,360,,,90,75
2026-09-04T07:00,3,metno,9,7,360,6.7,8.4,9,5.1,6.7,346.4,360,0.3,,100.0,75
2026-09-04T07:00,3,jolly,9,7,360,6.7,8.51,9,5.19,6.7,17.7,360,0.16,,58,75
2026-09-04T14:00,48,dmi,9,14,10,4.6,10.9,10,2.6,4.6,351,10,0.0,,96,100
2026-09-04T14:00,48,knmi,9,14,10,4.6,8.7,10,2.5,4.6,350,10,0.1,,100,100
2026-09-04T14:00,48,ecmwf,9,14,10,4.6,10.9,10,3.55,4.6,10,10,0.4,,80,100
2026-09-04T14:00,48,icon,9,14,10,4.6,9.1,10,3.1,4.6,358,10,0.4,,90,100
2026-09-04T14:00,48,ukmo,9,14,10,4.6,11.1,10,2.7,4.6,8,10,0.3,,100,100
2026-09-04T14:00,48,mfr,9,14,10,4.6,10.0,10,0.73,4.6,286,10,0.0,,91,100
2026-09-04T14:00,48,gfs,9,14,10,4.6,10.3,10,1.3,4.6,360,10,0.0,,100,100
2026-09-04T14:00,48,harmonie,9,14,10,4.6,12.0,10,3.0,4.6,0,10,,,90,100
2026-09-04T14:00,48,metno,9,14,10,4.6,11.0,10,4.7,4.6,2.8,10,0.4,,96.1,100
2026-09-04T14:00,48,jolly,9,14,10,4.6,9.93,10,3.08,4.6,358.2,10,0.08,,58,100
2026-09-04T14:00,24,dmi,9,14,10,4.6,8.4,10,3.3,4.6,348,10,0.8,,100,100
2026-09-04T14:00,24,knmi,9,14,10,4.6,9.3,10,1.5,4.6,136,10,0.0,,100,100
2026-09-04T14:00,24,ecmwf,9,14,10,4.6,9.8,10,3.21,4.6,4,10,0.2,,100,100
2026-09-04T14:00,24,icon,9,14,10,4.6,10.4,10,1.44,4.6,34,10,0.0,,100,100
2026-09-04T14:00,24,ukmo,9,14,10,4.6,12.7,10,2.4,4.6,0,10,0.0,,91,100
2026-09-04T14:00,24,mfr,9,14,10,4.6,9.5,10,1.33,4.6,167,10,0.0,,100,100
2026-09-04T14:00,24,gfs,9,14,10,4.6,9.2,10,3.2,4.6,358,10,0.0,,100,100
2026-09-04T14:00,24,harmonie,9,14,10,4.6,10.0,10,3.0,4.6,337.5,10,,,90,100
2026-09-04T14:00,24,metno,9,14,10,4.6,9.9,10,5.0,4.6,5.4,10,0.2,,100.0,100
2026-09-04T14:00,24,jolly,9,14,10,4.6,7.97,10,3.29,4.6,14.6,10,0.18,,58,100
2026-09-04T11:00,12,dmi,9,11,10,3.6,8.9,10,2.3,3.6,339,10,0.0,,100,75
2026-09-04T11:00,12,knmi,9,11,10,3.6,8.9,10,1.9,3.6,338,10,0.0,,100,75
2026-09-04T11:00,12,ecmwf,9,11,10,3.6,9.9,10,2.5,3.6,360,10,0.2,,100,75
2026-09-04T11:00,12,icon,9,11,10,3.6,9.5,10,2.31,3.6,5,10,0.0,,100,75
2026-09-04T11:00,12,ukmo,9,11,10,3.6,11.2,10,2.0,3.6,20,10,0.0,,89,75
2026-09-04T11:00,12,mfr,9,11,10,3.6,8.2,10,0.61,3.6,171,10,0.1,,100,75
2026-09-04T11:00,12,gfs,9,11,10,3.6,8.9,10,1.6,3.6,356,10,0.1,,100,75
2026-09-04T11:00,12,harmonie,9,11,10,3.6,10.0,10,3.0,3.6,337.5,10,,,95,75
2026-09-04T11:00,12,metno,9,11,10,3.6,10.0,10,4.3,3.6,1.6,10,0.3,,96.1,75
2026-09-04T11:00,12,jolly,9,11,10,3.6,9.7,10,3.35,3.6,5.4,10,0.03,,55,75
2026-09-04T10:00,6,dmi,9,10,10,4.1,8.5,10,2.2,4.1,2,10,0.1,,100,100
2026-09-04T10:00,6,knmi,9,10,10,4.1,8.8,10,2.9,4.1,347,10,0.0,,100,100
2026-09-04T10:00,6,ecmwf,9,10,10,4.1,9.7,10,2.5,4.1,360,10,0.2,,100,100
2026-09-04T10:00,6,icon,9,10,10,4.1,9.0,10,3.3,4.1,360,10,0.1,,100,100
2026-09-04T10:00,6,ukmo,9,10,10,4.1,10.9,10,1.7,4.1,15,10,0.0,,100,100
2026-09-04T10:00,6,mfr,9,10,10,4.1,8.1,10,0.42,4.1,225,10,0.0,,100,100
2026-09-04T10:00,6,gfs,9,10,10,4.1,8.8,10,2.24,4.1,350,10,0.1,,100,100
2026-09-04T10:00,6,harmonie,9,10,10,4.1,9.0,10,3.0,4.1,337.5,10,,,90,100
2026-09-04T10:00,6,metno,9,10,10,4.1,9.7,10,4.0,4.1,7.7,10,0.2,,100.0,100
2026-09-04T10:00,6,jolly,9,10,10,4.1,9.72,10,3.99,4.1,3.7,10,0.04,,55,100
2026-09-04T10:00,1,dmi,9,10,10,4.1,9.0,10,2.4,4.1,356,10,0.0,,100,100
2026-09-04T10:00,1,knmi,9,10,10,4.1,9.0,10,2.4,4.1,355,10,0.0,,100,100
2026-09-04T10:00,1,ecmwf,9,10,10,4.1,9.6,10,2.7,4.1,2,10,0.2,,100,100
2026-09-04T10:00,1,icon,9,10,10,4.1,9.0,10,3.1,4.1,360,10,0.0,,100,100
2026-09-04T10:00,1,ukmo,9,10,10,4.1,10.1,10,1.6,4.1,355,10,0.1,,92,100
2026-09-04T10:00,1,mfr,9,10,10,4.1,8.1,10,0.42,4.1,225,10,0.0,,100,100
2026-09-04T10:00,1,gfs,9,10,10,4.1,8.7,10,1.84,4.1,347,10,0.2,,100,100
2026-09-04T10:00,1,harmonie,9,10,10,4.1,10.0,10,3.0,4.1,337.5,10,,,90,100
2026-09-04T10:00,1,metno,9,10,10,4.1,9.5,10,4.2,4.1,359.5,10,0.2,,99.2,100
2026-09-04T10:00,1,jolly,9,10,10,4.1,10.01,10,3.98,4.1,1.5,10,0.03,,57,100
2026-09-04T12:00,3,dmi,9,12,20,3.6,10.2,11,2.0,3.6,355,20,0.5,,100,100
2026-09-04T12:00,3,knmi,9,12,20,3.6,10.2,11,2.0,3.6,354,20,0.5,,100,100
2026-09-04T12:00,3,ecmwf,9,12,20,3.6,10.3,11,3.54,3.6,8,20,0.2,,100,100
2026-09-04T12:00,3,icon,9,12,20,3.6,9.6,11,2.5,3.6,2,20,0.0,,100,100
2026-09-04T12:00,3,ukmo,9,12,20,3.6,10.6,11,2.5,3.6,356,20,0.4,,100,100
2026-09-04T12:00,3,mfr,9,12,20,3.6,8.3,11,1.1,3.6,185,20,0.0,,100,100
2026-09-04T12:00,3,gfs,9,12,20,3.6,9.2,11,1.8,3.6,360,20,0.2,,100,100
2026-09-04T12:00,3,harmonie,9,12,20,3.6,10.0,11,2.0,3.6,337.5,20,,,95,100
2026-09-04T12:00,3,metno,9,12,20,3.6,10.5,11,4.7,3.6,6.8,20,0.2,,99.2,100
2026-09-04T12:00,3,jolly,9,12,20,3.6,10.5,11,3.99,3.6,16.7,20,0.27,,53,100
2026-09-04T18:00,48,dmi,9,18,10,4.1,9.8,10,2.2,4.1,335,10,0.0,,100,75
2026-09-04T18:00,48,knmi,9,18,10,4.1,10.5,10,2.47,4.1,326,10,0.0,,100,75
2026-09-04T18:00,48,ecmwf,9,18,10,4.1,10.5,10,3.03,4.1,352,10,0.0,,92,75
2026-09-04T18:00,48,icon,9,18,10,4.1,9.9,10,0.61,4.1,171,10,0.0,,91,75
2026-09-04T18:00,48,ukmo,9,18,10,4.1,10.5,10,2.5,4.1,6,10,0.1,,91,75
2026-09-04T18:00,48,mfr,9,18,10,4.1,9.2,10,3.1,4.1,2,10,0.0,,100,75
2026-09-04T18:00,48,gfs,9,18,10,4.1,9.0,10,0.91,4.1,276,10,0.0,,100,75
2026-09-04T18:00,48,harmonie,9,18,10,4.1,9.0,10,3.0,4.1,0,10,,,95,75
2026-09-04T18:00,48,metno,9,18,10,4.1,10.8,10,3.8,4.1,353.3,10,0.0,,100.0,75
2026-09-04T18:00,48,jolly,9,18,10,4.1,9.45,10,2.75,4.1,354.7,10,0.01,,60,75
2026-09-04T18:00,24,dmi,9,18,10,4.1,8.6,10,3.2,4.1,354,10,0.0,,100,75
2026-09-04T18:00,24,knmi,9,18,10,4.1,8.6,10,3.2,4.1,353,10,0.0,,100,75
2026-09-04T18:00,24,ecmwf,9,18,10,4.1,8.6,10,4.2,4.1,359,10,0.4,,100,75
2026-09-04T18:00,24,icon,9,18,10,4.1,10.3,10,3.6,4.1,358,10,0.2,,100,75
2026-09-04T18:00,24,ukmo,9,18,10,4.1,10.8,10,1.9,4.1,34,10,0.2,,97,75
2026-09-04T18:00,24,mfr,9,18,10,4.1,8.5,10,2.06,4.1,346,10,0.6,,100,75
2026-09-04T18:00,24,gfs,9,18,10,4.1,9.4,10,2.62,4.1,7,10,0.2,,100,75
2026-09-04T18:00,24,harmonie,9,18,10,4.1,8.0,10,4.0,4.1,337.5,10,,,90,75
2026-09-04T18:00,24,metno,9,18,10,4.1,8.7,10,4.7,4.1,359.0,10,0.6,,100.0,75
2026-09-04T18:00,24,jolly,9,18,10,4.1,7.68,10,3.85,4.1,8.5,10,0.13,,57,75
2026-09-04T16:00,12,dmi,9,16,10,4.6,9.8,10,2.3,4.6,347,10,0.2,,100,100
2026-09-04T16:00,12,knmi,9,16,10,4.6,8.7,10,2.9,4.6,350,10,0.6,,100,100
2026-09-04T16:00,12,ecmwf,9,16,10,4.6,10.3,10,3.31,4.6,3,10,0.9,,100,100
2026-09-04T16:00,12,icon,9,16,10,4.6,11.4,10,3.01,4.6,21,10,0.0,,100,100
2026-09-04T16:00,12,ukmo,9,16,10,4.6,10.9,10,2.1,4.6,51,10,0.2,,100,100
2026-09-04T16:00,12,mfr,9,16,10,4.6,8.6,10,0.86,4.6,324,10,0.2,,100,100
2026-09-04T16:00,12,gfs,9,16,10,4.6,9.4,10,2.25,4.6,32,10,1.1,,100,100
2026-09-04T16:00,12,harmonie,9,16,10,4.6,10.0,10,1.0,4.6,22.5,10,,,90,100
2026-09-04T16:00,12,metno,9,16,10,4.6,10.3,10,4.0,4.6,3.2,10,1.1,,100.0,100
2026-09-04T16:00,12,jolly,9,16,10,4.6,10.45,10,3.56,4.6,23.7,10,0.31,,60,100
2026-09-04T15:00,6,dmi,9,15,10,4.6,9.5,10,2.5,4.6,353,10,1.0,,100,100
2026-09-04T15:00,6,knmi,9,15,10,4.6,9.5,10,2.5,4.6,352,10,1.0,,100,100
2026-09-04T15:00,6,ecmwf,9,15,10,4.6,10.7,10,3.5,4.6,2,10,0.3,,100,100
2026-09-04T15:00,6,icon,9,15,10,4.6,10.9,10,2.34,4.6,20,10,0.0,,100,100
2026-09-04T15:00,6,ukmo,9,15,10,4.6,11.6,10,1.9,4.6,20,10,0.1,,92,100
2026-09-04T15:00,6,mfr,9,15,10,4.6,8.5,10,0.54,4.6,292,10,0.2,,100,100
2026-09-04T15:00,6,gfs,9,15,10,4.6,9.5,10,1.8,4.6,34,10,0.2,,100,100
2026-09-04T15:00,6,harmonie,9,15,10,4.6,10.0,10,3.0,4.6,0,10,,,90,100
2026-09-04T15:00,6,metno,9,15,10,4.6,10.8,10,4.7,4.6,2.3,10,0.6,,93.0,100
2026-09-04T15:00,6,jolly,9,15,10,4.6,10.68,10,4.04,4.6,11.6,10,0.46,,57,100
2026-09-04T15:00,1,dmi,9,15,10,4.6,9.8,10,2.2,4.6,343,10,0.1,,100,100
2026-09-04T15:00,1,knmi,9,15,10,4.6,9.2,10,3.1,4.6,2,10,0.4,,100,100
2026-09-04T15:00,1,ecmwf,9,15,10,4.6,10.6,10,3.22,4.6,7,10,0.3,,100,100
2026-09-04T15:00,1,icon,9,15,10,4.6,10.7,10,2.77,4.6,41,10,0.0,,90,100
2026-09-04T15:00,1,ukmo,9,15,10,4.6,11.3,10,2.1,4.6,38,10,0.3,,100,100
2026-09-04T15:00,1,mfr,9,15,10,4.6,8.6,10,2.65,4.6,349,10,0.2,,100,100
2026-09-04T15:00,1,gfs,9,15,10,4.6,9.4,10,3.19,4.6,32,10,0.0,,100,100
2026-09-04T15:00,1,harmonie,9,15,10,4.6,11.0,10,2.0,4.6,0,10,,,90,100
2026-09-04T15:00,1,metno,9,15,10,4.6,10.6,10,4.3,4.6,8.3,10,0.2,,99.2,100
2026-09-04T15:00,1,jolly,9,15,10,4.6,10.95,10,4.44,4.6,30.2,10,0.17,,57,100
2026-09-04T17:00,3,dmi,9,17,5.0,4.6,9.3,11.0,2.6,4.6,346,5.0,1.2,,100,75
2026-09-04T17:00,3,knmi,9,17,5.0,4.6,9.2,11.0,2.0,4.6,355,5.0,0.4,,100,75
2026-09-04T17:00,3,ecmwf,9,17,5.0,4.6,10.1,11.0,3.51,4.6,3,5.0,0.3,,100,75
2026-09-04T17:00,3,icon,9,17,5.0,4.6,10.3,11.0,3.36,4.6,23,5.0,0.0,,98,75
2026-09-04T17:00,3,ukmo,9,17,5.0,4.6,10.5,11.0,2.4,4.6,23,5.0,0.3,,97,75
2026-09-04T17:00,3,mfr,9,17,5.0,4.6,8.6,11.0,2.73,4.6,352,5.0,0.2,,100,75
2026-09-04T17:00,3,gfs,9,17,5.0,4.6,9.3,11.0,3.64,4.6,16,5.0,0.1,,100,75
2026-09-04T17:00,3,harmonie,9,17,5.0,4.6,10.0,11.0,3.0,4.6,0,5.0,,,90,75
2026-09-04T17:00,3,metno,9,17,5.0,4.6,10.3,11.0,4.8,4.6,5.0,5.0,0.4,,100.0,75
2026-09-04T17:00,3,jolly,9,17,5.0,4.6,10.53,11.0,4.71,4.6,23.8,5.0,0.4,,57,75
2026-09-04T20:00,6,dmi,9,20,355.0,3.5,8.6,9.8,3.4,3.5,357,355.0,0.1,,100,75
2026-09-04T20:00,6,knmi,9,20,355.0,3.5,9.0,9.8,1.7,3.5,343,355.0,0.2,,100,75
2026-09-04T20:00,6,ecmwf,9,20,355.0,3.5,8.9,9.8,2.47,3.5,346,355.0,0.8,,100,75
2026-09-04T20:00,6,icon,9,20,355.0,3.5,8.8,9.8,3.5,3.5,360,355.0,0.3,,100,75
2026-09-04T20:00,6,ukmo,9,20,355.0,3.5,8.9,9.8,3.3,3.5,344,355.0,0.1,,100,75
2026-09-04T20:00,6,mfr,9,20,355.0,3.5,8.2,9.8,1.61,3.5,353,355.0,0.0,,100,75
2026-09-04T20:00,6,gfs,9,20,355.0,3.5,8.8,9.8,4.03,3.5,7,355.0,0.6,,100,75
2026-09-04T20:00,6,harmonie,9,20,355.0,3.5,8.0,9.8,3.0,3.5,337.5,355.0,,,90,75
2026-09-04T20:00,6,metno,9,20,355.0,3.5,8.9,9.8,3.5,3.5,344.7,355.0,1.0,,100.0,75
2026-09-04T20:00,6,jolly,9,20,355.0,3.5,9.39,9.8,4.57,3.5,5.5,355.0,0.15,,56,75
2026-09-04T19:00,1,dmi,9,19,30,2.1,8.7,10,3.0,2.1,347,30,0.4,,100,75
2026-09-04T19:00,1,knmi,9,19,30,2.1,8.7,10,3.0,2.1,346,30,0.4,,100,75
2026-09-04T19:00,1,ecmwf,9,19,30,2.1,9.3,10,3.01,2.1,354,30,0.8,,100,75
2026-09-04T19:00,1,icon,9,19,30,2.1,9.5,10,3.6,2.1,360,30,0.0,,100,75
2026-09-04T19:00,1,ukmo,9,19,30,2.1,9.7,10,2.9,2.1,354,30,0.1,,100,75
2026-09-04T19:00,1,mfr,9,19,30,2.1,8.5,10,2.86,2.1,348,30,0.0,,100,75
2026-09-04T19:00,1,gfs,9,19,30,2.1,9.1,10,4.3,2.1,18,30,0.0,,100,75
2026-09-04T19:00,1,harmonie,9,19,30,2.1,9.0,10,2.0,2.1,337.5,30,,,90,75
2026-09-04T19:00,1,metno,9,19,30,2.1,9.4,10,3.9,2.1,351.0,30,0.9,,100.0,75
2026-09-04T19:00,1,jolly,9,19,30,2.1,9.7,10,4.79,2.1,6.9,30,0.21,,57,75
2026-09-04T23:00,24,dmi,9,23,10,4.1,8.2,8,1.1,4.1,139,10,0.1,,100,100
2026-09-04T23:00,24,knmi,9,23,10,4.1,8.2,8,0.9,4.1,138,10,0.1,,100,100
2026-09-04T23:00,24,ecmwf,9,23,10,4.1,8.6,8,3.01,4.1,345,10,0.6,,100,100
2026-09-04T23:00,24,icon,9,23,10,4.1,8.6,8,2.11,4.1,5,10,1.4,,100,100
2026-09-04T23:00,24,ukmo,9,23,10,4.1,9.1,8,0.3,4.1,270,10,0.2,,100,100
2026-09-04T23:00,24,mfr,9,23,10,4.1,8.1,8,2.7,4.1,358,10,0.3,,100,100
2026-09-04T23:00,24,gfs,9,23,10,4.1,8.7,8,3.4,4.1,14,10,0.7,,100,100
2026-09-04T23:00,24,harmonie,9,23,10,4.1,7.0,8,3.0,4.1,0,10,,,90,100
2026-09-04T23:00,24,metno,9,23,10,4.1,8.7,8,4.2,4.1,343.9,10,0.8,,100.0,100
2026-09-04T23:00,24,jolly,9,23,10,4.1,7.61,8,2.88,4.1,18.3,10,0.21,,58,100
2026-09-04T22:00,1,harmonie,9,22,1.0,3.2,8.0,8.8,4.0,3.2,0,1.0,,,90,100
2026-09-04T22:00,1,metno,9,22,1.0,3.2,8.7,8.8,4.2,3.2,349.8,1.0,0.3,,100.0,100
2026-09-05T00:00,48,dmi,9,0,10,4.1,8.2,8,1.7,4.1,357,10,0.4,,100,100
2026-09-05T00:00,48,knmi,9,0,10,4.1,8.2,8,1.7,4.1,356,10,0.4,,100,100
2026-09-05T00:00,48,ecmwf,9,0,10,4.1,9.2,8,0.3,4.1,180,10,0.0,,100,100
2026-09-05T00:00,48,icon,9,0,10,4.1,7.8,8,0.73,4.1,74,10,0.0,,93,100
2026-09-05T00:00,48,ukmo,9,0,10,4.1,9.0,8,1.0,4.1,30,10,0.2,,100,100
2026-09-05T00:00,48,mfr,9,0,10,4.1,7.9,8,2.9,4.1,360,10,0.5,,100,100
2026-09-05T00:00,48,gfs,9,0,10,4.1,8.9,8,1.02,4.1,259,10,0.1,,100,100
2026-09-05T00:00,48,harmonie,9,0,10,4.1,8.0,8,1.0,4.1,135,10,,,95,100
2026-09-05T00:00,48,metno,9,0,10,4.1,9.2,8,0.4,4.1,188.8,10,0.0,,57.8,100
2026-09-05T00:00,48,jolly,9,0,10,4.1,7.38,8,1.24,4.1,31.0,10,0.25,,58,100
2026-09-05T00:00,6,dmi,9,0,10,4.1,8.2,8,0.7,4.1,11,10,0.1,,100,100
2026-09-05T00:00,6,knmi,9,0,10,4.1,8.2,8,0.7,4.1,10,10,0.1,,100,100
2026-09-05T00:00,6,ecmwf,9,0,10,4.1,8.8,8,1.0,4.1,323,10,0.5,,100,100
2026-09-05T00:00,6,icon,9,0,10,4.1,8.3,8,2.0,4.1,357,10,0.6,,100,100
2026-09-05T00:00,6,ukmo,9,0,10,4.1,8.7,8,0.4,4.1,279,10,0.3,,100,100
2026-09-05T00:00,6,mfr,9,0,10,4.1,8.1,8,1.65,4.1,346,10,0.2,,100,100
2026-09-05T00:00,6,gfs,9,0,10,4.1,8.6,8,3.2,4.1,358,10,0.0,,100,100
2026-09-05T00:00,6,harmonie,9,0,10,4.1,7.0,8,2.0,4.1,337.5,10,,,90,100
2026-09-05T00:00,6,metno,9,0,10,4.1,8.8,8,1.8,4.1,322.4,10,0.6,,100.0,100
2026-09-05T00:00,6,jolly,9,0,10,4.1,8.9,8,3.12,4.1,356.5,10,0.14,,57,100
2026-09-05T00:00,3,harmonie,9,0,10,4.1,8.0,8,2.0,4.1,0,10,,,90,100
2026-09-05T00:00,3,metno,9,0,10,4.1,8.7,8,3.2,4.1,335.5,10,0.5,,100.0,100
2026-09-05T00:00,1,dmi,9,0,10,4.1,8.2,8,1.9,4.1,344,10,0.3,,100,100
2026-09-05T00:00,1,knmi,9,0,10,4.1,8.2,8,1.8,4.1,344,10,0.3,,100,100
2026-09-05T00:00,1,ecmwf,9,0,10,4.1,8.6,8,1.3,4.1,328,10,0.3,,100,100
2026-09-05T00:00,1,icon,9,0,10,4.1,8.5,8,3.11,4.1,356,10,0.6,,93,100
2026-09-05T00:00,1,ukmo,9,0,10,4.1,8.8,8,0.8,4.1,312,10,1.2,,100,100
2026-09-05T00:00,1,mfr,9,0,10,4.1,8.2,8,2.31,4.1,355,10,0.3,,100,100
2026-09-05T00:00,1,gfs,9,0,10,4.1,8.6,8,4.52,4.1,5,10,0.0,,100,100
2026-09-05T00:00,1,harmonie,9,0,10,4.1,7.0,8,3.0,4.1,0,10,,,90,100
2026-09-05T00:00,1,metno,9,0,10,4.1,8.7,8,3.2,4.1,335.5,10,0.5,,100.0,100
2026-09-05T00:00,1,jolly,9,0,10,4.1,8.96,8,4.1,4.1,1.4,10,0.33,,59,100
2026-09-05T04:00,48,dmi,9,4,350,3.6,8.0,8,1.0,3.6,165,350,0.1,,100,100
2026-09-05T04:00,48,knmi,9,4,350,3.6,8.3,8,1.4,3.6,349,350,0.0,,100,100
2026-09-05T04:00,48,ecmwf,9,4,350,3.6,8.5,8,1.02,3.6,349,350,0.7,,91,100
2026-09-05T04:00,48,icon,9,4,350,3.6,8.2,8,2.5,3.6,358,350,0.6,,100,100
2026-09-05T04:00,48,ukmo,9,4,350,3.6,8.6,8,1.6,3.6,350,350,0.5,,100,100
2026-09-05T04:00,48,mfr,9,4,350,3.6,7.6,8,1.43,3.6,348,350,0.3,,100,100
2026-09-05T04:00,48,gfs,9,4,350,3.6,9.0,8,1.94,3.6,215,350,0.0,,100,100
2026-09-05T04:00,48,harmonie,9,4,350,3.6,8.0,8,3.0,3.6,337.5,350,,,90,100
2026-09-05T04:00,48,metno,9,4,350,3.6,8.4,8,2.9,3.6,344.4,350,1.1,,100.0,100
2026-09-05T04:00,48,jolly,9,4,350,3.6,6.57,8,1.68,3.6,355.6,350,0.17,,61,100
2026-09-05T04:00,24,dmi,9,4,350,3.6,8.2,8,0.7,3.6,128,350,0.5,,100,100
2026-09-05T04:00,24,knmi,9,4,350,3.6,8.2,8,0.5,3.6,357,350,0.8,,100,100
2026-09-05T04:00,24,ecmwf,9,4,350,3.6,8.4,8,2.24,3.6,350,350,1.7,,100,100
2026-09-05T04:00,24,icon,9,4,350,3.6,8.1,8,0.72,3.6,304,350,0.8,,100,100
2026-09-05T04:00,24,ukmo,9,4,350,3.6,8.6,8,0.7,3.6,236,350,0.1,,100,100
2026-09-05T04:00,24,mfr,9,4,350,3.6,8.0,8,1.0,3.6,174,350,0.3,,97,100
2026-09-05T04:00,24,gfs,9,4,350,3.6,8.3,8,2.7,3.6,219,350,0.0,,100,100
2026-09-05T04:00,24,harmonie,9,4,350,3.6,7.0,8,3.0,3.6,337.5,350,,,90,100
2026-09-05T04:00,24,metno,9,4,350,3.6,8.4,8,3.3,3.6,345.0,350,2.0,,100.0,100
2026-09-05T04:00,24,jolly,9,4,350,3.6,8.03,8,1.98,3.6,349.8,350,0.41,,58,100
2026-09-05T02:00,12,dmi,9,2,360,5.7,8.3,8,1.6,5.7,3,360,0.8,,100,100
2026-09-05T02:00,12,knmi,9,2,360,5.7,8.4,8,0.9,5.7,309,360,0.4,,100,100
2026-09-05T02:00,12,ecmwf,9,2,360,5.7,8.9,8,0.67,5.7,333,360,0.5,,100,100
2026-09-05T02:00,12,icon,9,2,360,5.7,8.0,8,1.24,5.7,346,360,0.9,,100,100
2026-09-05T02:00,12,ukmo,9,2,360,5.7,8.7,8,0.1,5.7,270,360,0.0,,100,100
2026-09-05T02:00,12,mfr,9,2,360,5.7,7.9,8,1.3,5.7,180,360,0.2,,100,100
2026-09-05T02:00,12,gfs,9,2,360,5.7,8.7,8,1.04,5.7,287,360,1.4,,100,100
2026-09-05T02:00,12,harmonie,9,2,360,5.7,7.0,8,1.0,5.7,315,360,,,90,100
2026-09-05T02:00,12,metno,9,2,360,5.7,8.8,8,1.4,5.7,325.3,360,0.6,,100.0,100
2026-09-05T02:00,12,jolly,9,2,360,5.7,9.09,8,1.57,5.7,331.5,360,0.4,,62,100
2026-09-05T02:00,3,dmi,9,2,360,5.7,8.2,8,2.0,5.7,357,360,0.1,,100,100
2026-09-05T02:00,3,knmi,9,2,360,5.7,8.2,8,1.9,5.7,356,360,0.1,,100,100
2026-09-05T02:00,3,ecmwf,9,2,360,5.7,8.5,8,1.44,5.7,326,360,0.6,,100,100
2026-09-05T02:00,3,icon,9,2,360,5.7,8.1,8,4.0,5.7,359,360,0.4,,90,100
2026-09-05T02:00,3,ukmo,9,2,360,5.7,8.7,8,0.6,5.7,342,360,0.2,,100,100
2026-09-05T02:00,3,mfr,9,2,360,5.7,8.1,8,1.53,5.7,349,360,0.5,,100,100
2026-09-05T02:00,3,gfs,9,2,360,5.7,8.5,8,3.71,5.7,5,360,0.0,,100,100
2026-09-05T02:00,3,harmonie,9,2,360,5.7,7.0,8,2.0,5.7,0,360,,,95,100
2026-09-05T02:00,3,metno,9,2,360,5.7,8.6,8,3.5,5.7,335.0,360,0.8,,100.0,100
2026-09-05T02:00,3,jolly,9,2,360,5.7,9.24,8,3.97,5.7,4.1,360,0.17,,55,100
2026-09-05T03:00,6,harmonie,9,3,352.0,3.8,8.0,8.5,1.0,3.8,0,352.0,,,90,100
2026-09-05T03:00,6,metno,9,3,352.0,3.8,8.6,8.5,3.5,3.8,337.3,352.0,1.2,,100.0,100
2026-09-05T06:00,12,dmi,9,6,360,2.1,8.3,8,0.6,2.1,1,360,0.5,,100,100
2026-09-05T06:00,12,knmi,9,6,360,2.1,8.3,8,0.6,2.1,360,360,0.5,,100,100
2026-09-05T06:00,12,ecmwf,9,6,360,2.1,8.8,8,0.51,2.1,11,360,0.3,,93,100
2026-09-05T06:00,12,icon,9,6,360,2.1,7.9,8,3.31,2.1,5,360,0.2,,89,100
2026-09-05T06:00,12,ukmo,9,6,360,2.1,8.6,8,1.0,2.1,338,360,0.0,,98,100
2026-09-05T06:00,12,mfr,9,6,360,2.1,7.9,8,1.3,2.1,184,360,0.5,,100,100
2026-09-05T06:00,12,gfs,9,6,360,2.1,8.6,8,1.41,2.1,315,360,0.3,,100,100
2026-09-05T06:00,12,harmonie,9,6,360,2.1,8.0,8,1.0,2.1,202.5,360,,,90,100
2026-09-05T06:00,12,metno,9,6,360,2.1,8.7,8,1.1,2.1,350.7,360,0.7,,100.0,100
2026-09-05T06:00,12,jolly,9,6,360,2.1,9.13,8,2.64,2.1,354.9,360,0.3,,62,100
2026-09-05T07:00,3,dmi,9,7,348.0,1.6,8.3,8.4,1.9,1.6,1,348.0,0.0,,100,100
2026-09-05T07:00,3,knmi,9,7,348.0,1.6,8.2,8.4,2.2,1.6,351,348.0,0.7,,100,100
2026-09-05T07:00,3,ecmwf,9,7,348.0,1.6,8.8,8.4,1.03,1.6,331,348.0,0.7,,92,100
2026-09-05T07:00,3,icon,9,7,348.0,1.6,8.2,8.4,3.11,1.6,6,348.0,0.0,,95,100
2026-09-05T07:00,3,ukmo,9,7,348.0,1.6,8.7,8.4,1.0,1.6,320,348.0,0.4,,100,100
2026-09-05T07:00,3,mfr,9,7,348.0,1.6,8.1,8.4,0.92,1.6,193,348.0,1.2,,100,100
2026-09-05T07:00,3,gfs,9,7,348.0,1.6,8.6,8.4,1.39,1.6,300,348.0,0.7,,100,100
2026-09-05T07:00,3,harmonie,9,7,348.0,1.6,8.0,8.4,2.0,1.6,0,348.0,,,90,100
2026-09-05T07:00,3,metno,9,7,348.0,1.6,8.7,8.4,2.1,1.6,340.0,348.0,1.0,,100.0,100
2026-09-05T07:00,3,jolly,9,7,348.0,1.6,9.28,8.4,3.37,1.6,354.0,348.0,0.4,,59,100
2026-09-05T09:00,48,dmi,9,9,268.0,0.0,8.4,9.1,1.4,0.0,142,268.0,0.0,,100,100
2026-09-05T09:00,48,knmi,9,9,268.0,0.0,9.5,9.1,1.2,0.0,200,268.0,0.0,,99,100
2026-09-05T09:00,48,ecmwf,9,9,268.0,0.0,10.0,9.1,1.88,0.0,205,268.0,0.1,,63,100
2026-09-05T09:00,48,icon,9,9,268.0,0.0,8.9,9.1,2.21,0.0,355,268.0,0.6,,99,100
2026-09-05T09:00,48,ukmo,9,9,268.0,0.0,9.5,9.1,1.1,0.0,322,268.0,0.3,,100,100
2026-09-05T09:00,48,mfr,9,9,268.0,0.0,8.1,9.1,2.52,0.0,173,268.0,0.3,,92,100
2026-09-05T09:00,48,gfs,9,9,268.0,0.0,8.9,9.1,1.35,0.0,48,268.0,0.1,,100,100
2026-09-05T09:00,48,harmonie,9,9,268.0,0.0,10.0,9.1,2.0,0.0,202.5,268.0,,,95,100
2026-09-05T09:00,48,metno,9,9,268.0,0.0,10.0,9.1,2.1,0.0,200.2,268.0,0.0,,86.7,100
2026-09-05T09:00,48,jolly,9,9,268.0,0.0,6.98,9.1,1.65,0.0,230.6,268.0,0.1,,57,100
2026-09-05T09:00,24,dmi,9,9,268.0,0.0,8.5,9.1,0.9,0.0,333,268.0,0.6,,100,100
2026-09-05T09:00,24,knmi,9,9,268.0,0.0,8.5,9.1,0.9,0.0,332,268.0,0.6,,100,100
2026-09-05T09:00,24,ecmwf,9,9,268.0,0.0,9.1,9.1,0.22,0.0,333,268.0,1.6,,89,100
2026-09-05T09:00,24,icon,9,9,268.0,0.0,8.9,9.1,0.71,0.0,172,268.0,0.0,,99,100
2026-09-05T09:00,24,ukmo,9,9,268.0,0.0,9.4,9.1,1.3,0.0,231,268.0,0.1,,97,100
2026-09-05T09:00,24,mfr,9,9,268.0,0.0,8.5,9.1,0.82,0.0,166,268.0,0.6,,87,100
2026-09-05T09:00,24,gfs,9,9,268.0,0.0,9.1,9.1,3.02,0.0,214,268.0,0.0,,100,100
2026-09-05T09:00,24,harmonie,9,9,268.0,0.0,8.0,9.1,1.0,0.0,337.5,268.0,,,90,100
2026-09-05T09:00,24,metno,9,9,268.0,0.0,8.9,9.1,1.0,0.0,306.7,268.0,1.1,,100.0,100
2026-09-05T09:00,24,jolly,9,9,268.0,0.0,9.25,9.1,1.62,0.0,299.1,268.0,0.4,,59,100
2026-09-05T09:00,12,harmonie,9,9,268.0,0.0,9.0,9.1,1.0,0.0,337.5,268.0,,,90,100
2026-09-05T09:00,12,metno,9,9,268.0,0.0,8.7,9.1,2.1,0.0,330.5,268.0,1.2,,100.0,100
2026-09-05T09:00,1,dmi,9,9,268.0,0.0,8.7,9.1,2.5,0.0,355,268.0,0.0,,100,100
2026-09-05T09:00,1,knmi,9,9,268.0,0.0,8.7,9.1,2.4,0.0,354,268.0,0.0,,100,100
2026-09-05T09:00,1,ecmwf,9,9,268.0,0.0,9.1,9.1,1.46,0.0,344,268.0,0.6,,87,100
2026-09-05T09:00,1,icon,9,9,268.0,0.0,8.8,9.1,2.92,0.0,354,268.0,0.1,,99,100
2026-09-05T09:00,1,ukmo,9,9,268.0,0.0,9.1,9.1,1.9,0.0,345,268.0,0.2,,100,100
2026-09-05T09:00,1,mfr,9,9,268.0,0.0,8.2,9.1,1.0,0.0,186,268.0,2.0,,97,100
2026-09-05T09:00,1,gfs,9,9,268.0,0.0,8.4,9.1,1.3,0.0,302,268.0,1.4,,100,100
2026-09-05T09:00,1,harmonie,9,9,268.0,0.0,9.0,9.1,2.0,0.0,0,268.0,,,90,100
2026-09-05T09:00,1,metno,9,9,268.0,0.0,8.9,9.1,1.8,0.0,339.8,268.0,0.5,,100.0,100
2026-09-05T09:00,1,jolly,9,9,268.0,0.0,9.3,9.1,3.5,0.0,358.1,268.0,0.39,,58,100
2026-09-05T10:00,6,dmi,9,10,,1.0,9.1,9,1.9,1.0,337,,0.0,,100,100
2026-09-05T10:00,6,knmi,9,10,,1.0,8.5,9,2.1,1.0,350,,0.3,,100,100
2026-09-05T10:00,6,ecmwf,9,10,,1.0,9.6,9,0.82,1.0,346,,0.2,,65,100
2026-09-05T10:00,6,icon,9,10,,1.0,9.3,9,2.81,1.0,356,,0.0,,91,100
2026-09-05T10:00,6,ukmo,9,10,,1.0,9.5,9,1.5,1.0,303,,0.2,,100,100
2026-09-05T10:00,6,mfr,9,10,,1.0,8.4,9,0.91,1.0,174,,1.6,,97,100
2026-09-05T10:00,6,gfs,9,10,,1.0,8.7,9,0.89,1.0,297,,0.2,,100,100
2026-09-05T10:00,6,harmonie,9,10,,1.0,9.0,9,2.0,1.0,0,,,,90,100
2026-09-05T10:00,6,metno,9,10,,1.0,9.2,9,1.5,1.0,353.9,,0.2,,100.0,100
2026-09-05T10:00,6,jolly,9,10,,1.0,9.59,9,3.21,1.0,348.6,,0.3,,55,100
2026-09-05T11:00,12,dmi,9,11,,1.0,9.5,10,2.3,1.0,1,,0.0,,100,100
2026-09-05T11:00,12,knmi,9,11,,1.0,9.5,10,2.3,1.0,360,,0.0,,100,100
2026-09-05T11:00,12,ecmwf,9,11,,1.0,9.2,10,1.6,1.0,356,,0.7,,89,100
2026-09-05T11:00,12,icon,9,11,,1.0,9.2,10,2.41,1.0,355,,0.1,,98,100
2026-09-05T11:00,12,ukmo,9,11,,1.0,10.0,10,1.7,1.0,315,,0.3,,100,100
2026-09-05T11:00,12,mfr,9,11,,1.0,8.8,10,1.04,1.0,163,,0.2,,100,100
2026-09-05T11:00,12,gfs,9,11,,1.0,8.8,10,0.73,1.0,286,,0.3,,100,100
2026-09-05T11:00,12,harmonie,9,11,,1.0,9.0,10,2.0,1.0,0,,,,90,100
2026-09-05T11:00,12,metno,9,11,,1.0,9.1,10,2.2,1.0,346.7,,0.7,,100.0,100
2026-09-05T11:00,12,jolly,9,11,,1.0,10.02,10,3.26,1.0,358.4,,0.11,,62,100
2026-09-05T11:00,3,dmi,9,11,,1.0,8.5,10,1.9,1.0,347,,0.1,,100,100
2026-09-05T11:00,3,knmi,9,11,,1.0,8.5,10,1.8,1.0,346,,0.1,,100,100
2026-09-05T11:00,3,ecmwf,9,11,,1.0,9.5,10,1.1,1.0,360,,0.3,,93,100
2026-09-05T11:00,3,icon,9,11,,1.0,9.6,10,2.7,1.0,360,,0.0,,92,100
2026-09-05T11:00,3,ukmo,9,11,,1.0,10.2,10,2.0,1.0,336,,0.1,,100,100
2026-09-05T11:00,3,mfr,9,11,,1.0,8.7,10,0.81,1.0,150,,0.7,,98,100
2026-09-05T11:00,3,gfs,9,11,,1.0,8.5,10,1.36,1.0,287,,2.1,,100,100
2026-09-05T11:00,3,harmonie,9,11,,1.0,9.0,10,2.0,1.0,0,,,,90,100
2026-09-05T11:00,3,metno,9,11,,1.0,9.4,10,1.9,1.0,347.8,,0.2,,100.0,100
2026-09-05T11:00,3,jolly,9,11,,1.0,9.81,10,3.29,1.0,352.7,,0.28,,62,100
2026-09-05T11:00,1,dmi,9,11,,1.0,8.5,10,1.9,1.0,347,,0.1,,100,100
2026-09-05T11:00,1,knmi,9,11,,1.0,8.7,10,1.7,1.0,348,,0.1,,100,100
2026-09-05T11:00,1,ecmwf,9,11,,1.0,9.5,10,1.1,1.0,360,,0.3,,93,100
2026-09-05T11:00,1,icon,9,11,,1.0,9.6,10,2.9,1.0,358,,0.0,,90,100
2026-09-05T11:00,1,ukmo,9,11,,1.0,10.2,10,2.0,1.0,336,,0.1,,100,100
2026-09-05T11:00,1,mfr,9,11,,1.0,8.5,10,1.0,1.0,180,,0.8,,100,100
2026-09-05T11:00,1,gfs,9,11,,1.0,8.5,10,1.36,1.0,287,,2.1,,100,100
2026-09-05T11:00,1,harmonie,9,11,,1.0,9.0,10,2.0,1.0,0,,,,90,100
2026-09-05T11:00,1,metno,9,11,,1.0,9.4,10,1.9,1.0,347.8,,0.2,,100.0,100
2026-09-05T11:00,1,jolly,9,11,,1.0,9.6,10,3.29,1.0,342.1,,0.29,,65,100
2026-09-05T13:00,3,dmi,9,13,20,2.1,8.8,12,1.5,2.1,357,20,0.1,,100,75
2026-09-05T13:00,3,knmi,9,13,20,2.1,8.7,12,1.3,2.1,358,20,0.2,,100,75
2026-09-05T13:00,3,ecmwf,9,13,20,2.1,9.7,12,1.02,2.1,11,20,0.1,,85,75
2026-09-05T13:00,3,icon,9,13,20,2.1,10.8,12,2.3,2.1,360,20,0.0,,86,75
2026-09-05T13:00,3,ukmo,9,13,20,2.1,10.9,12,1.4,2.1,345,20,0.0,,78,75
2026-09-05T13:00,3,mfr,9,13,20,2.1,9.0,12,0.45,2.1,153,20,0.2,,100,75
2026-09-05T13:00,3,gfs,9,13,20,2.1,8.7,12,0.71,2.1,278,20,0.3,,100,75
2026-09-05T13:00,3,harmonie,9,13,20,2.1,10.0,12,1.0,2.1,337.5,20,,,90,75
2026-09-05T13:00,3,metno,9,13,20,2.1,9.6,12,1.7,2.1,337.8,20,0.1,,100.0,75
2026-09-05T13:00,3,jolly,9,13,20,2.1,10.3,12,2.81,2.1,352.7,20,0.11,,64,75
2026-09-05T14:00,48,dmi,9,14,360,3.6,11.4,11,1.5,3.6,144,360,0.0,,100,75
2026-09-05T14:00,48,knmi,9,14,360,3.6,11.4,11,0.2,3.6,353,360,0.1,,100,75
2026-09-05T14:00,48,ecmwf,9,14,360,3.6,12.4,11,2.12,3.6,289,360,0.0,,63,75
2026-09-05T14:00,48,icon,9,14,360,3.6,10.0,11,0.5,3.6,323,360,0.2,,90,75
2026-09-05T14:00,48,ukmo,9,14,360,3.6,11.0,11,1.9,3.6,30,360,0.1,,100,75
2026-09-05T14:00,48,mfr,9,14,360,3.6,8.8,11,1.17,3.6,211,360,0.2,,90,75
2026-09-05T14:00,48,gfs,9,14,360,3.6,10.2,11,2.55,3.6,225,360,0.0,,100,75
2026-09-05T14:00,48,harmonie,9,14,360,3.6,12.0,11,2.0,3.6,270,360,,,95,75
2026-09-05T14:00,48,metno,9,14,360,3.6,12.5,11,3.1,3.6,272.7,360,0.0,,77.3,75
2026-09-05T14:00,48,jolly,9,14,360,3.6,8.88,11,1.58,3.6,280.5,360,0.06,,57,75
2026-09-05T14:00,24,dmi,9,14,360,3.6,8.9,11,0.8,3.6,166,360,0.3,,100,75
2026-09-05T14:00,24,knmi,9,14,360,3.6,12.3,11,0.4,3.6,77,360,0.0,,95,75
2026-09-05T14:00,24,ecmwf,9,14,360,3.6,9.5,11,1.02,3.6,11,360,0.1,,57,75
2026-09-05T14:00,24,icon,9,14,360,3.6,10.2,11,0.42,3.6,45,360,0.1,,88,75
2026-09-05T14:00,24,ukmo,9,14,360,3.6,11.5,11,2.2,3.6,344,360,0.4,,94,75
2026-09-05T14:00,24,mfr,9,14,360,3.6,11.5,11,2.2,3.6,177,360,0.0,,28,75
2026-09-05T14:00,24,gfs,9,14,360,3.6,9.9,11,1.2,3.6,222,360,0.0,,100,75
2026-09-05T14:00,24,harmonie,9,14,360,3.6,12.0,11,2.0,3.6,112.5,360,,,95,75
2026-09-05T14:00,24,metno,9,14,360,3.6,9.6,11,1.8,3.6,348.3,360,0.0,,98.4,75
2026-09-05T14:00,24,jolly,9,14,360,3.6,11.78,11,1.87,3.6,91.6,360,0.11,,55,75
2026-09-05T14:00,6,dmi,9,14,360,3.6,9.3,11,1.7,3.6,355,360,0.0,,100,75
2026-09-05T14:00,6,knmi,9,14,360,3.6,9.3,11,1.7,3.6,354,360,0.0,,100,75
2026-09-05T14:00,6,ecmwf,9,14,360,3.6,9.8,11,1.02,3.6,11,360,0.1,,75,75
2026-09-05T14:00,6,icon,9,14,360,3.6,11.0,11,1.91,3.6,354,360,0.1,,77,75
2026-09-05T14:00,6,ukmo,9,14,360,3.6,11.9,11,1.6,3.6,339,360,0.0,,94,75
2026-09-05T14:00,6,mfr,9,14,360,3.6,9.7,11,0.32,3.6,108,360,0.0,,91,75
2026-09-05T14:00,6,gfs,9,14,360,3.6,8.9,11,0.54,3.6,292,360,0.0,,100,75
2026-09-05T14:00,6,harmonie,9,14,360,3.6,10.0,11,1.0,3.6,337.5,360,,,90,75
2026-09-05T14:00,6,metno,9,14,360,3.6,9.7,11,2.1,3.6,338.5,360,0.1,,100.0,75
2026-09-05T14:00,6,jolly,9,14,360,3.6,10.49,11,2.91,3.6,0.3,360,0.01,,61,75
2026-09-05T14:00,1,dmi,9,14,360,3.6,9.2,11,1.6,3.6,353,360,0.1,,100,75
2026-09-05T14:00,1,knmi,9,14,360,3.6,9.1,11,0.8,3.6,11,360,0.1,,100,75
2026-09-05T14:00,1,ecmwf,9,14,360,3.6,10.2,11,0.45,3.6,27,360,0.2,,84,75
2026-09-05T14:00,1,icon,9,14,360,3.6,10.6,11,1.71,3.6,339,360,0.0,,96,75
2026-09-05T14:00,1,ukmo,9,14,360,3.6,11.1,11,2.4,3.6,353,360,0.1,,86,75
2026-09-05T14:00,1,mfr,9,14,360,3.6,9.2,11,0.32,3.6,162,360,0.1,,99,75
2026-09-05T14:00,1,gfs,9,14,360,3.6,8.8,11,0.82,3.6,256,360,0.0,,100,75
2026-09-05T14:00,1,harmonie,9,14,360,3.6,9.0,11,1.0,3.6,337.5,360,,,90,75
2026-09-05T14:00,1,metno,9,14,360,3.6,10.1,11,1.1,3.6,337.5,360,0.2,,100.0,75
2026-09-05T14:00,1,jolly,9,14,360,3.6,10.29,11,2.6,3.6,343.5,360,0.07,,64,75
2026-09-05T16:00,12,dmi,9,16,360,4.1,11.7,12,1.6,4.1,340,360,0.0,,100,75
2026-09-05T16:00,12,knmi,9,16,360,4.1,9.3,12,0.9,4.1,15,360,0.0,,100,75
2026-09-05T16:00,12,ecmwf,9,16,360,4.1,10.8,12,1.24,4.1,14,360,0.0,,53,75
2026-09-05T16:00,12,icon,9,16,360,4.1,11.5,12,1.08,4.1,22,360,0.0,,85,75
2026-09-05T16:00,12,ukmo,9,16,360,4.1,12.1,12,1.6,4.1,333,360,0.0,,56,75
2026-09-05T16:00,12,mfr,9,16,360,4.1,10.3,12,0.64,4.1,39,360,0.0,,99,75
2026-09-05T16:00,12,gfs,9,16,360,4.1,9.6,12,1.56,4.1,225,360,0.0,,100,75
2026-09-05T16:00,12,harmonie,9,16,360,4.1,11.0,12,1.0,4.1,337.5,360,,,95,75
2026-09-05T16:00,12,metno,9,16,360,4.1,10.7,12,1.8,4.1,9.1,360,0.0,,85.2,75
2026-09-05T16:00,12,jolly,9,16,360,4.1,11.41,12,3.03,4.1,18.8,360,0.0,,50,75
2026-09-05T16:00,6,dmi,9,16,360,4.1,10.8,12,1.3,4.1,346,360,0.0,,100,75
2026-09-05T16:00,6,knmi,9,16,360,4.1,10.4,12,1.0,4.1,327,360,0.1,,100,75
2026-09-05T16:00,6,ecmwf,9,16,360,4.1,9.9,12,1.22,4.1,9,360,0.0,,69,75
2026-09-05T16:00,6,icon,9,16,360,4.1,11.8,12,1.4,4.1,4,360,0.0,,77,75
2026-09-05T16:00,6,ukmo,9,16,360,4.1,11.7,12,1.3,4.1,317,360,0.3,,75,75
2026-09-05T16:00,6,mfr,9,16,360,4.1,9.7,12,0.41,4.1,14,360,0.0,,96,75
2026-09-05T16:00,6,gfs,9,16,360,4.1,9.3,12,0.78,4.1,230,360,0.0,,100,75
2026-09-05T16:00,6,harmonie,9,16,360,4.1,10.0,12,1.0,4.1,247.5,360,,,95,75
2026-09-05T16:00,6,metno,9,16,360,4.1,9.8,12,2.0,4.1,354.3,360,0.0,,96.9,75
2026-09-05T16:00,6,jolly,9,16,360,4.1,10.86,12,2.75,4.1,348.3,360,0.05,,61,75
2026-09-05T16:00,3,dmi,9,16,360,4.1,10.3,12,1.3,4.1,13,360,0.0,,98,75
2026-09-05T16:00,3,knmi,9,16,360,4.1,11.2,12,1.0,4.1,351,360,0.0,,43,75
2026-09-05T16:00,3,ecmwf,9,16,360,4.1,10.2,12,0.85,4.1,21,360,0.1,,70,75
2026-09-05T16:00,3,icon,9,16,360,4.1,10.9,12,1.1,4.1,355,360,0.0,,92,75
2026-09-05T16:00,3,ukmo,9,16,360,4.1,11.6,12,1.8,4.1,340,360,0.0,,77,75
2026-09-05T16:00,3,mfr,9,16,360,4.1,9.7,12,0.41,4.1,14,360,0.0,,96,75
2026-09-05T16:00,3,gfs,9,16,360,4.1,9.4,12,1.22,4.1,235,360,0.0,,100,75
2026-09-05T16:00,3,harmonie,9,16,360,4.1,9.0,12,1.0,4.1,225,360,,,90,75
2026-09-05T16:00,3,metno,9,16,360,4.1,10.0,12,2.1,4.1,9.5,360,0.0,,100.0,75
2026-09-05T16:00,3,jolly,9,16,360,4.1,11.15,12,2.74,4.1,359.3,360,0.0,,62,75
2026-09-05T18:00,48,dmi,9,18,20,5.1,11.4,9,0.7,5.1,207,20,0.0,,100,44
2026-09-05T18:00,48,knmi,9,18,20,5.1,11.4,9,0.7,5.1,206,20,0.0,,100,44
2026-09-05T18:00,48,ecmwf,9,18,20,5.1,12.9,9,0.91,5.1,264,20,0.0,,35,44
2026-09-05T18:00,48,icon,9,18,20,5.1,10.4,9,0.54,5.1,112,20,0.1,,94,44
2026-09-05T18:00,48,ukmo,9,18,20,5.1,10.6,9,2.0,5.1,28,20,0.0,,95,44
2026-09-05T18:00,48,mfr,9,18,20,5.1,10.4,9,1.51,5.1,172,20,0.0,,100,44
2026-09-05T18:00,48,gfs,9,18,20,5.1,10.1,9,1.32,5.1,279,20,0.0,,100,44
2026-09-05T18:00,48,harmonie,9,18,20,5.1,11.0,9,2.0,5.1,135,20,,,95,44
2026-09-05T18:00,48,metno,9,18,20,5.1,13.0,9,1.6,5.1,275.1,20,0.0,,53.1,44
2026-09-05T18:00,48,jolly,9,18,20,5.1,8.79,9,1.41,5.1,240.4,20,0.0,,53,44
2026-09-05T18:00,24,dmi,9,18,20,5.1,11.2,9,0.5,5.1,272,20,0.0,,100,44
2026-09-05T18:00,24,knmi,9,18,20,5.1,11.2,9,0.5,5.1,271,20,0.0,,100,44
2026-09-05T18:00,24,ecmwf,9,18,20,5.1,10.5,9,1.03,5.1,29,20,0.0,,44,44
2026-09-05T18:00,24,icon,9,18,20,5.1,10.5,9,0.32,5.1,342,20,0.1,,91,44
2026-09-05T18:00,24,ukmo,9,18,20,5.1,11.8,9,1.4,5.1,333,20,0.1,,47,44
2026-09-05T18:00,24,mfr,9,18,20,5.1,11.7,9,1.52,5.1,157,20,0.0,,27,44
2026-09-05T18:00,24,gfs,9,18,20,5.1,10.0,9,2.37,5.1,208,20,0.0,,100,44
2026-09-05T18:00,24,harmonie,9,18,20,5.1,12.0,9,1.0,5.1,157.5,20,,,95,44
2026-09-05T18:00,24,metno,9,18,20,5.1,10.4,9,1.2,5.1,10.0,20,0.0,,92.2,44
2026-09-05T18:00,24,jolly,9,18,20,5.1,12.76,9,1.79,5.1,276.7,20,0.01,,52,44
2026-09-05T17:00,1,dmi,9,17,4.0,5.2,10.4,10.7,1.9,5.2,353,4.0,0.0,,99,75
2026-09-05T17:00,1,knmi,9,17,4.0,5.2,11.2,10.7,1.6,5.2,344,4.0,0.0,,99,75
2026-09-05T17:00,1,ecmwf,9,17,4.0,5.2,10.0,10.7,1.36,5.2,17,4.0,0.1,,56,75
2026-09-05T17:00,1,icon,9,17,4.0,5.2,10.0,10.7,0.82,5.2,14,4.0,0.0,,92,75
2026-09-05T17:00,1,ukmo,9,17,4.0,5.2,11.5,10.7,1.9,5.2,343,4.0,0.0,,72,75
2026-09-05T17:00,1,mfr,9,17,4.0,5.2,9.8,10.7,1.5,5.2,360,4.0,0.0,,97,75
2026-09-05T17:00,1,gfs,9,17,4.0,5.2,9.5,10.7,1.14,5.2,232,4.0,0.0,,100,75
2026-09-05T17:00,1,harmonie,9,17,4.0,5.2,10.0,10.7,1.0,5.2,292.5,4.0,,,95,75
2026-09-05T17:00,1,metno,9,17,4.0,5.2,9.7,10.7,2.3,5.2,9.6,4.0,0.0,,100.0,75
2026-09-05T17:00,1,jolly,9,17,4.0,5.2,10.92,10.7,3.04,5.2,351.4,4.0,0.0,,58,75
2026-09-05T21:00,48,dmi,9,21,10,2.1,9.2,8,0.7,2.1,104,10,0.0,,91,100
2026-09-05T21:00,48,knmi,9,21,10,2.1,10.1,8,1.6,2.1,161,10,0.0,,100,100
2026-09-05T21:00,48,ecmwf,9,21,10,2.1,9.4,8,0.1,2.1,90,10,0.1,,60,100
2026-09-05T21:00,48,icon,9,21,10,2.1,8.8,8,2.36,2.1,126,10,0.1,,70,100
2026-09-05T21:00,48,ukmo,9,21,10,2.1,8.2,8,1.6,2.1,208,10,0.0,,9,100
2026-09-05T21:00,48,mfr,9,21,10,2.1,9.5,8,1.43,2.1,155,10,0.0,,94,100
2026-09-05T21:00,48,gfs,9,21,10,2.1,6.9,8,0.61,2.1,9,10,0.0,,18,100
2026-09-05T21:00,48,harmonie,9,21,10,2.1,10.0,8,2.0,2.1,157.5,10,,,95,100
2026-09-05T21:00,48,metno,9,21,10,2.1,9.2,8,0.4,2.1,62.5,10,0.0,,76.6,100
2026-09-05T21:00,48,jolly,9,21,10,2.1,6.63,8,1.17,2.1,184.2,10,0.01,,49,100
2026-09-05T21:00,24,harmonie,9,21,10,2.1,8.0,8,1.0,2.1,90,10,,,95,100
2026-09-05T21:00,24,metno,9,21,10,2.1,8.9,8,0.9,2.1,349.1,10,0.0,,73.4,100
2026-09-05T20:00,12,dmi,9,20,28.0,2.1,9.1,8.2,0.9,2.1,351,28.0,0.0,,59,100
2026-09-05T20:00,12,knmi,9,20,28.0,2.1,9.1,8.2,0.9,2.1,350,28.0,0.0,,59,100
2026-09-05T20:00,12,ecmwf,9,20,28.0,2.1,9.4,8.2,1.0,2.1,360,28.0,0.0,,56,100
2026-09-05T20:00,12,icon,9,20,28.0,2.1,10.0,8.2,2.56,2.1,129,28.0,0.0,,85,100
2026-09-05T20:00,12,ukmo,9,20,28.0,2.1,9.4,8.2,0.8,2.1,351,28.0,0.0,,2,100
2026-09-05T20:00,12,mfr,9,20,28.0,2.1,9.8,8.2,1.46,2.1,16,28.0,0.1,,84,100
2026-09-05T20:00,12,gfs,9,20,28.0,2.1,9.2,8.2,1.7,2.1,208,28.0,0.0,,100,100
2026-09-05T20:00,12,harmonie,9,20,28.0,2.1,9.0,8.2,1.0,2.1,337.5,28.0,,,70,100
2026-09-05T20:00,12,metno,9,20,28.0,2.1,9.5,8.2,0.6,2.1,313.3,28.0,0.0,,76.6,100
2026-09-05T20:00,12,jolly,9,20,28.0,2.1,9.68,8.2,2.9,2.1,14.2,28.0,0.01,,38,100
2026-09-05T20:00,1,dmi,9,20,28.0,2.1,9.4,8.2,1.9,2.1,347,28.0,0.0,,10,100
2026-09-05T20:00,1,knmi,9,20,28.0,2.1,8.8,8.2,2.6,2.1,356,28.0,0.0,,99,100
2026-09-05T20:00,1,ecmwf,9,20,28.0,2.1,9.5,8.2,1.3,2.1,4,28.0,0.0,,59,100
2026-09-05T20:00,1,icon,9,20,28.0,2.1,9.6,8.2,0.81,2.1,83,28.0,0.0,,80,100
2026-09-05T20:00,1,ukmo,9,20,28.0,2.1,8.3,8.2,1.1,2.1,335,28.0,0.0,,0,100
2026-09-05T20:00,1,mfr,9,20,28.0,2.1,9.5,8.2,1.14,2.1,15,28.0,0.0,,82,100
2026-09-05T20:00,1,gfs,9,20,28.0,2.1,9.1,8.2,1.92,2.1,208,28.0,0.0,,100,100
2026-09-05T20:00,1,harmonie,9,20,28.0,2.1,9.0,8.2,3.0,2.1,0,28.0,,,95,100
2026-09-05T20:00,1,metno,9,20,28.0,2.1,9.2,8.2,1.1,2.1,335.2,28.0,0.0,,96.1,100
2026-09-05T20:00,1,jolly,9,20,28.0,2.1,9.81,8.2,3.23,2.1,2.9,28.0,0.0,,49,100
2026-09-05T19:00,6,dmi,9,19,10,4.6,10.1,9,1.5,4.6,348,10,0.0,,67,100
2026-09-05T19:00,6,knmi,9,19,10,4.6,10.4,9,1.7,4.6,356,10,0.0,,60,100
2026-09-05T19:00,6,ecmwf,9,19,10,4.6,9.7,9,1.53,4.6,11,10,0.0,,53,100
2026-09-05T19:00,6,icon,9,19,10,4.6,10.6,9,0.94,4.6,32,10,0.0,,71,100
2026-09-05T19:00,6,ukmo,9,19,10,4.6,10.6,9,1.6,4.6,349,10,0.0,,3,100
2026-09-05T19:00,6,mfr,9,19,10,4.6,9.9,9,1.04,4.6,17,10,0.0,,84,100
2026-09-05T19:00,6,gfs,9,19,10,4.6,9.2,9,1.89,4.6,212,10,0.0,,100,100
2026-09-05T19:00,6,harmonie,9,19,10,4.6,9.0,9,1.0,4.6,337.5,10,,,95,100
2026-09-05T19:00,6,metno,9,19,10,4.6,9.7,9,2.0,4.6,347.9,10,0.0,,68.0,100
2026-09-05T19:00,6,jolly,9,19,10,4.6,10.38,9,3.04,4.6,12.2,10,0.0,,48,100
2026-09-05T19:00,3,dmi,9,19,10,4.6,9.9,9,2.1,4.6,358,10,0.0,,90,100
2026-09-05T19:00,3,knmi,9,19,10,4.6,10.3,9,2.3,4.6,358,10,0.0,,100,100
2026-09-05T19:00,3,ecmwf,9,19,10,4.6,9.7,9,1.53,4.6,11,10,0.0,,53,100
2026-09-05T19:00,3,icon,9,19,10,4.6,9.8,9,0.72,4.6,56,10,0.0,,83,100
2026-09-05T19:00,3,ukmo,9,19,10,4.6,10.6,9,1.6,4.6,349,10,0.0,,3,100
2026-09-05T19:00,3,mfr,9,19,10,4.6,9.6,9,1.49,4.6,20,10,0.0,,89,100
2026-09-05T19:00,3,gfs,9,19,10,4.6,9.2,9,1.89,4.6,212,10,0.0,,100,100
2026-09-05T19:00,3,harmonie,9,19,10,4.6,10.0,9,2.0,4.6,0,10,,,95,100
2026-09-05T19:00,3,metno,9,19,10,4.6,9.7,9,2.0,4.6,347.9,10,0.0,,68.0,100
2026-09-05T19:00,3,jolly,9,19,10,4.6,10.91,9,3.28,4.6,14.9,10,0.0,,52,100
2026-09-05T22:00,12,dmi,9,22,360,2.1,6.8,7,0.9,2.1,120,360,0.0,,7,100
2026-09-05T22:00,12,knmi,9,22,360,2.1,7.7,7,0.5,2.1,344,360,0.0,,30,100
2026-09-05T22:00,12,ecmwf,9,22,360,2.1,8.9,7,0.51,2.1,349,360,0.0,,56,100
2026-09-05T22:00,12,icon,9,22,360,2.1,9.2,7,2.56,2.1,129,360,0.1,,83,100
2026-09-05T22:00,12,ukmo,9,22,360,2.1,6.8,7,0.3,2.1,256,360,0.0,,0,100
2026-09-05T22:00,12,mfr,9,22,360,2.1,9.0,7,0.89,2.1,63,360,0.1,,99,100
2026-09-05T22:00,12,gfs,9,22,360,2.1,9.1,7,1.71,2.1,201,360,0.0,,100,100
2026-09-05T22:00,12,harmonie,9,22,360,2.1,6.0,7,1.0,2.1,90,360,,,70,100
2026-09-05T22:00,12,metno,9,22,360,2.1,9.2,7,0.4,2.1,321.0,360,0.0,,100.0,100
2026-09-05T22:00,12,jolly,9,22,360,2.1,8.24,7,1.67,2.1,118.0,360,0.02,,49,100
2026-09-05T22:00,6,dmi,9,22,360,2.1,8.1,7,0.8,2.1,353,360,0.0,,97,100
2026-09-05T22:00,6,knmi,9,22,360,2.1,8.0,7,1.6,2.1,358,360,0.0,,100,100
2026-09-05T22:00,6,ecmwf,9,22,360,2.1,9.1,7,0.8,2.1,360,360,0.0,,64,100
2026-09-05T22:00,6,icon,9,22,360,2.1,8.6,7,2.22,2.1,126,360,0.0,,83,100
2026-09-05T22:00,6,ukmo,9,22,360,2.1,7.0,7,0.3,2.1,34,360,0.0,,5,100
2026-09-05T22:00,6,mfr,9,22,360,2.1,8.8,7,0.94,2.1,32,360,0.0,,67,100
2026-09-05T22:00,6,gfs,9,22,360,2.1,8.9,7,2.06,2.1,203,360,0.0,,100,100
2026-09-05T22:00,6,harmonie,9,22,360,2.1,8.0,7,2.0,2.1,0,360,,,95,100
2026-09-05T22:00,6,metno,9,22,360,2.1,9.2,7,0.7,2.1,348.8,360,0.0,,100.0,100
2026-09-05T22:00,6,jolly,9,22,360,2.1,8.94,7,2.87,2.1,27.3,360,0.0,,54,100
2026-09-05T22:00,3,dmi,9,22,360,2.1,7.6,7,1.7,2.1,349,360,0.0,,100,100
2026-09-05T22:00,3,knmi,9,22,360,2.1,7.5,7,1.2,2.1,22,360,0.0,,90,100
2026-09-05T22:00,3,ecmwf,9,22,360,2.1,9.1,7,0.8,2.1,360,360,0.0,,64,100
2026-09-05T22:00,3,icon,9,22,360,2.1,8.7,7,1.64,2.1,128,360,0.0,,84,100
2026-09-05T22:00,3,ukmo,9,22,360,2.1,7.0,7,0.3,2.1,34,360,0.0,,5,100
2026-09-05T22:00,3,mfr,9,22,360,2.1,8.8,7,0.94,2.1,32,360,0.0,,67,100
2026-09-05T22:00,3,gfs,9,22,360,2.1,9.0,7,2.35,2.1,192,360,0.0,,100,100
2026-09-05T22:00,3,harmonie,9,22,360,2.1,8.0,7,2.0,2.1,22.5,360,,,95,100
2026-09-05T22:00,3,metno,9,22,360,2.1,9.2,7,0.7,2.1,348.8,360,0.0,,100.0,100
2026-09-05T22:00,3,jolly,9,22,360,2.1,9.23,7,2.87,2.1,30.8,360,0.0,,53,100
2026-09-05T22:00,1,dmi,9,22,360,2.1,7.9,7,1.7,2.1,353,360,0.0,,100,100
2026-09-05T22:00,1,knmi,9,22,360,2.1,7.9,7,1.6,2.1,352,360,0.0,,100,100
2026-09-05T22:00,1,ecmwf,9,22,360,2.1,8.5,7,0.22,2.1,297,360,0.0,,76,100
2026-09-05T22:00,1,icon,9,22,360,2.1,8.7,7,1.64,2.1,128,360,0.0,,84,100
2026-09-05T22:00,1,ukmo,9,22,360,2.1,9.3,7,0.5,2.1,293,360,0.0,,100,100
2026-09-05T22:00,1,mfr,9,22,360,2.1,8.8,7,0.94,2.1,32,360,0.0,,67,100
2026-09-05T22:00,1,gfs,9,22,360,2.1,9.0,7,2.35,2.1,192,360,0.0,,100,100
2026-09-05T22:00,1,harmonie,9,22,360,2.1,8.0,7,2.0,2.1,0,360,,,70,100
2026-09-05T22:00,1,metno,9,22,360,2.1,9.2,7,0.5,2.1,280.8,360,0.0,,100.0,100
2026-09-05T22:00,1,jolly,9,22,360,2.1,8.96,7,2.85,2.1,343.1,360,0.0,,60,100
2026-09-05T23:00,48,dmi,9,23,345.0,0.8,9.1,6.6,1.9,0.8,177,345.0,0.0,,99,75
2026-09-05T23:00,48,knmi,9,23,345.0,0.8,9.1,6.6,1.8,0.8,176,345.0,0.0,,99,75
2026-09-05T23:00,48,ecmwf,9,23,345.0,0.8,7.6,6.6,0.22,0.8,153,345.0,0.0,,53,75
2026-09-05T23:00,48,icon,9,23,345.0,0.8,7.4,6.6,1.3,0.8,148,345.0,0.0,,54,75
2026-09-05T23:00,48,ukmo,9,23,345.0,0.8,6.7,6.6,1.6,0.8,198,345.0,0.0,,19,75
2026-09-05T23:00,48,mfr,9,23,345.0,0.8,8.7,6.6,0.92,0.8,77,345.0,0.1,,60,75
2026-09-05T23:00,48,gfs,9,23,345.0,0.8,9.2,6.6,1.17,0.8,239,345.0,0.0,,100,75
2026-09-05T23:00,48,harmonie,9,23,345.0,0.8,9.0,6.6,1.0,0.8,180,345.0,,,95,75
2026-09-05T23:00,48,metno,9,23,345.0,0.8,7.4,6.6,0.5,0.8,137.2,345.0,0.0,,98.4,75
2026-09-05T23:00,48,jolly,9,23,345.0,0.8,5.74,6.6,1.34,0.8,194.5,345.0,0.01,,48,75
2026-09-05T23:00,24,dmi,9,23,345.0,0.8,6.6,6.6,0.8,0.8,133,345.0,0.0,,42,75
2026-09-05T23:00,24,knmi,9,23,345.0,0.8,6.6,6.6,0.8,0.8,132,345.0,0.0,,42,75
2026-09-05T23:00,24,ecmwf,9,23,345.0,0.8,8.6,6.6,0.32,0.8,342,345.0,0.0,,62,75
2026-09-05T23:00,24,icon,9,23,345.0,0.8,8.2,6.6,1.91,0.8,137,345.0,0.0,,47,75
2026-09-05T23:00,24,ukmo,9,23,345.0,0.8,8.2,6.6,0.8,0.8,211,345.0,0.1,,100,75
2026-09-05T23:00,24,mfr,9,23,345.0,0.8,7.8,6.6,1.04,0.8,73,345.0,0.0,,50,75
2026-09-05T23:00,24,gfs,9,23,345.0,0.8,9.2,6.6,2.16,0.8,193,345.0,0.0,,100,75
2026-09-05T23:00,24,harmonie,9,23,345.0,0.8,6.0,6.6,1.0,0.8,45,345.0,,,95,75
2026-09-05T23:00,24,metno,9,23,345.0,0.8,8.7,6.6,0.5,0.8,348.2,345.0,0.0,,100.0,75
2026-09-05T23:00,24,jolly,9,23,345.0,0.8,9.53,6.6,2.1,0.8,91.1,345.0,0.01,,48,75
2026-09-05T23:00,1,dmi,9,23,345.0,0.8,7.9,6.6,1.6,0.8,17,345.0,0.0,,100,75
2026-09-05T23:00,1,knmi,9,23,345.0,0.8,7.1,6.6,1.2,0.8,17,345.0,0.0,,100,75
2026-09-05T23:00,1,ecmwf,9,23,345.0,0.8,8.4,6.6,0.22,0.8,297,345.0,0.0,,75,75
2026-09-05T23:00,1,icon,9,23,345.0,0.8,8.0,6.6,1.84,0.8,131,345.0,0.0,,77,75
2026-09-05T23:00,1,ukmo,9,23,345.0,0.8,9.1,6.6,0.7,0.8,304,345.0,0.0,,100,75
2026-09-05T23:00,1,mfr,9,23,345.0,0.8,8.6,6.6,1.12,0.8,27,345.0,0.0,,45,75
2026-09-05T23:00,1,gfs,9,23,345.0,0.8,8.6,6.6,2.53,0.8,189,345.0,0.0,,100,75
2026-09-05T23:00,1,metno,9,23,345.0,0.8,8.8,6.6,0.6,0.8,345.5,345.0,0.0,,98.4,75
2026-09-05T23:00,1,jolly,9,23,345.0,0.8,8.18,6.6,2.83,0.8,9.8,345.0,0.0,,62,75
2026-09-06T00:00,3,dmi,9,0,350,1.0,7.9,7,0.5,1.0,82,350,0.0,,100,100
2026-09-06T00:00,3,knmi,9,0,350,1.0,7.9,7,0.5,1.0,81,350,0.0,,100,100
2026-09-06T00:00,3,ecmwf,9,0,350,1.0,8.4,7,0.14,1.0,315,350,0.0,,72,100
2026-09-06T00:00,3,icon,9,0,350,1.0,8.2,7,1.53,1.0,148,350,0.0,,82,100
2026-09-06T00:00,3,ukmo,9,0,350,1.0,9.1,7,0.4,1.0,279,350,0.0,,100,100
2026-09-06T00:00,3,mfr,9,0,350,1.0,8.1,7,1.17,1.0,59,350,0.0,,48,100
2026-09-06T00:00,3,gfs,9,0,350,1.0,7.3,7,2.93,1.0,188,350,0.0,,5,100
2026-09-06T00:00,3,harmonie,9,0,350,1.0,7.0,7,1.0,1.0,45,350,,,95,100
2026-09-06T00:00,3,metno,9,0,350,1.0,8.1,7,0.4,1.0,309.0,350,0.0,,93.0,100
2026-09-06T00:00,3,jolly,9,0,350,1.0,8.79,7,1.0,1.0,46.4,350,0.0,,56,100
2026-09-06T04:00,48,dmi,9,4,210.0,1.4,7.4,7.4,1.9,1.4,140,210.0,0.0,,23,100
2026-09-06T04:00,48,knmi,9,4,210.0,1.4,5.8,7.4,0.8,1.4,123,210.0,0.0,,89,100
2026-09-06T04:00,48,ecmwf,9,4,210.0,1.4,6.0,7.4,1.1,1.4,180,210.0,0.0,,100,100
2026-09-06T04:00,48,icon,9,4,210.0,1.4,5.7,7.4,2.69,1.4,158,210.0,0.0,,37,100
2026-09-06T04:00,48,ukmo,9,4,210.0,1.4,6.9,7.4,1.7,1.4,138,210.0,0.0,,76,100
2026-09-06T04:00,48,mfr,9,4,210.0,1.4,6.4,7.4,1.77,1.4,106,210.0,0.0,,99,100
2026-09-06T04:00,48,gfs,9,4,210.0,1.4,8.7,7.4,2.06,1.4,231,210.0,0.0,,100,100
2026-09-06T04:00,48,harmonie,9,4,210.0,1.4,5.0,7.4,1.0,1.4,135,210.0,,,95,100
2026-09-06T04:00,48,metno,9,4,210.0,1.4,5.8,7.4,1.4,1.4,172.5,210.0,0.0,,100.0,100
2026-09-06T04:00,48,jolly,9,4,210.0,1.4,3.94,7.4,2.41,1.4,177.3,210.0,0.0,,55,100
2026-09-06T04:00,24,dmi,9,4,210.0,1.4,4.4,7.4,1.2,1.4,137,210.0,0.0,,20,100
2026-09-06T04:00,24,knmi,9,4,210.0,1.4,3.7,7.4,0.7,1.4,137,210.0,0.0,,12,100
2026-09-06T04:00,24,ecmwf,9,4,210.0,1.4,7.7,7.4,1.1,1.4,185,210.0,0.0,,100,100
2026-09-06T04:00,24,icon,9,4,210.0,1.4,6.4,7.4,1.96,1.4,165,210.0,0.0,,100,100
2026-09-06T04:00,24,ukmo,9,4,210.0,1.4,5.0,7.4,0.4,1.4,211,210.0,0.0,,100,100
2026-09-06T04:00,24,mfr,9,4,210.0,1.4,6.3,7.4,1.9,1.4,108,210.0,0.0,,85,100
2026-09-06T04:00,24,gfs,9,4,210.0,1.4,8.3,7.4,1.9,1.4,183,210.0,0.0,,100,100
2026-09-06T04:00,24,harmonie,9,4,210.0,1.4,5.0,7.4,1.0,1.4,135,210.0,,,95,100
2026-09-06T04:00,24,metno,9,4,210.0,1.4,7.9,7.4,1.4,1.4,174.9,210.0,0.0,,100.0,100
2026-09-06T04:00,24,jolly,9,4,210.0,1.4,7.82,7.4,2.47,1.4,173.6,210.0,0.0,,54,100
2026-09-06T04:00,12,dmi,9,4,210.0,1.4,5.5,7.4,1.6,1.4,145,210.0,0.0,,100,100
2026-09-06T04:00,12,knmi,9,4,210.0,1.4,8.0,7.4,0.6,1.4,214,210.0,0.0,,100,100
2026-09-06T04:00,12,ecmwf,9,4,210.0,1.4,7.8,7.4,0.92,1.4,193,210.0,0.0,,100,100
2026-09-06T04:00,12,icon,9,4,210.0,1.4,6.8,7.4,1.75,1.4,167,210.0,0.0,,82,100
2026-09-06T04:00,12,ukmo,9,4,210.0,1.4,8.2,7.4,0.6,1.4,117,210.0,0.0,,97,100
2026-09-06T04:00,12,mfr,9,4,210.0,1.4,7.0,7.4,2.33,1.4,121,210.0,0.0,,77,100
2026-09-06T04:00,12,gfs,9,4,210.0,1.4,6.6,7.4,2.56,1.4,211,210.0,0.0,,5,100
2026-09-06T04:00,12,harmonie,9,4,210.0,1.4,6.0,7.4,1.0,1.4,112.5,210.0,,,95,100
2026-09-06T04:00,12,metno,9,4,210.0,1.4,7.8,7.4,1.3,1.4,203.9,210.0,0.0,,100.0,100
2026-09-06T04:00,12,jolly,9,4,210.0,1.4,7.41,7.4,2.45,1.4,189.7,210.0,0.0,,66,100
2026-09-06T04:00,6,dmi,9,4,210.0,1.4,6.3,7.4,1.4,1.4,126,210.0,0.0,,100,100
2026-09-06T04:00,6,knmi,9,4,210.0,1.4,7.1,7.4,1.3,1.4,140,210.0,0.0,,100,100
2026-09-06T04:00,6,ecmwf,9,4,210.0,1.4,8.2,7.4,0.73,1.4,164,210.0,0.0,,79,100
2026-09-06T04:00,6,icon,9,4,210.0,1.4,7.0,7.4,1.39,1.4,159,210.0,0.0,,79,100
2026-09-06T04:00,6,ukmo,9,4,210.0,1.4,8.8,7.4,0.4,1.4,342,210.0,0.0,,97,100
2026-09-06T04:00,6,mfr,9,4,210.0,1.4,6.9,7.4,1.84,1.4,119,210.0,0.0,,92,100
2026-09-06T04:00,6,gfs,9,4,210.0,1.4,6.3,7.4,2.82,1.4,207,210.0,0.0,,26,100
2026-09-06T04:00,6,harmonie,9,4,210.0,1.4,5.0,7.4,1.0,1.4,112.5,210.0,,,70,100
2026-09-06T04:00,6,metno,9,4,210.0,1.4,7.8,7.4,1.1,1.4,163.9,210.0,0.0,,99.2,100
2026-09-06T04:00,6,jolly,9,4,210.0,1.4,7.0,7.4,2.33,1.4,149.3,210.0,0.0,,60,100
2026-09-06T01:00,12,dmi,9,1,110,0.5,5.0,7,1.4,0.5,127,110,0.0,,12,100
2026-09-06T01:00,12,knmi,9,1,110,0.5,5.6,7,0.8,0.5,123,110,0.0,,100,100
2026-09-06T01:00,12,ecmwf,9,1,110,0.5,8.5,7,0.14,0.5,225,110,0.0,,61,100
2026-09-06T01:00,12,icon,9,1,110,0.5,8.2,7,1.7,0.5,140,110,0.0,,77,100
2026-09-06T01:00,12,ukmo,9,1,110,0.5,8.0,7,1.3,0.5,186,110,0.0,,100,100
2026-09-06T01:00,12,mfr,9,1,110,0.5,8.7,7,1.33,0.5,103,110,0.0,,53,100
2026-09-06T01:00,12,gfs,9,1,110,0.5,8.2,7,2.5,0.5,196,110,0.0,,100,100
2026-09-06T01:00,12,harmonie,9,1,110,0.5,6.0,7,0.0,0.5,,110,,,70,100
2026-09-06T01:00,12,metno,9,1,110,0.5,8.6,7,0.5,0.5,224.3,110,0.0,,100.0,100
2026-09-06T01:00,12,jolly,9,1,110,0.5,7.62,7,2.04,0.5,188.5,110,0.0,,61,100
2026-09-06T01:00,6,dmi,9,1,110,0.5,6.3,7,1.1,0.5,112,110,0.0,,45,100
2026-09-06T01:00,6,knmi,9,1,110,0.5,7.6,7,0.2,0.5,299,110,0.0,,100,100
2026-09-06T01:00,6,ecmwf,9,1,110,0.5,8.5,7,0.14,0.5,225,110,0.0,,61,100
2026-09-06T01:00,6,icon,9,1,110,0.5,8.0,7,1.72,0.5,144,110,0.0,,79,100
2026-09-06T01:00,6,ukmo,9,1,110,0.5,8.0,7,1.3,0.5,186,110,0.0,,100,100
2026-09-06T01:00,6,mfr,9,1,110,0.5,7.7,7,0.82,0.5,104,110,0.0,,68,100
2026-09-06T01:00,6,gfs,9,1,110,0.5,6.9,7,2.82,0.5,186,110,0.0,,5,100
2026-09-06T01:00,6,harmonie,9,1,110,0.5,6.0,7,1.0,0.5,67.5,110,,,95,100
2026-09-06T01:00,6,metno,9,1,110,0.5,8.6,7,0.5,0.5,224.3,110,0.0,,100.0,100
2026-09-06T01:00,6,jolly,9,1,110,0.5,7.98,7,2.0,0.5,186.1,110,0.0,,57,100
2026-09-06T01:00,3,dmi,9,1,110,0.5,7.6,7,1.0,0.5,127,110,0.0,,100,100
2026-09-06T01:00,3,knmi,9,1,110,0.5,7.5,7,0.5,0.5,106,110,0.0,,100,100
2026-09-06T01:00,3,ecmwf,9,1,110,0.5,8.4,7,0.1,0.5,180,110,0.0,,68,100
2026-09-06T01:00,3,icon,9,1,110,0.5,7.5,7,2.06,0.5,151,110,0.0,,60,100
2026-09-06T01:00,3,ukmo,9,1,110,0.5,9.1,7,0.6,0.5,264,110,0.0,,100,100
2026-09-06T01:00,3,mfr,9,1,110,0.5,7.9,7,1.33,0.5,77,110,0.0,,54,100
2026-09-06T01:00,3,gfs,9,1,110,0.5,6.9,7,2.82,0.5,186,110,0.0,,5,100
2026-09-06T01:00,3,harmonie,9,1,110,0.5,7.0,7,1.0,0.5,90,110,,,95,100
2026-09-06T01:00,3,metno,9,1,110,0.5,7.7,7,0.7,0.5,200.4,110,0.0,,100.0,100
2026-09-06T01:00,3,jolly,9,1,110,0.5,8.08,7,1.97,0.5,155.6,110,0.0,,57,100
2026-09-06T01:00,1,harmonie,9,1,110,0.5,6.0,7,0.0,0.5,,110,,,95,100
2026-09-06T01:00,1,metno,9,1,110,0.5,7.7,7,0.7,0.5,200.4,110,0.0,,100.0,100
2026-09-06T03:00,6,dmi,9,3,220,2.1,5.6,7,1.9,2.1,143,220,0.0,,94,100
2026-09-06T03:00,6,knmi,9,3,220,2.1,5.6,7,1.8,2.1,142,220,0.0,,94,100
2026-09-06T03:00,6,ecmwf,9,3,220,2.1,8.5,7,0.51,2.1,169,220,0.0,,65,100
2026-09-06T03:00,6,icon,9,3,220,2.1,7.5,7,1.61,2.1,150,220,0.0,,99,100
2026-09-06T03:00,6,ukmo,9,3,220,2.1,8.9,7,0.5,2.1,337,220,0.0,,89,100
2026-09-06T03:00,6,mfr,9,3,220,2.1,7.4,7,1.84,2.1,119,220,0.0,,51,100
2026-09-06T03:00,6,gfs,9,3,220,2.1,6.7,7,3.01,2.1,201,220,0.0,,52,100
2026-09-06T03:00,6,harmonie,9,3,220,2.1,6.0,7,2.0,2.1,135,220,,,30,100
2026-09-06T03:00,6,metno,9,3,220,2.1,8.2,7,0.9,2.1,169.4,220,0.0,,100.0,100
2026-09-06T03:00,6,jolly,9,3,220,2.1,7.45,7,2.61,2.1,167.3,220,0.0,,55,100
2026-09-06T03:00,3,harmonie,9,3,220,2.1,5.0,7,2.0,2.1,157.5,220,,,95,100
2026-09-06T03:00,3,metno,9,3,220,2.1,8.2,7,0.9,2.1,169.4,220,0.0,,100.0,100
2026-09-06T09:00,48,dmi,9,9,233.0,0.2,8.0,7.2,2.0,0.2,323,233.0,0.0,,96,19
2026-09-06T09:00,48,knmi,9,9,233.0,0.2,8.0,7.2,2.0,0.2,322,233.0,0.0,,96,19
2026-09-06T09:00,48,ecmwf,9,9,233.0,0.2,6.9,7.2,0.45,0.2,243,233.0,0.0,,71,19
2026-09-06T09:00,48,icon,9,9,233.0,0.2,8.6,7.2,1.24,0.2,194,233.0,0.0,,42,19
2026-09-06T09:00,48,ukmo,9,9,233.0,0.2,7.6,7.2,0.8,0.2,0,233.0,0.0,,98,19
2026-09-06T09:00,48,mfr,9,9,233.0,0.2,6.8,7.2,1.8,0.2,360,233.0,0.0,,76,19
2026-09-06T09:00,48,gfs,9,9,233.0,0.2,9.2,7.2,1.81,0.2,6,233.0,0.0,,10,19
2026-09-06T09:00,48,harmonie,9,9,233.0,0.2,8.0,7.2,1.0,0.2,337.5,233.0,,,95,19
2026-09-06T09:00,48,metno,9,9,233.0,0.2,7.1,7.2,0.6,0.2,224.1,233.0,0.0,,100.0,19
2026-09-06T09:00,48,jolly,9,9,233.0,0.2,5.38,7.2,2.5,0.2,357.4,233.0,0.0,,51,19
2026-09-06T09:00,12,dmi,9,9,233.0,0.2,7.5,7.2,1.2,0.2,309,233.0,0.0,,54,19
2026-09-06T09:00,12,knmi,9,9,233.0,0.2,7.5,7.2,1.2,0.2,308,233.0,0.0,,54,19
2026-09-06T09:00,12,ecmwf,9,9,233.0,0.2,7.9,7.2,0.89,0.2,207,233.0,0.0,,86,19
2026-09-06T09:00,12,icon,9,9,233.0,0.2,9.0,7.2,0.28,0.2,315,233.0,0.0,,84,19
2026-09-06T09:00,12,ukmo,9,9,233.0,0.2,8.7,7.2,0.4,0.2,82,233.0,0.0,,100,19
2026-09-06T09:00,12,mfr,9,9,233.0,0.2,8.1,7.2,0.78,0.2,140,233.0,0.0,,32,19
2026-09-06T09:00,12,gfs,9,9,233.0,0.2,9.4,7.2,1.93,0.2,201,233.0,0.0,,71,19
2026-09-06T09:00,12,harmonie,9,9,233.0,0.2,8.0,7.2,1.0,0.2,270,233.0,,,70,19
2026-09-06T09:00,12,metno,9,9,233.0,0.2,8.1,7.2,1.3,0.2,211.3,233.0,0.0,,98.4,19
2026-09-06T09:00,12,jolly,9,9,233.0,0.2,8.42,7.2,1.83,0.2,284.0,233.0,0.0,,60,19
2026-09-06T08:00,24,dmi,9,8,,1.0,5.7,5,0.4,1.0,4,,0.0,,74,100
2026-09-06T08:00,24,knmi,9,8,,1.0,5.7,5,0.4,1.0,3,,0.0,,74,100
2026-09-06T08:00,24,ecmwf,9,8,,1.0,8.3,5,1.3,1.0,203,,0.0,,83,100
2026-09-06T08:00,24,icon,9,8,,1.0,7.3,5,0.81,1.0,173,,0.0,,24,100
2026-09-06T08:00,24,ukmo,9,8,,1.0,8.1,5,0.6,1.0,162,,0.0,,83,100
2026-09-06T08:00,24,mfr,9,8,,1.0,6.6,5,1.12,1.0,100,,0.0,,22,100
2026-09-06T08:00,24,gfs,9,8,,1.0,8.6,5,1.84,1.0,193,,0.0,,100,100
2026-09-06T08:00,24,harmonie,9,8,,1.0,7.0,5,1.0,1.0,157.5,,,,30,100
2026-09-06T08:00,24,metno,9,8,,1.0,8.6,5,1.6,1.0,211.5,,0.0,,95.3,100
2026-09-06T08:00,24,jolly,9,8,,1.0,9.08,5,2.2,1.0,214.8,,0.0,,48,100
2026-09-06T08:00,3,harmonie,9,8,,1.0,7.0,5,1.0,1.0,0,,,,95,100
2026-09-06T08:00,3,metno,9,8,,1.0,7.1,5,1.6,1.0,186.8,,0.0,,100.0,100
2026-09-06T10:00,24,dmi,9,10,,1.0,9.2,9,0.5,1.0,234,,0.0,,40,19
2026-09-06T10:00,24,knmi,9,10,,1.0,9.1,9,0.7,1.0,228,,0.0,,47,19
2026-09-06T10:00,24,ecmwf,9,10,,1.0,9.2,9,1.17,1.0,200,,0.0,,85,19
2026-09-06T10:00,24,icon,9,10,,1.0,9.8,9,0.7,1.0,360,,0.0,,65,19
2026-09-06T10:00,24,ukmo,9,10,,1.0,9.3,9,0.4,1.0,0,,0.0,,52,19
2026-09-06T10:00,24,mfr,9,10,,1.0,8.6,9,0.41,1.0,284,,0.0,,41,19
2026-09-06T10:00,24,gfs,9,10,,1.0,10.8,9,0.2,1.0,90,,0.0,,100,19
2026-09-06T10:00,24,harmonie,9,10,,1.0,10.0,9,1.0,1.0,270,,,,95,19
2026-09-06T10:00,24,metno,9,10,,1.0,9.4,9,1.3,1.0,212.2,,0.0,,100.0,19
2026-09-06T10:00,24,jolly,9,10,,1.0,11.38,9,1.46,1.0,206.8,,0.0,,60,19
2026-09-06T10:00,12,dmi,9,10,,1.0,8.8,9,1.5,1.0,320,,0.0,,28,19
2026-09-06T10:00,12,knmi,9,10,,1.0,9.4,9,1.9,1.0,316,,0.0,,18,19
2026-09-06T10:00,12,ecmwf,9,10,,1.0,8.6,9,0.81,1.0,210,,0.0,,89,19
2026-09-06T10:00,12,icon,9,10,,1.0,9.3,9,1.02,1.0,349,,0.0,,94,19
2026-09-06T10:00,12,ukmo,9,10,,1.0,9.1,9,0.7,1.0,45,,0.0,,100,19
2026-09-06T10:00,12,mfr,9,10,,1.0,8.8,9,0.36,1.0,326,,0.0,,70,19
2026-09-06T10:00,12,gfs,9,10,,1.0,10.5,9,1.14,1.0,195,,0.0,,97,19
2026-09-06T10:00,12,harmonie,9,10,,1.0,9.0,9,1.0,1.0,292.5,,,,70,19
2026-09-06T10:00,12,metno,9,10,,1.0,8.9,9,0.8,1.0,210.1,,0.0,,100.0,19
2026-09-06T10:00,12,jolly,9,10,,1.0,9.12,9,2.57,1.0,291.9,,0.0,,65,19
2026-09-06T07:00,12,dmi,9,7,140,1.5,5.7,4,0.6,1.5,142,140,0.0,,92,100
2026-09-06T07:00,12,knmi,9,7,140,1.5,7.3,4,0.2,1.5,241,140,0.0,,24,100
2026-09-06T07:00,12,ecmwf,9,7,140,1.5,7.4,4,1.02,1.5,191,140,0.0,,100,100
2026-09-06T07:00,12,icon,9,7,140,1.5,7.2,4,1.17,1.5,160,140,0.0,,86,100
2026-09-06T07:00,12,ukmo,9,7,140,1.5,8.2,4,1.1,1.5,161,140,0.0,,88,100
2026-09-06T07:00,12,mfr,9,7,140,1.5,6.1,4,2.01,1.5,117,140,0.0,,85,100
2026-09-06T07:00,12,gfs,9,7,140,1.5,6.6,4,2.56,1.5,201,140,0.0,,91,100
2026-09-06T07:00,12,harmonie,9,7,140,1.5,4.0,4,1.0,1.5,157.5,140,,,70,100
2026-09-06T07:00,12,metno,9,7,140,1.5,7.3,4,1.5,1.5,183.9,140,0.0,,100.0,100
2026-09-06T07:00,12,jolly,9,7,140,1.5,6.95,4,2.27,1.5,195.1,140,0.0,,63,100
2026-09-06T06:00,6,harmonie,9,6,130,2.1,6.0,6,1.0,2.1,135,130,,,95,100
2026-09-06T06:00,6,metno,9,6,130,2.1,7.2,6,1.2,2.1,151.6,130,0.0,,93.0,100
2026-09-06T06:00,1,harmonie,9,6,130,2.1,5.0,6,1.0,2.1,112.5,130,,,95,100
2026-09-06T06:00,1,metno,9,6,130,2.1,6.2,6,1.2,2.1,152.7,130,0.0,,100.0,100
2026-09-06T14:00,48,dmi,9,14,360,5.1,12.2,13,3.4,5.1,114,360,0.0,,2,19
2026-09-06T14:00,48,knmi,9,14,360,5.1,12.4,13,4.0,5.1,95,360,0.0,,19,19
2026-09-06T14:00,48,ecmwf,9,14,360,5.1,11.7,13,1.87,5.1,16,360,0.0,,67,19
2026-09-06T14:00,48,icon,9,14,360,5.1,10.9,13,3.83,5.1,70,360,0.0,,98,19
2026-09-06T14:00,48,ukmo,9,14,360,5.1,11.6,13,1.8,5.1,46,360,0.0,,66,19
2026-09-06T14:00,48,mfr,9,14,360,5.1,8.5,13,4.65,5.1,351,360,0.0,,80,19
2026-09-06T14:00,48,gfs,9,14,360,5.1,11.8,13,3.0,5.1,60,360,0.0,,100,19
2026-09-06T14:00,48,harmonie,9,14,360,5.1,12.0,13,2.0,5.1,0,360,,,95,19
2026-09-06T14:00,48,metno,9,14,360,5.1,12.1,13,2.4,5.1,349.9,360,0.0,,100.0,19
2026-09-06T14:00,48,jolly,9,14,360,5.1,9.18,13,4.13,5.1,60.1,360,0.0,,53,19
2026-09-06T13:00,24,dmi,9,13,357.0,4.5,12.1,13.2,2.1,4.5,352,357.0,0.0,,100,19
2026-09-06T13:00,24,knmi,9,13,357.0,4.5,12.4,13.2,1.7,4.5,327,357.0,0.0,,85,19
2026-09-06T13:00,24,ecmwf,9,13,357.0,4.5,10.9,13.2,1.02,4.5,11,357.0,0.1,,81,19
2026-09-06T13:00,24,icon,9,13,357.0,4.5,12.3,13.2,2.55,4.5,79,357.0,0.0,,62,19
2026-09-06T13:00,24,ukmo,9,13,357.0,4.5,12.0,13.2,0.9,4.5,23,357.0,0.0,,23,19
2026-09-06T13:00,24,mfr,9,13,357.0,4.5,11.0,13.2,1.92,4.5,351,357.0,0.0,,55,19
2026-09-06T13:00,24,gfs,9,13,357.0,4.5,13.5,13.2,1.58,4.5,55,357.0,0.0,,24,19
2026-09-06T13:00,24,harmonie,9,13,357.0,4.5,14.0,13.2,2.0,4.5,157.5,357.0,,,95,19
2026-09-06T13:00,24,metno,9,13,357.0,4.5,11.3,13.2,1.8,4.5,334.4,357.0,0.1,,92.2,19
2026-09-06T13:00,24,jolly,9,13,357.0,4.5,14.12,13.2,2.9,4.5,48.3,357.0,0.0,,59,19
2026-09-06T13:00,3,dmi,9,13,357.0,4.5,12.4,13.2,2.6,4.5,343,357.0,0.0,,95,19
2026-09-06T13:00,3,knmi,9,13,357.0,4.5,12.1,13.2,0.8,4.5,339,357.0,0.0,,100,19
2026-09-06T13:00,3,ecmwf,9,13,357.0,4.5,12.3,13.2,0.94,4.5,32,357.0,0.0,,66,19
2026-09-06T13:00,3,icon,9,13,357.0,4.5,13.0,13.2,1.5,4.5,90,357.0,0.0,,56,19
2026-09-06T13:00,3,ukmo,9,13,357.0,4.5,12.6,13.2,1.5,4.5,351,357.0,0.0,,8,19
2026-09-06T13:00,3,mfr,9,13,357.0,4.5,10.4,13.2,3.3,4.5,360,357.0,0.0,,99,19
2026-09-06T13:00,3,gfs,9,13,357.0,4.5,13.2,13.2,1.12,4.5,80,357.0,0.0,,50,19
2026-09-06T13:00,3,harmonie,9,13,357.0,4.5,14.0,13.2,3.0,4.5,0,357.0,,,70,19
2026-09-06T13:00,3,metno,9,13,357.0,4.5,12.3,13.2,1.5,4.5,328.0,357.0,0.0,,76.6,19
2026-09-06T13:00,3,jolly,9,13,357.0,4.5,12.13,13.2,3.35,4.5,356.4,357.0,0.0,,54,19
2026-09-06T12:00,12,harmonie,9,12,350,2.1,13.0,12,2.0,2.1,337.5,350,,,95,19
2026-09-06T12:00,12,metno,9,12,350,2.1,10.9,12,1.0,2.1,286.4,350,0.0,,94.5,19
2026-09-06T11:00,6,harmonie,9,11,,1.0,11.0,11,1.0,1.0,337.5,,,,95,19
2026-09-06T11:00,6,metno,9,11,,1.0,10.3,11,0.9,1.0,200.2,,0.0,,100.0,19
2026-09-06T11:00,1,dmi,9,11,,1.0,10.3,11,2.1,1.0,329,,0.0,,84,19
2026-09-06T11:00,1,knmi,9,11,,1.0,10.6,11,2.4,1.0,329,,0.0,,91,19
2026-09-06T11:00,1,ecmwf,9,11,,1.0,10.3,11,0.41,1.0,194,,0.0,,66,19
2026-09-06T11:00,1,icon,9,11,,1.0,11.5,11,0.45,1.0,63,,0.0,,51,19
2026-09-06T11:00,1,ukmo,9,11,,1.0,10.3,11,0.6,1.0,11,,0.0,,22,19
2026-09-06T11:00,1,mfr,9,11,,1.0,9.5,11,1.04,1.0,343,,0.0,,53,19
2026-09-06T11:00,1,gfs,9,11,,1.0,11.5,11,0.5,1.0,143,,0.0,,10,19
2026-09-06T11:00,1,harmonie,9,11,,1.0,12.0,11,2.0,1.0,337.5,,,,30,19
2026-09-06T11:00,1,metno,9,11,,1.0,10.6,11,0.7,1.0,247.5,,0.0,,89.8,19
2026-09-06T11:00,1,jolly,9,11,,1.0,10.17,11,2.73,1.0,322.1,,0.0,,44,19
2026-09-06T16:00,24,dmi,9,16,360,6.7,11.7,10,4.8,6.7,97,360,0.0,,5,44
2026-09-06T16:00,24,knmi,9,16,360,6.7,11.8,10,4.4,6.7,95,360,0.0,,25,44
2026-09-06T16:00,24,ecmwf,9,16,360,6.7,11.5,10,3.26,6.7,11,360,0.1,,39,44
2026-09-06T16:00,24,icon,9,16,360,6.7,11.2,10,3.84,6.7,39,360,0.0,,100,44
2026-09-06T16:00,24,ukmo,9,16,360,6.7,13.0,10,2.2,6.7,57,360,0.0,,67,44
2026-09-06T16:00,24,mfr,9,16,360,6.7,10.4,10,4.8,6.7,358,360,0.0,,70,44
2026-09-06T16:00,24,gfs,9,16,360,6.7,13.4,10,4.12,6.7,61,360,0.0,,100,44
2026-09-06T16:00,24,harmonie,9,16,360,6.7,13.0,10,4.0,6.7,90,360,,,95,44
2026-09-06T16:00,24,metno,9,16,360,6.7,11.6,10,4.5,6.7,4.1,360,0.0,,60.2,44
2026-09-06T16:00,24,jolly,9,16,360,6.7,13.67,10,4.68,6.7,46.3,360,0.0,,55,44
2026-09-06T16:00,6,dmi,9,16,360,6.7,12.3,10,3.2,6.7,100,360,0.0,,100,44
2026-09-06T16:00,6,knmi,9,16,360,6.7,12.1,10,3.7,6.7,96,360,0.0,,93,44
2026-09-06T16:00,6,ecmwf,9,16,360,6.7,12.4,10,2.94,6.7,18,360,0.0,,100,44
2026-09-06T16:00,6,icon,9,16,360,6.7,12.1,10,3.28,6.7,52,360,0.0,,69,44
2026-09-06T16:00,6,ukmo,9,16,360,6.7,13.0,10,1.3,6.7,29,360,0.0,,100,44
2026-09-06T16:00,6,mfr,9,16,360,6.7,9.2,10,4.93,6.7,354,360,0.0,,99,44
2026-09-06T16:00,6,gfs,9,16,360,6.7,13.8,10,3.05,6.7,67,360,0.0,,57,44
2026-09-06T16:00,6,harmonie,9,16,360,6.7,13.0,10,3.0,6.7,45,360,,,95,44
2026-09-06T16:00,6,metno,9,16,360,6.7,12.3,10,3.7,6.7,7.2,360,0.0,,33.6,44
2026-09-06T16:00,6,jolly,9,16,360,6.7,12.26,10,3.34,6.7,60.1,360,0.0,,54,44
2026-09-06T15:00,1,dmi,9,15,0.0,6.3,12.9,11.3,1.0,6.3,38,0.0,0.0,,94,44
2026-09-06T15:00,1,knmi,9,15,0.0,6.3,13.1,11.3,1.9,6.3,54,0.0,0.0,,100,44
2026-09-06T15:00,1,ecmwf,9,15,0.0,6.3,13.4,11.3,1.13,6.3,45,0.0,0.0,,87,44
2026-09-06T15:00,1,icon,9,15,0.0,6.3,12.5,11.3,3.28,6.3,52,0.0,0.0,,97,44
2026-09-06T15:00,1,ukmo,9,15,0.0,6.3,12.0,11.3,2.2,6.3,347,0.0,0.0,,94,44
2026-09-06T15:00,1,mfr,9,15,0.0,6.3,9.7,11.3,4.34,6.3,352,0.0,0.0,,99,44
2026-09-06T15:00,1,gfs,9,15,0.0,6.3,14.0,11.3,2.14,6.3,79,0.0,0.0,,100,44
2026-09-06T15:00,1,harmonie,9,15,0.0,6.3,14.0,11.3,2.0,6.3,112.5,0.0,,,70,44
2026-09-06T15:00,1,metno,9,15,0.0,6.3,13.3,11.3,2.5,6.3,0.9,0.0,0.0,,100.0,44
2026-09-06T15:00,1,jolly,9,15,0.0,6.3,12.36,11.3,3.82,6.3,38.3,0.0,0.0,,62,44
2026-09-06T18:00,48,dmi,9,18,7.0,6.6,9.5,8.0,3.9,6.6,350,7.0,0.0,,100,100
2026-09-06T18:00,48,knmi,9,18,7.0,6.6,9.5,8.0,3.8,6.6,349,7.0,0.0,,100,100
2026-09-06T18:00,48,ecmwf,9,18,7.0,6.6,10.5,8.0,3.38,6.6,19,7.0,0.0,,100,100
2026-09-06T18:00,48,icon,9,18,7.0,6.6,9.1,8.0,5.02,6.6,23,7.0,0.0,,100,100
2026-09-06T18:00,48,ukmo,9,18,7.0,6.6,9.9,8.0,3.1,6.6,33,7.0,0.0,,53,100
2026-09-06T18:00,48,mfr,9,18,7.0,6.6,7.2,8.0,5.12,6.6,354,7.0,0.0,,100,100
2026-09-06T18:00,48,gfs,9,18,7.0,6.6,10.7,8.0,3.4,6.6,62,7.0,0.0,,100,100
2026-09-06T18:00,48,harmonie,9,18,7.0,6.6,10.0,8.0,4.0,6.6,22.5,7.0,,,95,100
2026-09-06T18:00,48,metno,9,18,7.0,6.6,10.5,8.0,4.6,6.6,16.6,7.0,0.0,,99.2,100
2026-09-06T18:00,48,jolly,9,18,7.0,6.6,7.46,8.0,5.53,6.6,39.5,7.0,0.0,,59,100
2026-09-06T18:00,1,dmi,9,18,7.0,6.6,10.8,8.0,5.1,6.6,92,7.0,0.0,,0,100
2026-09-06T18:00,1,knmi,9,18,7.0,6.6,10.7,8.0,4.3,6.6,91,7.0,0.0,,0,100
2026-09-06T18:00,1,ecmwf,9,18,7.0,6.6,11.3,8.0,3.61,6.6,19,7.0,0.0,,100,100
2026-09-06T18:00,1,icon,9,18,7.0,6.6,9.6,8.0,4.36,6.6,37,7.0,0.0,,100,100
2026-09-06T18:00,1,ukmo,9,18,7.0,6.6,11.1,8.0,2.5,6.6,40,7.0,0.0,,100,100
2026-09-06T18:00,1,mfr,9,18,7.0,6.6,7.4,8.0,4.84,6.6,353,7.0,0.0,,99,100
2026-09-06T18:00,1,gfs,9,18,7.0,6.6,11.8,8.0,3.4,6.6,76,7.0,0.0,,66,100
2026-09-06T18:00,1,harmonie,9,18,7.0,6.6,11.0,8.0,5.0,6.6,90,7.0,,,95,100
2026-09-06T18:00,1,metno,9,18,7.0,6.6,11.3,8.0,4.0,6.6,20.5,7.0,0.0,,93.0,100
2026-09-06T18:00,1,jolly,9,18,7.0,6.6,9.98,8.0,4.11,6.6,55.6,7.0,0.0,,53,100
2026-09-06T19:00,24,dmi,9,19,360,5.1,8.9,8,4.9,5.1,99,360,0.0,,78,75
2026-09-06T19:00,24,knmi,9,19,360,5.1,9.2,8,6.1,5.1,87,360,0.0,,100,75
2026-09-06T19:00,24,ecmwf,9,19,360,5.1,9.5,8,4.22,5.1,14,360,0.0,,69,75
2026-09-06T19:00,24,icon,9,19,360,5.1,8.5,8,4.85,5.1,14,360,0.0,,100,75
2026-09-06T19:00,24,ukmo,9,19,360,5.1,9.3,8,1.8,5.1,68,360,0.0,,100,75
2026-09-06T19:00,24,mfr,9,19,360,5.1,8.4,8,4.5,5.1,357,360,0.0,,86,75
2026-09-06T19:00,24,gfs,9,19,360,5.1,10.5,8,3.28,5.1,59,360,0.0,,100,75
2026-09-06T19:00,24,harmonie,9,19,360,5.1,9.0,8,4.0,5.1,0,360,,,95,75
2026-09-06T19:00,24,metno,9,19,360,5.1,9.2,8,5.0,5.1,5.4,360,0.0,,89.8,75
2026-09-06T19:00,24,jolly,9,19,360,5.1,10.26,8,5.3,5.1,37.8,360,0.0,,77,75
2026-09-06T17:00,12,harmonie,9,17,350,5.7,12.0,8,2.0,5.7,45,350,,,95,75
2026-09-06T17:00,12,metno,9,17,350,5.7,11.3,8,4.5,5.7,12.0,350,0.0,,50.8,75
2026-09-06T17:00,3,dmi,9,17,350,5.7,11.7,8,4.1,5.7,97,350,0.0,,86,75
2026-09-06T17:00,3,knmi,9,17,350,5.7,11.0,8,4.2,5.7,97,350,0.0,,0,75
2026-09-06T17:00,3,ecmwf,9,17,350,5.7,12.2,8,2.95,5.7,24,350,0.0,,97,75
2026-09-06T17:00,3,icon,9,17,350,5.7,10.6,8,4.08,5.7,36,350,0.0,,100,75
2026-09-06T17:00,3,ukmo,9,17,350,5.7,12.0,8,2.1,5.7,40,350,0.0,,100,75
2026-09-06T17:00,3,mfr,9,17,350,5.7,8.6,8,4.93,5.7,354,350,0.0,,98,75
2026-09-06T17:00,3,gfs,9,17,350,5.7,12.9,8,4.24,5.7,75,350,0.0,,100,75
2026-09-06T17:00,3,harmonie,9,17,350,5.7,13.0,8,3.0,5.7,67.5,350,,,30,75
2026-09-06T17:00,3,metno,9,17,350,5.7,12.3,8,4.2,5.7,13.1,350,0.0,,98.4,75
2026-09-06T17:00,3,jolly,9,17,350,5.7,11.37,8,3.73,5.7,55.6,350,0.0,,54,75
2026-09-06T21:00,48,harmonie,9,21,360,4.6,7.0,8,5.0,4.6,0,360,,,95,75
2026-09-06T21:00,48,metno,9,21,360,4.6,8.1,8,5.1,4.6,9.2,360,0.0,,100.0,75
2026-09-06T21:00,24,dmi,9,21,360,4.6,7.2,8,4.1,4.6,355,360,0.0,,91,75
2026-09-06T21:00,24,knmi,9,21,360,4.6,7.2,8,4.0,4.6,354,360,0.0,,91,75
2026-09-06T21:00,24,ecmwf,9,21,360,4.6,8.1,8,4.41,4.6,4,360,0.0,,100,75
2026-09-06T21:00,24,icon,9,21,360,4.6,7.7,8,5.71,4.6,4,360,0.0,,100,75
2026-09-06T21:00,24,ukmo,9,21,360,4.6,8.4,8,3.3,4.6,26,360,0.0,,100,75
2026-09-06T21:00,24,mfr,9,21,360,4.6,7.1,8,4.9,4.6,1,360,0.0,,93,75
2026-09-06T21:00,24,gfs,9,21,360,4.6,7.6,8,2.82,4.6,63,360,0.0,,52,75
2026-09-06T21:00,24,harmonie,9,21,360,4.6,7.0,8,5.0,4.6,0,360,,,95,75
2026-09-06T21:00,24,metno,9,21,360,4.6,8.4,8,5.4,4.6,8.0,360,0.0,,100.0,75
2026-09-06T21:00,24,jolly,9,21,360,4.6,8.67,8,6.02,4.6,355.7,360,0.0,,78,75
2026-09-06T20:00,6,dmi,9,20,351.0,5.1,8.5,7.7,5.8,5.1,81,351.0,0.0,,100,75
2026-09-06T20:00,6,knmi,9,20,351.0,5.1,8.4,7.7,3.8,5.1,2,351.0,0.0,,100,75
2026-09-06T20:00,6,ecmwf,9,20,351.0,5.1,8.8,7.7,3.31,5.1,5,351.0,0.0,,100,75
2026-09-06T20:00,6,icon,9,20,351.0,5.1,7.8,7.7,4.95,5.1,14,351.0,0.0,,100,75
2026-09-06T20:00,6,ukmo,9,20,351.0,5.1,8.7,7.7,2.9,5.1,27,351.0,0.0,,100,75
2026-09-06T20:00,6,mfr,9,20,351.0,5.1,7.3,7.7,4.51,5.1,356,351.0,0.0,,100,75
2026-09-06T20:00,6,gfs,9,20,351.0,5.1,8.4,7.7,2.91,5.1,74,351.0,0.0,,100,75
2026-09-06T20:00,6,harmonie,9,20,351.0,5.1,8.0,7.7,3.0,5.1,67.5,351.0,,,95,75
2026-09-06T20:00,6,metno,9,20,351.0,5.1,8.9,7.7,4.1,5.1,8.6,351.0,0.0,,86.7,75
2026-09-06T20:00,6,jolly,9,20,351.0,5.1,8.28,7.7,5.49,5.1,34.3,351.0,0.0,,63,75
2026-09-06T20:00,3,dmi,9,20,351.0,5.1,8.3,7.7,4.8,5.1,82,351.0,0.0,,100,75
2026-09-06T20:00,3,knmi,9,20,351.0,5.1,8.2,7.7,4.2,5.1,77,351.0,0.0,,56,75
2026-09-06T20:00,3,ecmwf,9,20,351.0,5.1,8.8,7.7,3.31,5.1,5,351.0,0.0,,100,75
2026-09-06T20:00,3,icon,9,20,351.0,5.1,7.9,7.7,4.33,5.1,19,351.0,0.0,,100,75
2026-09-06T20:00,3,ukmo,9,20,351.0,5.1,8.7,7.7,2.9,5.1,27,351.0,0.0,,100,75
2026-09-06T20:00,3,mfr,9,20,351.0,5.1,6.6,7.7,4.71,5.1,356,351.0,0.0,,100,75
2026-09-06T20:00,3,gfs,9,20,351.0,5.1,8.4,7.7,2.91,5.1,74,351.0,0.0,,100,75
2026-09-06T20:00,3,harmonie,9,20,351.0,5.1,8.0,7.7,3.0,5.1,67.5,351.0,,,95,75
2026-09-06T20:00,3,metno,9,20,351.0,5.1,8.9,7.7,4.1,5.1,8.6,351.0,0.0,,86.7,75
2026-09-06T20:00,3,jolly,9,20,351.0,5.1,7.99,7.7,5.35,5.1,40.3,351.0,0.0,,59,75
2026-09-06T20:00,1,dmi,9,20,351.0,5.1,8.0,7.7,2.7,5.1,42,351.0,0.0,,100,75
2026-09-06T20:00,1,knmi,9,20,351.0,5.1,7.9,7.7,2.9,5.1,348,351.0,0.0,,100,75
2026-09-06T20:00,1,ecmwf,9,20,351.0,5.1,8.8,7.7,3.31,5.1,5,351.0,0.0,,100,75
2026-09-06T20:00,1,icon,9,20,351.0,5.1,8.1,7.7,5.04,5.1,14,351.0,0.0,,99,75
2026-09-06T20:00,1,ukmo,9,20,351.0,5.1,8.7,7.7,2.9,5.1,27,351.0,0.0,,100,75
2026-09-06T20:00,1,mfr,9,20,351.0,5.1,6.6,7.7,4.71,5.1,356,351.0,0.0,,100,75
2026-09-06T20:00,1,gfs,9,20,351.0,5.1,8.5,7.7,3.09,5.1,65,351.0,0.0,,100,75
2026-09-06T20:00,1,harmonie,9,20,351.0,5.1,8.0,7.7,4.0,5.1,337.5,351.0,,,95,75
2026-09-06T20:00,1,metno,9,20,351.0,5.1,8.9,7.7,4.1,5.1,8.6,351.0,0.0,,86.7,75
2026-09-06T20:00,1,jolly,9,20,351.0,5.1,7.21,7.7,5.24,5.1,358.7,351.0,0.0,,63,75
2026-09-06T23:00,48,dmi,9,23,10,5.7,7.3,7,4.1,5.7,1,10,0.0,,100,100
2026-09-06T23:00,48,knmi,9,23,10,5.7,7.3,7,4.0,5.7,0,10,0.0,,100,100
2026-09-06T23:00,48,ecmwf,9,23,10,5.7,7.6,7,5.24,5.7,13,10,0.0,,79,100
2026-09-06T23:00,48,icon,9,23,10,5.7,7.6,7,4.81,5.7,12,10,0.0,,100,100
2026-09-06T23:00,48,ukmo,9,23,10,5.7,6.8,7,3.8,5.7,20,10,0.1,,95,100
2026-09-06T23:00,48,mfr,9,23,10,5.7,7.6,7,5.8,5.7,359,10,0.0,,100,100
2026-09-06T23:00,48,gfs,9,23,10,5.7,7.6,7,5.77,5.7,26,10,0.0,,100,100
2026-09-06T23:00,48,harmonie,9,23,10,5.7,7.0,7,5.0,5.7,0,10,,,95,100
2026-09-06T23:00,48,metno,9,23,10,5.7,7.8,7,5.4,5.7,14.2,10,0.0,,100.0,100
2026-09-06T23:00,48,jolly,9,23,10,5.7,5.18,7,6.36,5.7,33.1,10,0.01,,62,100
2026-09-06T23:00,6,dmi,9,23,10,5.7,6.8,7,3.4,5.7,1,10,0.0,,100,100
2026-09-06T23:00,6,knmi,9,23,10,5.7,6.3,7,3.3,5.7,360,10,0.0,,100,100
2026-09-06T23:00,6,ecmwf,9,23,10,5.7,7.6,7,4.4,5.7,3,10,0.1,,77,100
2026-09-06T23:00,6,icon,9,23,10,5.7,7.2,7,5.92,5.7,5,10,0.0,,100,100
2026-09-06T23:00,6,ukmo,9,23,10,5.7,7.9,7,3.6,5.7,15,10,0.0,,100,100
2026-09-06T23:00,6,mfr,9,23,10,5.7,6.4,7,5.9,5.7,358,10,0.0,,100,100
2026-09-06T23:00,6,gfs,9,23,10,5.7,6.8,7,5.39,5.7,22,10,0.0,,100,100
2026-09-06T23:00,6,harmonie,9,23,10,5.7,6.0,7,5.0,5.7,0,10,,,95,100
2026-09-06T23:00,6,metno,9,23,10,5.7,7.9,7,5.5,5.7,9.1,10,0.0,,100.0,100
2026-09-06T23:00,6,jolly,9,23,10,5.7,6.32,7,6.33,5.7,5.6,10,0.0,,64,100
2026-09-06T22:00,24,dmi,9,22,2.0,6.1,6.7,7.3,3.8,6.1,2,2.0,0.0,,96,75
2026-09-06T22:00,24,knmi,9,22,2.0,6.1,7.0,7.3,4.0,6.1,4,2.0,0.0,,100,75
2026-09-06T22:00,24,ecmwf,9,22,2.0,6.1,7.7,7.3,5.02,6.1,5,2.0,0.1,,91,75
2026-09-06T22:00,24,icon,9,22,2.0,6.1,6.9,7.3,5.61,6.1,3,2.0,0.0,,99,75
2026-09-06T22:00,24,ukmo,9,22,2.0,6.1,8.0,7.3,3.4,6.1,18,2.0,0.0,,100,75
2026-09-06T22:00,24,mfr,9,22,2.0,6.1,7.4,7.3,5.7,6.1,1,2.0,0.0,,100,75
2026-09-06T22:00,24,gfs,9,22,2.0,6.1,7.7,7.3,3.5,6.1,37,2.0,0.0,,61,75
2026-09-06T22:00,24,harmonie,9,22,2.0,6.1,7.0,7.3,5.0,6.1,0,2.0,,,95,75
2026-09-06T22:00,24,metno,9,22,2.0,6.1,8.2,7.3,5.8,6.1,12.3,2.0,0.0,,100.0,75
2026-09-06T22:00,24,jolly,9,22,2.0,6.1,8.44,7.3,6.26,6.1,5.5,2.0,0.0,,80,75
2026-09-06T22:00,12,dmi,9,22,2.0,6.1,7.3,7.3,4.2,6.1,1,2.0,0.0,,100,75
2026-09-06T22:00,12,knmi,9,22,2.0,6.1,7.3,7.3,4.0,6.1,358,2.0,0.0,,100,75
2026-09-06T22:00,12,ecmwf,9,22,2.0,6.1,7.9,7.3,4.44,6.1,8,2.0,0.1,,82,75
2026-09-06T22:00,12,icon,9,22,2.0,6.1,7.3,7.3,5.41,6.1,4,2.0,0.0,,82,75
2026-09-06T22:00,12,ukmo,9,22,2.0,6.1,8.0,7.3,3.3,6.1,11,2.0,0.1,,98,75
2026-09-06T22:00,12,mfr,9,22,2.0,6.1,7.7,7.3,5.4,6.1,1,2.0,0.0,,95,75
2026-09-06T22:00,12,gfs,9,22,2.0,6.1,7.8,7.3,4.03,6.1,30,2.0,0.0,,100,75
2026-09-06T22:00,12,harmonie,9,22,2.0,6.1,7.0,7.3,4.0,6.1,0,2.0,,,95,75
2026-09-06T22:00,12,metno,9,22,2.0,6.1,8.4,7.3,5.5,6.1,10.2,2.0,0.0,,99.2,75
2026-09-06T22:00,12,jolly,9,22,2.0,6.1,7.06,7.3,5.7,6.1,10.0,2.0,0.02,,71,75
2026-09-06T22:00,3,dmi,9,22,2.0,6.1,7.0,7.3,3.8,6.1,5,2.0,0.0,,100,75
2026-09-06T22:00,3,knmi,9,22,2.0,6.1,7.0,7.3,3.7,6.1,354,2.0,0.0,,100,75
2026-09-06T22:00,3,ecmwf,9,22,2.0,6.1,7.6,7.3,3.8,6.1,360,2.0,0.1,,73,75
2026-09-06T22:00,3,icon,9,22,2.0,6.1,7.7,7.3,5.41,6.1,4,2.0,0.0,,100,75
2026-09-06T22:00,3,ukmo,9,22,2.0,6.1,8.2,7.3,3.3,6.1,18,2.0,0.0,,100,75
2026-09-06T22:00,3,mfr,9,22,2.0,6.1,6.4,7.3,5.5,6.1,358,2.0,0.0,,100,75
2026-09-06T22:00,3,gfs,9,22,2.0,6.1,7.1,7.3,4.2,6.1,38,2.0,0.0,,100,75
2026-09-06T22:00,3,harmonie,9,22,2.0,6.1,6.0,7.3,5.0,6.1,0,2.0,,,95,75
2026-09-06T22:00,3,metno,9,22,2.0,6.1,7.8,7.3,5.3,6.1,8.0,2.0,0.0,,100.0,75
2026-09-06T22:00,3,jolly,9,22,2.0,6.1,6.57,7.3,6.05,6.1,350.1,2.0,0.0,,63,75
2026-09-06T22:00,1,dmi,9,22,2.0,6.1,6.6,7.3,3.5,6.1,2,2.0,0.0,,100,75
2026-09-06T22:00,1,knmi,9,22,2.0,6.1,6.6,7.3,3.4,6.1,1,2.0,0.0,,100,75
2026-09-06T22:00,1,ecmwf,9,22,2.0,6.1,7.9,7.3,4.0,6.1,1,2.0,0.1,,65,75
2026-09-06T22:00,1,icon,9,22,2.0,6.1,7.7,7.3,5.41,6.1,4,2.0,0.0,,100,75
2026-09-06T22:00,1,ukmo,9,22,2.0,6.1,8.2,7.3,3.3,6.1,27,2.0,0.0,,100,75
2026-09-06T22:00,1,mfr,9,22,2.0,6.1,6.4,7.3,5.5,6.1,358,2.0,0.0,,100,75
2026-09-06T22:00,1,gfs,9,22,2.0,6.1,7.1,7.3,4.2,6.1,38,2.0,0.0,,100,75
2026-09-06T22:00,1,harmonie,9,22,2.0,6.1,6.0,7.3,5.0,6.1,0,2.0,,,95,75
2026-09-06T22:00,1,metno,9,22,2.0,6.1,8.2,7.3,5.6,6.1,6.2,2.0,0.0,,100.0,75
2026-09-06T22:00,1,jolly,9,22,2.0,6.1,6.26,7.3,6.07,6.1,351.7,2.0,0.0,,63,75
2026-09-07T04:00,48,dmi,9,4,10,6.7,7.6,7,6.0,6.7,19,10,0.2,,100,100
2026-09-07T04:00,48,knmi,9,4,10,6.7,7.3,7,5.3,6.7,11,10,0.0,,100,100
2026-09-07T04:00,48,ecmwf,9,4,10,6.7,7.1,7,6.03,6.7,6,10,0.8,,100,100
2026-09-07T04:00,48,icon,9,4,10,6.7,7.4,7,6.93,6.7,5,10,0.0,,100,100
2026-09-07T04:00,48,ukmo,9,4,10,6.7,6.2,7,5.0,6.7,3,10,0.5,,100,100
2026-09-07T04:00,48,mfr,9,4,10,6.7,7.3,7,6.61,6.7,357,10,0.2,,95,100
2026-09-07T04:00,48,gfs,9,4,10,6.7,7.6,7,8.05,6.7,25,10,2.7,,100,100
2026-09-07T04:00,48,harmonie,9,4,10,6.7,7.0,7,7.0,6.7,0,10,,,90,100
2026-09-07T04:00,48,metno,9,4,10,6.7,7.3,7,6.9,6.7,9.1,10,0.7,,100.0,100
2026-09-07T04:00,48,jolly,9,4,10,6.7,5.36,7,8.08,6.7,28.4,10,0.32,,64,100
2026-09-07T00:00,24,harmonie,9,0,30,5.7,8.0,8,6.0,5.7,0,30,,,95,100
2026-09-07T00:00,24,metno,9,0,30,5.7,7.4,8,6.4,5.7,9.6,30,0.5,,100.0,100
2026-09-07T00:00,3,dmi,9,0,30,5.7,7.1,8,4.8,5.7,358,30,0.0,,100,100
2026-09-07T00:00,3,knmi,9,0,30,5.7,7.1,8,4.7,5.7,358,30,0.0,,100,100
2026-09-07T00:00,3,ecmwf,9,0,30,5.7,8.2,8,5.32,5.7,12,30,0.1,,73,100
2026-09-07T00:00,3,icon,9,0,30,5.7,7.2,8,7.31,5.7,2,30,0.0,,100,100
2026-09-07T00:00,3,ukmo,9,0,30,5.7,7.1,8,3.6,5.7,19,30,0.0,,100,100
2026-09-07T00:00,3,mfr,9,0,30,5.7,6.3,8,6.3,5.7,360,30,0.0,,100,100
2026-09-07T00:00,3,gfs,9,0,30,5.7,7.3,8,6.87,5.7,21,30,0.0,,100,100
2026-09-07T00:00,3,harmonie,9,0,30,5.7,7.0,8,5.0,5.7,0,30,,,90,100
2026-09-07T00:00,3,metno,9,0,30,5.7,8.2,8,6.2,5.7,14.6,30,0.1,,100.0,100
2026-09-07T00:00,3,jolly,9,0,30,5.7,6.56,8,7.13,5.7,346.2,30,0.0,,66,100
2026-09-07T00:00,1,dmi,9,0,30,5.7,6.3,8,3.7,5.7,356,30,0.0,,100,100
2026-09-07T00:00,1,knmi,9,0,30,5.7,6.3,8,3.7,5.7,355,30,0.0,,100,100
2026-09-07T00:00,1,ecmwf,9,0,30,5.7,8.2,8,5.32,5.7,12,30,0.1,,73,100
2026-09-07T00:00,1,icon,9,0,30,5.7,7.5,8,7.11,5.7,3,30,0.0,,100,100
2026-09-07T00:00,1,ukmo,9,0,30,5.7,7.1,8,3.6,5.7,19,30,0.0,,100,100
2026-09-07T00:00,1,mfr,9,0,30,5.7,6.5,8,6.3,5.7,1,30,0.0,,100,100
2026-09-07T00:00,1,gfs,9,0,30,5.7,7.7,8,6.76,5.7,24,30,0.0,,100,100
2026-09-07T00:00,1,harmonie,9,0,30,5.7,7.0,8,5.0,5.7,0,30,,,95,100
2026-09-07T00:00,1,metno,9,0,30,5.7,8.2,8,6.2,5.7,14.6,30,0.1,,100.0,100
2026-09-07T00:00,1,jolly,9,0,30,5.7,6.44,8,6.98,5.7,352.6,30,0.0,,64,100
2026-09-07T02:00,12,dmi,9,2,360,8.2,7.9,7,6.4,8.2,9,360,0.0,,100,100
2026-09-07T02:00,12,knmi,9,2,360,8.2,7.3,7,7.4,8.2,10,360,0.2,,100,100
2026-09-07T02:00,12,ecmwf,9,2,360,8.2,7.4,7,5.76,8.2,8,360,0.2,,100,100
2026-09-07T02:00,12,icon,9,2,360,8.2,6.9,7,6.2,8.2,10,360,0.0,,100,100
2026-09-07T02:00,12,ukmo,9,2,360,8.2,7.1,7,4.6,8.2,16,360,0.2,,100,100
2026-09-07T02:00,12,mfr,9,2,360,8.2,6.8,7,6.6,8.2,2,360,0.0,,100,100
2026-09-07T02:00,12,gfs,9,2,360,8.2,7.7,7,7.88,8.2,20,360,0.2,,100,100
2026-09-07T02:00,12,harmonie,9,2,360,8.2,7.0,7,6.0,8.2,0,360,,,90,100
2026-09-07T02:00,12,metno,9,2,360,8.2,7.7,7,6.3,8.2,13.0,360,0.1,,100.0,100
2026-09-07T02:00,12,jolly,9,2,360,8.2,6.81,7,7.62,8.2,15.8,360,0.08,,76,100
2026-09-07T02:00,3,dmi,9,2,360,8.2,6.8,7,6.1,8.2,8,360,0.0,,100,100
2026-09-07T02:00,3,knmi,9,2,360,8.2,6.8,7,6.0,8.2,7,360,0.0,,100,100
2026-09-07T02:00,3,ecmwf,9,2,360,8.2,7.4,7,5.94,8.2,13,360,0.1,,88,100
2026-09-07T02:00,3,icon,9,2,360,8.2,6.9,7,7.41,8.2,2,360,0.0,,100,100
2026-09-07T02:00,3,ukmo,9,2,360,8.2,6.9,7,4.4,8.2,19,360,0.1,,100,100
2026-09-07T02:00,3,mfr,9,2,360,8.2,6.4,7,7.01,8.2,2,360,0.0,,100,100
2026-09-07T02:00,3,gfs,9,2,360,8.2,7.7,7,8.26,8.2,21,360,0.0,,100,100
2026-09-07T02:00,3,harmonie,9,2,360,8.2,7.0,7,6.0,8.2,0,360,,,95,100
2026-09-07T02:00,3,metno,9,2,360,8.2,7.3,7,6.3,8.2,14.0,360,0.1,,100.0,100
2026-09-07T02:00,3,jolly,9,2,360,8.2,6.39,7,7.95,8.2,352.2,360,0.02,,65,100
2026-09-07T01:00,6,dmi,9,1,10,7.2,7.5,7,5.2,7.2,8,10,0.0,,100,75
2026-09-07T01:00,6,knmi,9,1,10,7.2,7.7,7,4.9,7.2,6,10,0.0,,100,75
2026-09-07T01:00,6,ecmwf,9,1,10,7.2,7.5,7,5.45,7.2,7,10,0.2,,100,75
2026-09-07T01:00,6,icon,9,1,10,7.2,6.9,7,8.51,7.2,3,10,0.0,,100,75
2026-09-07T01:00,6,ukmo,9,1,10,7.2,7.3,7,4.3,7.2,15,10,0.2,,100,75
2026-09-07T01:00,6,mfr,9,1,10,7.2,6.2,7,6.5,7.2,360,10,0.0,,100,75
2026-09-07T01:00,6,gfs,9,1,10,7.2,7.4,7,7.95,7.2,21,10,0.0,,100,75
2026-09-07T01:00,6,harmonie,9,1,10,7.2,7.0,7,6.0,7.2,0,10,,,90,75
2026-09-07T01:00,6,metno,9,1,10,7.2,7.8,7,6.4,7.2,12.9,10,0.1,,100.0,75
2026-09-07T01:00,6,jolly,9,1,10,7.2,6.64,7,7.8,7.2,8.8,10,0.03,,68,75
2026-09-07T03:00,6,dmi,9,3,7.0,7.6,7.4,7.3,7.4,7.6,12,7.0,0.1,,100,75
2026-09-07T03:00,6,knmi,9,3,7.0,7.6,7.4,7.3,7.3,7.6,11,7.0,0.1,,100,75
2026-09-07T03:00,6,ecmwf,9,3,7.0,7.6,7.1,7.3,6.04,7.6,12,7.0,0.1,,100,75
2026-09-07T03:00,6,icon,9,3,7.0,7.6,6.9,7.3,8.03,7.6,5,7.0,0.1,,100,75
2026-09-07T03:00,6,ukmo,9,3,7.0,7.6,6.9,7.3,4.5,7.6,19,7.0,0.2,,100,75
2026-09-07T03:00,6,mfr,9,3,7.0,7.6,6.4,7.3,7.41,7.6,3,7.0,0.0,,100,75
2026-09-07T03:00,6,gfs,9,3,7.0,7.6,7.5,7.3,8.98,7.6,19,7.0,0.1,,100,75
2026-09-07T03:00,6,harmonie,9,3,7.0,7.6,8.0,7.3,7.0,7.6,0,7.0,,,90,75
2026-09-07T03:00,6,metno,9,3,7.0,7.6,7.2,7.3,6.1,7.6,13.0,7.0,0.2,,100.0,75
2026-09-07T03:00,6,jolly,9,3,7.0,7.6,6.4,7.3,8.62,7.6,4.1,7.0,0.08,,68,75
2026-09-07T08:00,48,dmi,9,8,360,9.8,6.7,8,7.8,9.8,10,360,2.2,,100,100
2026-09-07T08:00,48,knmi,9,8,360,9.8,6.7,8,7.6,9.8,9,360,2.2,,100,100
2026-09-07T08:00,48,ecmwf,9,8,360,9.8,7.4,8,6.81,9.8,3,360,2.2,,94,100
2026-09-07T08:00,48,icon,9,8,360,9.8,7.3,8,8.26,9.8,7,360,0.6,,100,100
2026-09-07T08:00,48,ukmo,9,8,360,9.8,6.7,8,4.9,9.8,6,360,0.3,,100,100
2026-09-07T08:00,48,mfr,9,8,360,9.8,7.5,8,7.7,9.8,360,360,0.1,,85,100
2026-09-07T08:00,48,gfs,9,8,360,9.8,7.8,8,10.22,9.8,16,360,3.9,,100,100
2026-09-07T08:00,48,harmonie,9,8,360,9.8,7.0,8,9.0,9.8,22.5,360,,,90,100
2026-09-07T08:00,48,metno,9,8,360,9.8,7.6,8,7.9,9.8,3.6,360,3.3,,100.0,100
2026-09-07T08:00,48,jolly,9,8,360,9.8,5.31,8,9.48,9.8,29.4,360,1.28,,63,100
2026-09-07T10:00,48,dmi,9,10,10,8.7,6.8,8,8.5,8.7,12,10,2.3,,100,100
2026-09-07T10:00,48,knmi,9,10,10,8.7,7.2,8,8.0,8.7,12,10,1.9,,100,100
2026-09-07T10:00,48,ecmwf,9,10,10,8.7,7.5,8,7.11,8.7,3,10,3.7,,100,100
2026-09-07T10:00,48,icon,9,10,10,8.7,7.9,8,10.83,8.7,4,10,2.8,,97,100
2026-09-07T10:00,48,ukmo,9,10,10,8.7,7.3,8,5.4,8.7,3,10,0.3,,77,100
2026-09-07T10:00,48,mfr,9,10,10,8.7,7.6,8,7.32,8.7,4,10,1.0,,81,100
2026-09-07T10:00,48,gfs,9,10,10,8.7,7.8,8,10.9,8.7,11,10,5.6,,100,100
2026-09-07T10:00,48,harmonie,9,10,10,8.7,8.0,8,9.0,8.7,0,10,,,90,100
2026-09-07T10:00,48,metno,9,10,10,8.7,7.7,8,8.0,8.7,2.6,10,4.0,,100.0,100
2026-09-07T10:00,48,jolly,9,10,10,8.7,6.26,8,9.59,8.7,19.1,10,1.59,,87,100
2026-09-07T10:00,24,dmi,9,10,10,8.7,7.4,8,9.1,8.7,12,10,1.9,,100,100
2026-09-07T10:00,24,knmi,9,10,10,8.7,7.3,8,8.8,8.7,11,10,1.3,,100,100
2026-09-07T10:00,24,ecmwf,9,10,10,8.7,7.4,8,6.63,8.7,5,10,2.0,,90,100
2026-09-07T10:00,24,icon,9,10,10,8.7,7.2,8,9.21,8.7,3,10,0.4,,100,100
2026-09-07T10:00,24,ukmo,9,10,10,8.7,6.8,8,6.6,8.7,357,10,0.9,,100,100
2026-09-07T10:00,24,mfr,9,10,10,8.7,7.5,8,8.7,8.7,9,10,1.5,,88,100
2026-09-07T10:00,24,gfs,9,10,10,8.7,7.6,8,9.68,8.7,18,10,4.0,,100,100
2026-09-07T10:00,24,harmonie,9,10,10,8.7,8.0,8,8.0,8.7,0,10,,,90,100
2026-09-07T10:00,24,metno,9,10,10,8.7,7.4,8,7.1,8.7,2.6,10,2.2,,100.0,100
2026-09-07T10:00,24,jolly,9,10,10,8.7,7.12,8,9.31,8.7,16.3,10,1.28,,83,100
2026-09-07T10:00,6,dmi,9,10,10,8.7,7.0,8,7.4,8.7,8,10,1.4,,100,100
2026-09-07T10:00,6,knmi,9,10,10,8.7,7.5,8,7.3,8.7,7,10,1.6,,100,100
2026-09-07T10:00,6,ecmwf,9,10,10,8.7,7.1,8,6.3,8.7,1,10,1.7,,100,100
2026-09-07T10:00,6,icon,9,10,10,8.7,6.9,8,8.74,8.7,5,10,1.5,,100,100
2026-09-07T10:00,6,ukmo,9,10,10,8.7,7.5,8,5.6,8.7,3,10,2.5,,100,100
2026-09-07T10:00,6,mfr,9,10,10,8.7,7.4,8,8.25,8.7,6,10,1.5,,99,100
2026-09-07T10:00,6,gfs,9,10,10,8.7,7.8,8,9.62,8.7,17,10,3.2,,100,100
2026-09-07T10:00,6,harmonie,9,10,10,8.7,8.0,8,8.0,8.7,0,10,,,90,100
2026-09-07T10:00,6,metno,9,10,10,8.7,7.2,8,7.4,8.7,2.1,10,1.8,,100.0,100
2026-09-07T10:00,6,jolly,9,10,10,8.7,6.73,8,9.28,8.7,0.9,10,1.39,,68,100
2026-09-07T05:00,24,harmonie,9,5,10,7.7,7.0,8,9.0,7.7,0,10,,,90,100
2026-09-07T05:00,24,metno,9,5,10,7.7,7.2,8,7.2,7.7,10.8,10,2.6,,100.0,100
2026-09-07T05:00,12,dmi,9,5,10,7.7,7.2,8,8.2,7.7,13,10,0.7,,100,100
2026-09-07T05:00,12,knmi,9,5,10,7.7,7.6,8,7.1,7.7,12,10,0.3,,100,100
2026-09-07T05:00,12,ecmwf,9,5,10,7.7,7.1,8,6.49,7.7,10,10,0.4,,100,100
2026-09-07T05:00,12,icon,9,5,10,7.7,6.9,8,8.14,7.7,6,10,0.3,,100,100
2026-09-07T05:00,12,ukmo,9,5,10,7.7,6.9,8,5.1,7.7,10,10,0.6,,100,100
2026-09-07T05:00,12,mfr,9,5,10,7.7,6.9,8,8.67,7.7,7,10,0.1,,100,100
2026-09-07T05:00,12,gfs,9,5,10,7.7,7.7,8,8.08,7.7,22,10,2.1,,100,100
2026-09-07T05:00,12,harmonie,9,5,10,7.7,7.0,8,8.0,7.7,0,10,,,90,100
2026-09-07T05:00,12,metno,9,5,10,7.7,7.2,8,6.8,7.7,6.9,10,0.5,,100.0,100
2026-09-07T05:00,12,jolly,9,5,10,7.7,6.64,8,8.68,7.7,15.4,10,0.44,,76,100
2026-09-07T05:00,6,dmi,9,5,10,7.7,6.7,8,7.4,7.7,18,10,0.8,,100,100
2026-09-07T05:00,6,knmi,9,5,10,7.7,6.7,8,7.3,7.7,17,10,0.8,,100,100
2026-09-07T05:00,6,ecmwf,9,5,10,7.7,6.9,8,6.02,7.7,11,10,0.4,,100,100
2026-09-07T05:00,6,icon,9,5,10,7.7,7.0,8,7.55,7.7,7,10,0.0,,100,100
2026-09-07T05:00,6,ukmo,9,5,10,7.7,6.8,8,4.8,7.7,7,10,0.6,,100,100
2026-09-07T05:00,6,mfr,9,5,10,7.7,6.9,8,8.19,7.7,8,10,0.2,,100,100
2026-09-07T05:00,6,gfs,9,5,10,7.7,7.3,8,9.82,7.7,15,10,1.0,,100,100
2026-09-07T05:00,6,harmonie,9,5,10,7.7,8.0,8,7.0,7.7,22.5,10,,,90,100
2026-09-07T05:00,6,metno,9,5,10,7.7,7.1,8,6.0,7.7,10.9,10,0.6,,100.0,100
2026-09-07T05:00,6,jolly,9,5,10,7.7,6.3,8,8.74,7.7,8.8,10,0.49,,68,100
2026-09-07T05:00,1,dmi,9,5,10,7.7,6.7,8,8.5,7.7,13,10,0.1,,100,100
2026-09-07T05:00,1,knmi,9,5,10,7.7,7.2,8,7.1,7.7,15,10,0.7,,100,100
2026-09-07T05:00,1,ecmwf,9,5,10,7.7,6.8,8,6.08,7.7,9,10,0.3,,95,100
2026-09-07T05:00,1,icon,9,5,10,7.7,6.6,8,9.01,7.7,3,10,0.1,,100,100
2026-09-07T05:00,1,ukmo,9,5,10,7.7,6.8,8,4.8,7.7,11,10,0.3,,100,100
2026-09-07T05:00,1,mfr,9,5,10,7.7,6.8,8,8.25,7.7,6,10,0.1,,100,100
2026-09-07T05:00,1,gfs,9,5,10,7.7,7.3,8,9.82,7.7,15,10,1.0,,100,100
2026-09-07T05:00,1,harmonie,9,5,10,7.7,8.0,8,8.0,7.7,22.5,10,,,95,100
2026-09-07T05:00,1,metno,9,5,10,7.7,6.9,8,6.3,7.7,12.6,10,0.6,,100.0,100
2026-09-07T05:00,1,jolly,9,5,10,7.7,6.66,8,9.19,7.7,7.1,10,0.28,,64,100
2026-09-07T07:00,12,dmi,9,7,360,10.3,7.3,8,7.8,10.3,12,360,1.5,,100,100
2026-09-07T07:00,12,knmi,9,7,360,10.3,7.3,8,7.1,10.3,9,360,1.6,,100,100
2026-09-07T07:00,12,ecmwf,9,7,360,10.3,7.1,8,6.48,10.3,9,360,1.5,,100,100
2026-09-07T07:00,12,icon,9,7,360,10.3,6.8,8,9.04,10.3,6,360,1.8,,100,100
2026-09-07T07:00,12,ukmo,9,7,360,10.3,6.7,8,5.3,10.3,8,360,0.5,,100,100
2026-09-07T07:00,12,mfr,9,7,360,10.3,7.0,8,8.5,10.3,9,360,0.9,,100,100
2026-09-07T07:00,12,gfs,9,7,360,10.3,7.7,8,9.68,10.3,16,360,2.4,,100,100
2026-09-07T07:00,12,harmonie,9,7,360,10.3,7.0,8,8.0,10.3,22.5,360,,,90,100
2026-09-07T07:00,12,metno,9,7,360,10.3,7.1,8,6.5,10.3,11.3,360,1.6,,100.0,100
2026-09-07T07:00,12,jolly,9,7,360,10.3,6.6,8,8.89,10.3,14.8,360,1.06,,76,100
2026-09-07T07:00,3,dmi,9,7,360,10.3,7.3,8,7.5,10.3,12,360,1.2,,100,100
2026-09-07T07:00,3,knmi,9,7,360,10.3,7.6,8,7.4,10.3,10,360,0.4,,100,100
2026-09-07T07:00,3,ecmwf,9,7,360,10.3,6.8,8,5.91,10.3,4,360,1.4,,100,100
2026-09-07T07:00,3,icon,9,7,360,10.3,6.6,8,9.43,10.3,4,360,0.9,,100,100
2026-09-07T07:00,3,ukmo,9,7,360,10.3,7.4,8,5.1,10.3,3,360,1.6,,100,100
2026-09-07T07:00,3,mfr,9,7,360,10.3,6.9,8,8.77,10.3,7,360,0.2,,100,100
2026-09-07T07:00,3,gfs,9,7,360,10.3,7.4,8,10.02,10.3,14,360,1.8,,100,100
2026-09-07T07:00,3,harmonie,9,7,360,10.3,7.0,8,8.0,10.3,22.5,360,,,90,100
2026-09-07T07:00,3,metno,9,7,360,10.3,6.9,8,6.6,10.3,4.5,360,1.4,,100.0,100
2026-09-07T07:00,3,jolly,9,7,360,10.3,6.68,8,9.29,10.3,356.8,360,0.73,,68,100
2026-09-07T09:00,12,dmi,9,9,10.0,8.0,7.3,7.6,8.0,8.0,10,10.0,1.1,,100,100
2026-09-07T09:00,12,knmi,9,9,10.0,8.0,7.3,7.6,7.9,8.0,9,10.0,1.1,,100,100
2026-09-07T09:00,12,ecmwf,9,9,10.0,8.0,7.0,7.6,6.21,8.0,356,10.0,1.0,,100,100
2026-09-07T09:00,12,icon,9,9,10.0,8.0,7.1,7.6,9.66,8.0,7,10.0,1.5,,100,100
2026-09-07T09:00,12,ukmo,9,9,10.0,8.0,7.1,7.6,5.1,8.0,1,10.0,1.6,,100,100
2026-09-07T09:00,12,mfr,9,9,10.0,8.0,7.2,7.6,8.29,8.0,8,10.0,1.4,,100,100
2026-09-07T09:00,12,gfs,9,9,10.0,8.0,7.9,7.6,9.68,8.0,18,10.0,2.7,,100,100
2026-09-07T09:00,12,harmonie,9,9,10.0,8.0,8.0,7.6,7.0,8.0,0,10.0,,,90,100
2026-09-07T09:00,12,metno,9,9,10.0,8.0,7.2,7.6,6.5,8.0,356.0,10.0,1.3,,100.0,100
2026-09-07T09:00,12,jolly,9,9,10.0,8.0,6.83,7.6,8.9,8.0,6.6,10.0,1.05,,76,100
2026-09-07T13:00,48,dmi,9,13,360,10.3,6.7,9,8.5,10.3,8,360,2.2,,100,100
2026-09-07T13:00,48,knmi,9,13,360,10.3,6.8,9,8.8,10.3,7,360,2.5,,100,100
2026-09-07T13:00,48,ecmwf,9,13,360,10.3,7.8,9,6.6,10.3,2,360,0.3,,89,100
2026-09-07T13:00,48,icon,9,13,360,10.3,8.5,9,9.44,10.3,5,360,1.1,,97,100
2026-09-07T13:00,48,ukmo,9,13,360,10.3,7.8,9,7.0,10.3,358,360,3.1,,100,100
2026-09-07T13:00,48,mfr,9,13,360,10.3,7.8,9,6.82,10.3,4,360,0.7,,97,100
2026-09-07T13:00,48,gfs,9,13,360,10.3,7.5,9,9.83,10.3,355,360,1.9,,100,100
2026-09-07T13:00,48,harmonie,9,13,360,10.3,8.0,9,9.0,10.3,0,360,,,90,100
2026-09-07T13:00,48,metno,9,13,360,10.3,7.7,9,7.4,10.3,2.0,360,0.3,,100.0,100
2026-09-07T13:00,48,jolly,9,13,360,10.3,6.35,9,9.42,10.3,16.0,360,1.54,,91,100
2026-09-07T13:00,3,dmi,9,13,360,10.3,7.2,9,6.9,10.3,6,360,1.5,,100,100
2026-09-07T13:00,3,knmi,9,13,360,10.3,7.5,9,7.6,10.3,2,360,1.2,,100,100
2026-09-07T13:00,3,ecmwf,9,13,360,10.3,7.5,9,6.76,10.3,8,360,0.9,,86,100
2026-09-07T13:00,3,icon,9,13,360,10.3,7.8,9,9.02,10.3,4,360,0.2,,95,100
2026-09-07T13:00,3,ukmo,9,13,360,10.3,7.5,9,5.4,10.3,3,360,0.8,,100,100
2026-09-07T13:00,3,mfr,9,13,360,10.3,7.3,9,7.85,10.3,7,360,0.8,,100,100
2026-09-07T13:00,3,gfs,9,13,360,10.3,7.8,9,10.06,10.3,6,360,1.2,,100,100
2026-09-07T13:00,3,harmonie,9,13,360,10.3,9.0,9,7.0,10.3,0,360,,,90,100
2026-09-07T13:00,3,metno,9,13,360,10.3,7.3,9,7.3,10.3,4.3,360,0.8,,100.0,100
2026-09-07T13:00,3,jolly,9,13,360,10.3,7.54,9,9.21,10.3,354.2,360,0.85,,67,100
2026-09-07T14:00,24,dmi,9,14,1.0,11.1,7.0,8.8,9.3,11.1,7,1.0,0.8,,100,100
2026-09-07T14:00,24,knmi,9,14,1.0,11.1,7.7,8.8,8.3,11.1,6,1.0,1.1,,100,100
2026-09-07T14:00,24,ecmwf,9,14,1.0,11.1,7.9,8.8,6.87,11.1,8,1.0,0.7,,80,100
2026-09-07T14:00,24,icon,9,14,1.0,11.1,7.6,8.8,9.82,11.1,4,1.0,1.4,,97,100
2026-09-07T14:00,24,ukmo,9,14,1.0,11.1,7.3,8.8,6.4,11.1,353,1.0,0.3,,100,100
2026-09-07T14:00,24,mfr,9,14,1.0,11.1,7.6,8.8,7.62,11.1,4,1.0,1.3,,100,100
2026-09-07T14:00,24,gfs,9,14,1.0,11.1,7.9,8.8,9.3,11.1,2,1.0,2.0,,100,100
2026-09-07T14:00,24,harmonie,9,14,1.0,11.1,8.0,8.8,8.0,11.1,0,1.0,,,90,100
2026-09-07T14:00,24,metno,9,14,1.0,11.1,7.8,8.8,7.1,11.1,5.8,1.0,0.5,,100.0,100
2026-09-07T14:00,24,jolly,9,14,1.0,11.1,6.93,8.8,9.37,11.1,19.3,1.0,0.77,,82,100
2026-09-07T11:00,12,dmi,9,11,360,10.3,6.9,8,7.6,10.3,8,360,2.0,,100,100
2026-09-07T11:00,12,knmi,9,11,360,10.3,6.9,8,7.5,10.3,7,360,2.0,,100,100
2026-09-07T11:00,12,ecmwf,9,11,360,10.3,7.4,8,6.7,10.3,1,360,1.5,,91,100
2026-09-07T11:00,12,icon,9,11,360,10.3,7.6,8,8.96,10.3,6,360,1.9,,97,100
2026-09-07T11:00,12,ukmo,9,11,360,10.3,7.2,8,5.5,10.3,357,360,0.6,,88,100
2026-09-07T11:00,12,mfr,9,11,360,10.3,7.7,8,8.04,10.3,6,360,1.0,,90,100
2026-09-07T11:00,12,gfs,9,11,360,10.3,7.8,8,9.77,10.3,14,360,3.1,,100,100
2026-09-07T11:00,12,harmonie,9,11,360,10.3,8.0,8,8.0,10.3,0,360,,,90,100
2026-09-07T11:00,12,metno,9,11,360,10.3,7.6,8,7.5,10.3,1.9,360,1.7,,100.0,100
2026-09-07T11:00,12,jolly,9,11,360,10.3,6.93,8,9.08,10.3,5.6,360,1.3,,74,100
2026-09-07T11:00,1,dmi,9,11,360,10.3,6.7,8,7.5,10.3,8,360,1.6,,100,100
2026-09-07T11:00,1,knmi,9,11,360,10.3,7.4,8,7.2,10.3,8,360,1.5,,100,100
2026-09-07T11:00,1,ecmwf,9,11,360,10.3,7.3,8,6.64,10.3,6,360,1.7,,100,100
2026-09-07T11:00,1,icon,9,11,360,10.3,7.1,8,8.2,10.3,1,360,0.3,,100,100
2026-09-07T11:00,1,ukmo,9,11,360,10.3,7.1,8,5.1,10.3,3,360,1.5,,100,100
2026-09-07T11:00,1,mfr,9,11,360,10.3,7.5,8,8.35,10.3,6,360,1.2,,100,100
2026-09-07T11:00,1,gfs,9,11,360,10.3,7.7,8,9.56,10.3,13,360,2.0,,100,100
2026-09-07T11:00,1,harmonie,9,11,360,10.3,8.0,8,8.0,10.3,0,360,,,90,100
2026-09-07T11:00,1,metno,9,11,360,10.3,7.4,8,7.3,10.3,6.5,360,1.9,,100.0,100
2026-09-07T11:00,1,jolly,9,11,360,10.3,7.4,8,9.18,10.3,2.0,360,1.15,,68,100
2026-09-07T16:00,48,dmi,9,16,360,9.3,6.8,8,8.3,9.3,9,360,0.1,,100,75
2026-09-07T16:00,48,knmi,9,16,360,9.3,6.8,8,7.6,9.3,6,360,0.2,,100,75
2026-09-07T16:00,48,ecmwf,9,16,360,9.3,7.7,8,5.6,9.3,360,360,0.2,,93,75
2026-09-07T16:00,48,icon,9,16,360,9.3,8.0,8,11.18,9.3,7,360,0.6,,100,75
2026-09-07T16:00,48,ukmo,9,16,360,9.3,7.9,8,7.2,9.3,356,360,2.8,,100,75
2026-09-07T16:00,48,mfr,9,16,360,9.3,7.8,8,8.05,9.3,6,360,0.3,,100,75
2026-09-07T16:00,48,gfs,9,16,360,9.3,8.0,8,10.2,9.3,359,360,0.1,,100,75
2026-09-07T16:00,48,harmonie,9,16,360,9.3,8.0,8,7.0,9.3,22.5,360,,,90,75
2026-09-07T16:00,48,metno,9,16,360,9.3,7.6,8,6.8,9.3,359.3,360,0.2,,100.0,75
2026-09-07T16:00,48,jolly,9,16,360,9.3,6.94,8,9.22,9.3,26.0,360,0.45,,92,75
2026-09-07T16:00,12,dmi,9,16,360,9.3,7.3,8,8.0,9.3,8,360,0.4,,100,75
2026-09-07T16:00,12,knmi,9,16,360,9.3,7.7,8,8.0,9.3,5,360,0.1,,100,75
2026-09-07T16:00,12,ecmwf,9,16,360,9.3,7.4,8,6.32,9.3,11,360,0.1,,63,75
2026-09-07T16:00,12,icon,9,16,360,9.3,7.5,8,9.63,9.3,4,360,0.7,,90,75
2026-09-07T16:00,12,ukmo,9,16,360,9.3,7.6,8,6.2,9.3,358,360,0.3,,100,75
2026-09-07T16:00,12,mfr,9,16,360,9.3,7.8,8,7.54,9.3,6,360,0.2,,100,75
2026-09-07T16:00,12,gfs,9,16,360,9.3,7.8,8,9.81,9.3,3,360,0.0,,100,75
2026-09-07T16:00,12,harmonie,9,16,360,9.3,7.0,8,8.0,9.3,0,360,,,90,75
2026-09-07T16:00,12,metno,9,16,360,9.3,7.3,8,7.0,9.3,8.2,360,0.2,,100.0,75
2026-09-07T16:00,12,jolly,9,16,360,9.3,7.03,8,9.26,9.3,4.3,360,0.19,,73,75
2026-09-07T16:00,6,dmi,9,16,360,9.3,7.2,8,8.3,9.3,8,360,0.2,,100,75
2026-09-07T16:00,6,knmi,9,16,360,9.3,7.6,8,7.7,9.3,10,360,0.0,,100,75
2026-09-07T16:00,6,ecmwf,9,16,360,9.3,7.6,8,6.63,9.3,11,360,0.2,,63,75
2026-09-07T16:00,6,icon,9,16,360,9.3,7.6,8,9.03,9.3,4,360,0.2,,98,75
2026-09-07T16:00,6,ukmo,9,16,360,9.3,7.3,8,5.8,9.3,358,360,0.3,,97,75
2026-09-07T16:00,6,mfr,9,16,360,9.3,7.8,8,7.54,9.3,6,360,0.2,,100,75
2026-09-07T16:00,6,gfs,9,16,360,9.3,7.7,8,10.11,9.3,3,360,0.1,,100,75
2026-09-07T16:00,6,harmonie,9,16,360,9.3,7.0,8,8.0,9.3,0,360,,,95,75
2026-09-07T16:00,6,metno,9,16,360,9.3,7.7,8,7.1,9.3,11.5,360,0.2,,100.0,75
2026-09-07T16:00,6,jolly,9,16,360,9.3,7.18,8,9.45,9.3,4.7,360,0.12,,63,75
2026-09-07T16:00,1,dmi,9,16,360,9.3,7.2,8,8.4,9.3,6,360,0.3,,1,75
2026-09-07T16:00,1,knmi,9,16,360,9.3,7.3,8,8.1,9.3,5,360,0.1,,100,75
2026-09-07T16:00,1,ecmwf,9,16,360,9.3,8.0,8,6.73,9.3,11,360,0.2,,64,75
2026-09-07T16:00,1,icon,9,16,360,9.3,7.4,8,9.12,9.3,4,360,0.2,,100,75
2026-09-07T16:00,1,ukmo,9,16,360,9.3,8.1,8,6.3,9.3,356,360,0.3,,100,75
2026-09-07T16:00,1,mfr,9,16,360,9.3,7.7,8,6.63,9.3,5,360,0.2,,100,75
2026-09-07T16:00,1,gfs,9,16,360,9.3,7.2,8,9.71,9.3,2,360,0.1,,100,75
2026-09-07T16:00,1,harmonie,9,16,360,9.3,7.0,8,8.0,9.3,0,360,,,90,75
2026-09-07T16:00,1,metno,9,16,360,9.3,7.7,8,7.2,9.3,8.2,360,0.2,,99.2,75
2026-09-07T16:00,1,jolly,9,16,360,9.3,7.76,8,9.38,9.3,0.8,360,0.16,,62,75
2026-09-07T19:00,48,dmi,9,19,10,5.1,6.2,8,8.0,5.1,10,10,0.0,,100,75
2026-09-07T19:00,48,knmi,9,19,10,5.1,6.6,8,8.3,5.1,6,10,0.1,,99,75
2026-09-07T19:00,48,ecmwf,9,19,10,5.1,7.4,8,4.41,5.1,4,10,0.1,,64,75
2026-09-07T19:00,48,icon,9,19,10,5.1,7.4,8,10.73,5.1,4,10,0.7,,99,75
2026-09-07T19:00,48,ukmo,9,19,10,5.1,6.5,8,5.4,5.1,353,10,0.2,,100,75
2026-09-07T19:00,48,mfr,9,19,10,5.1,7.4,8,7.47,5.1,8,10,0.2,,85,75
2026-09-07T19:00,48,gfs,9,19,10,5.1,7.7,8,9.21,5.1,358,10,0.1,,100,75
2026-09-07T19:00,48,harmonie,9,19,10,5.1,7.0,8,7.0,5.1,0,10,,,95,75
2026-09-07T19:00,48,metno,9,19,10,5.1,7.2,8,5.8,5.1,3.8,10,0.0,,100.0,75
2026-09-07T19:00,48,jolly,9,19,10,5.1,6.45,8,9.0,5.1,30.3,10,0.1,,87,75
2026-09-07T19:00,24,dmi,9,19,10,5.1,6.3,8,7.3,5.1,6,10,0.0,,100,75
2026-09-07T19:00,24,knmi,9,19,10,5.1,6.7,8,7.1,5.1,8,10,0.0,,100,75
2026-09-07T19:00,24,ecmwf,9,19,10,5.1,7.2,8,5.32,5.1,5,10,0.1,,67,75
2026-09-07T19:00,24,icon,9,19,10,5.1,6.8,8,8.21,5.1,3,10,0.4,,100,75
2026-09-07T19:00,24,ukmo,9,19,10,5.1,5.5,8,5.0,5.1,3,10,0.0,,83,75
2026-09-07T19:00,24,mfr,9,19,10,5.1,7.3,8,6.3,5.1,10,10,0.0,,100,75
2026-09-07T19:00,24,gfs,9,19,10,5.1,7.6,8,7.93,5.1,5,10,0.0,,100,75
2026-09-07T19:00,24,harmonie,9,19,10,5.1,6.0,8,7.0,5.1,0,10,,,95,75
2026-09-07T19:00,24,metno,9,19,10,5.1,7.3,8,5.5,5.1,2.3,10,0.3,,100.0,75
2026-09-07T19:00,24,jolly,9,19,10,5.1,4.83,8,8.06,5.1,352.9,10,0.02,,79,75
2026-09-07T17:00,24,dmi,9,17,10,7.7,7.1,8,8.1,7.7,11,10,0.3,,100,75
2026-09-07T17:00,24,knmi,9,17,10,7.7,6.9,8,7.7,7.7,6,10,0.1,,100,75
2026-09-07T17:00,24,ecmwf,9,17,10,7.7,7.5,8,6.14,7.7,7,10,0.1,,73,75
2026-09-07T17:00,24,icon,9,17,10,7.7,7.3,8,9.64,7.7,5,10,0.3,,100,75
2026-09-07T17:00,24,ukmo,9,17,10,7.7,6.6,8,5.8,7.7,354,10,0.3,,86,75
2026-09-07T17:00,24,mfr,9,17,10,7.7,7.6,8,7.14,7.7,6,10,0.1,,100,75
2026-09-07T17:00,24,gfs,9,17,10,7.7,8.0,8,8.44,7.7,5,10,0.0,,100,75
2026-09-07T17:00,24,harmonie,9,17,10,7.7,8.0,8,7.0,7.7,0,10,,,95,75
2026-09-07T17:00,24,metno,9,17,10,7.7,7.6,8,7.0,7.7,4.1,10,0.0,,99.2,75
2026-09-07T17:00,24,jolly,9,17,10,7.7,6.1,8,8.9,7.7,358.2,10,0.14,,80,75
2026-09-07T18:00,3,dmi,9,18,22.0,7.2,7.2,7.9,6.9,7.2,7,22.0,0.0,,1,75
2026-09-07T18:00,3,knmi,9,18,22.0,7.2,7.2,7.9,6.7,7.2,6,22.0,0.0,,100,75
2026-09-07T18:00,3,ecmwf,9,18,22.0,7.2,7.6,7.9,6.33,7.2,16,22.0,0.2,,66,75
2026-09-07T18:00,3,icon,9,18,22.0,7.2,6.8,7.9,8.35,7.2,6,22.0,0.2,,98,75
2026-09-07T18:00,3,ukmo,9,18,22.0,7.2,7.3,7.9,5.4,7.2,359,22.0,0.2,,100,75
2026-09-07T18:00,3,mfr,9,18,22.0,7.2,7.4,7.9,6.44,7.2,6,22.0,0.1,,95,75
2026-09-07T18:00,3,gfs,9,18,22.0,7.2,6.8,7.9,8.01,7.2,9,22.0,0.1,,100,75
2026-09-07T18:00,3,harmonie,9,18,22.0,7.2,7.0,7.9,6.0,7.2,0,22.0,,,95,75
2026-09-07T18:00,3,metno,9,18,22.0,7.2,7.4,7.9,6.8,7.2,15.3,22.0,0.0,,100.0,75
2026-09-07T18:00,3,jolly,9,18,22.0,7.2,7.49,7.9,8.42,7.2,359.0,22.0,0.06,,58,75
2026-09-07T21:00,48,dmi,9,21,18.0,2.9,6.4,6.2,5.9,2.9,3,18.0,0.0,,100,75
2026-09-07T21:00,48,knmi,9,21,18.0,2.9,6.4,6.2,5.8,2.9,2,18.0,0.0,,100,75
2026-09-07T21:00,48,ecmwf,9,21,18.0,2.9,7.3,6.2,5.72,2.9,5,18.0,0.4,,75,75
2026-09-07T21:00,48,icon,9,21,18.0,2.9,7.0,6.2,9.73,2.9,4,18.0,0.7,,99,75
2026-09-07T21:00,48,ukmo,9,21,18.0,2.9,6.9,6.2,6.1,2.9,349,18.0,0.9,,98,75
2026-09-07T21:00,48,mfr,9,21,18.0,2.9,7.0,6.2,6.61,2.9,10,18.0,0.1,,72,75
2026-09-07T21:00,48,gfs,9,21,18.0,2.9,7.4,6.2,8.11,2.9,2,18.0,0.0,,100,75
2026-09-07T21:00,48,harmonie,9,21,18.0,2.9,6.0,6.2,6.0,2.9,0,18.0,,,95,75
2026-09-07T21:00,48,metno,9,21,18.0,2.9,7.2,6.2,6.3,2.9,2.9,18.0,0.1,,100.0,75
2026-09-07T21:00,48,jolly,9,21,18.0,2.9,6.87,6.2,8.23,2.9,16.0,18.0,0.15,,86,75
2026-09-07T21:00,24,dmi,9,21,18.0,2.9,5.7,6.2,5.6,2.9,18,18.0,0.0,,100,75
2026-09-07T21:00,24,knmi,9,21,18.0,2.9,5.7,6.2,5.5,2.9,17,18.0,0.0,,100,75
2026-09-07T21:00,24,ecmwf,9,21,18.0,2.9,6.7,6.2,3.51,2.9,3,18.0,0.1,,66,75
2026-09-07T21:00,24,icon,9,21,18.0,2.9,6.2,6.2,7.0,2.9,2,18.0,0.2,,98,75
2026-09-07T21:00,24,ukmo,9,21,18.0,2.9,5.2,6.2,4.4,2.9,344,18.0,0.1,,86,75
2026-09-07T21:00,24,mfr,9,21,18.0,2.9,6.8,6.2,5.65,2.9,13,18.0,0.0,,69,75
2026-09-07T21:00,24,gfs,9,21,18.0,2.9,7.1,6.2,6.01,2.9,357,18.0,0.0,,100,75
2026-09-07T21:00,24,harmonie,9,21,18.0,2.9,6.0,6.2,6.0,2.9,0,18.0,,,95,75
2026-09-07T21:00,24,metno,9,21,18.0,2.9,6.6,6.2,4.9,2.9,8.9,18.0,0.0,,100.0,75
2026-09-07T21:00,24,jolly,9,21,18.0,2.9,4.0,6.2,6.69,2.9,350.0,18.0,0.02,,77,75
2026-09-07T21:00,6,dmi,9,21,18.0,2.9,6.2,6.2,5.6,2.9,13,18.0,0.0,,1,75
2026-09-07T21:00,6,knmi,9,21,18.0,2.9,6.2,6.2,5.1,2.9,15,18.0,0.0,,100,75
2026-09-07T21:00,6,ecmwf,9,21,18.0,2.9,7.0,6.2,3.63,2.9,8,18.0,0.1,,59,75
2026-09-07T21:00,6,icon,9,21,18.0,2.9,6.0,6.2,5.21,2.9,3,18.0,0.1,,97,75
2026-09-07T21:00,6,ukmo,9,21,18.0,2.9,6.0,6.2,4.8,2.9,356,18.0,0.0,,94,75
2026-09-07T21:00,6,mfr,9,21,18.0,2.9,6.7,6.2,4.41,2.9,4,18.0,0.0,,56,75
2026-09-07T21:00,6,gfs,9,21,18.0,2.9,6.2,6.2,5.91,2.9,4,18.0,0.0,,100,75
2026-09-07T21:00,6,harmonie,9,21,18.0,2.9,6.0,6.2,6.0,2.9,0,18.0,,,95,75
2026-09-07T21:00,6,metno,9,21,18.0,2.9,6.9,6.2,5.3,2.9,9.9,18.0,0.0,,100.0,75
2026-09-07T21:00,6,jolly,9,21,18.0,2.9,6.02,6.2,6.7,2.9,5.0,18.0,0.01,,57,75
2026-09-07T22:00,48,dmi,9,22,360,5.1,6.3,6,5.4,5.1,360,360,0.0,,100,75
2026-09-07T22:00,48,knmi,9,22,360,5.1,6.4,6,4.6,5.1,10,360,0.0,,100,75
2026-09-07T22:00,48,ecmwf,9,22,360,5.1,7.2,6,5.02,5.1,5,360,0.1,,71,75
2026-09-07T22:00,48,icon,9,22,360,5.1,6.7,6,8.81,5.1,3,360,0.3,,100,75
2026-09-07T22:00,48,ukmo,9,22,360,5.1,6.7,6,5.8,5.1,347,360,0.5,,99,75
2026-09-07T22:00,48,mfr,9,22,360,5.1,7.0,6,6.96,5.1,7,360,0.5,,93,75
2026-09-07T22:00,48,gfs,9,22,360,5.1,7.5,6,7.92,5.1,356,360,0.0,,100,75
2026-09-07T22:00,48,harmonie,9,22,360,5.1,6.0,6,5.0,5.1,0,360,,,95,75
2026-09-07T22:00,48,metno,9,22,360,5.1,6.9,6,5.6,5.1,6.1,360,0.2,,100.0,75
2026-09-07T22:00,48,jolly,9,22,360,5.1,6.76,6,7.65,5.1,16.0,360,0.13,,88,75
2026-09-07T22:00,12,dmi,9,22,360,5.1,6.3,6,4.9,5.1,357,360,0.0,,100,75
2026-09-07T22:00,12,knmi,9,22,360,5.1,6.3,6,4.5,5.1,1,360,0.0,,94,75
2026-09-07T22:00,12,ecmwf,9,22,360,5.1,6.6,6,2.81,5.1,356,360,0.0,,69,75
2026-09-07T22:00,12,icon,9,22,360,5.1,5.6,6,5.38,5.1,18,360,0.0,,91,75
2026-09-07T22:00,12,ukmo,9,22,360,5.1,5.1,6,2.4,5.1,9,360,0.0,,75,75
2026-09-07T22:00,12,mfr,9,22,360,5.1,6.6,6,4.57,5.1,10,360,0.0,,80,75
2026-09-07T22:00,12,gfs,9,22,360,5.1,6.4,6,5.0,5.1,358,360,0.1,,100,75
2026-09-07T22:00,12,harmonie,9,22,360,5.1,5.0,6,4.0,5.1,0,360,,,95,75
2026-09-07T22:00,12,metno,9,22,360,5.1,6.6,6,4.3,5.1,4.1,360,0.0,,100.0,75
2026-09-07T22:00,12,jolly,9,22,360,5.1,5.86,6,5.65,5.1,0.6,360,0.01,,66,75
2026-09-07T22:00,3,dmi,9,22,360,5.1,6.1,6,5.6,5.1,16,360,0.0,,100,75
2026-09-07T22:00,3,knmi,9,22,360,5.1,5.9,6,4.8,5.1,12,360,0.0,,100,75
2026-09-07T22:00,3,ecmwf,9,22,360,5.1,6.9,6,2.7,5.1,2,360,0.0,,53,75
2026-09-07T22:00,3,icon,9,22,360,5.1,5.7,6,5.22,5.1,20,360,0.1,,84,75
2026-09-07T22:00,3,ukmo,9,22,360,5.1,6.0,6,3.6,5.1,1,360,0.0,,52,75
2026-09-07T22:00,3,mfr,9,22,360,5.1,6.3,6,2.65,5.1,11,360,0.0,,42,75
2026-09-07T22:00,3,gfs,9,22,360,5.1,6.6,6,4.5,5.1,357,360,0.0,,100,75
2026-09-07T22:00,3,harmonie,9,22,360,5.1,5.0,6,4.0,5.1,0,360,,,95,75
2026-09-07T22:00,3,metno,9,22,360,5.1,6.8,6,4.3,5.1,12.2,360,0.0,,96.1,75
2026-09-07T22:00,3,jolly,9,22,360,5.1,6.56,6,5.75,5.1,7.5,360,0.0,,59,75
2026-09-07T20:00,1,dmi,9,20,20,5.1,6.6,7,5.3,5.1,8,20,0.0,,1,100
2026-09-07T20:00,1,knmi,9,20,20,5.1,6.5,7,5.8,5.1,6,20,0.0,,100,100
2026-09-07T20:00,1,ecmwf,9,20,20,5.1,7.3,7,4.12,5.1,14,20,0.1,,58,100
2026-09-07T20:00,1,icon,9,20,20,5.1,6.4,7,5.46,5.1,14,20,0.0,,99,100
2026-09-07T20:00,1,ukmo,9,20,20,5.1,6.5,7,5.2,5.1,354,20,0.2,,100,100
2026-09-07T20:00,1,mfr,9,20,20,5.1,6.9,7,5.53,5.1,6,20,0.0,,87,100
2026-09-07T20:00,1,gfs,9,20,20,5.1,6.6,7,6.01,5.1,4,20,0.1,,100,100
2026-09-07T20:00,1,harmonie,9,20,20,5.1,6.0,7,6.0,5.1,0,20,,,95,100
2026-09-07T20:00,1,metno,9,20,20,5.1,7.2,7,5.5,5.1,12.9,20,0.0,,100.0,100
2026-09-07T20:00,1,jolly,9,20,20,5.1,7.02,7,7.02,5.1,3.0,20,0.03,,58,100
2026-09-08T00:00,48,harmonie,9,0,341.0,2.8,5.0,5.9,3.0,2.8,22.5,341.0,,,95,100
2026-09-08T00:00,48,metno,9,0,341.0,2.8,6.8,5.9,4.7,2.8,9.4,341.0,0.0,,100.0,100
2026-09-07T23:00,24,dmi,9,23,10,4.6,5.4,6,1.2,4.6,304,10,0.0,,100,100
2026-09-07T23:00,24,knmi,9,23,10,4.6,5.4,6,1.2,4.6,303,10,0.0,,100,100
2026-09-07T23:00,24,ecmwf,9,23,10,4.6,6.3,6,2.28,4.6,337,10,0.0,,58,100
2026-09-07T23:00,24,icon,9,23,10,4.6,5.3,6,2.91,4.6,16,10,0.1,,91,100
2026-09-07T23:00,24,ukmo,9,23,10,4.6,4.8,6,2.9,4.6,335,10,0.0,,84,100
2026-09-07T23:00,24,mfr,9,23,10,4.6,6.2,6,3.58,4.6,27,10,0.0,,95,100
2026-09-07T23:00,24,gfs,9,23,10,4.6,5.8,6,2.61,4.6,356,10,0.0,,67,100
2026-09-07T23:00,24,harmonie,9,23,10,4.6,5.0,6,3.0,4.6,0,10,,,95,100
2026-09-07T23:00,24,metno,9,23,10,4.6,6.1,6,3.5,4.6,348.9,10,0.0,,100.0,100
2026-09-07T23:00,24,jolly,9,23,10,4.6,2.84,6,3.92,4.6,341.9,10,0.0,,76,100
2026-09-07T23:00,1,dmi,9,23,10,4.6,5.7,6,3.0,4.6,7,10,0.0,,99,100
2026-09-07T23:00,1,knmi,9,23,10,4.6,5.8,6,4.0,4.6,19,10,0.0,,100,100
2026-09-07T23:00,1,ecmwf,9,23,10,4.6,6.7,6,2.02,4.6,351,10,0.0,,49,100
2026-09-07T23:00,1,icon,9,23,10,4.6,5.6,6,3.42,4.6,21,10,0.0,,89,100
2026-09-07T23:00,1,ukmo,9,23,10,4.6,5.2,6,2.4,4.6,6,10,0.0,,70,100
2026-09-07T23:00,1,mfr,9,23,10,4.6,6.3,6,2.94,4.6,18,10,0.0,,77,100
2026-09-07T23:00,1,gfs,9,23,10,4.6,6.7,6,2.63,4.6,351,10,0.0,,100,100
2026-09-07T23:00,1,metno,9,23,10,4.6,6.6,6,3.8,4.6,7.2,10,0.0,,98.4,100
2026-09-07T23:00,1,jolly,9,23,10,4.6,6.44,6,4.59,4.6,8.4,10,0.0,,59,100
2026-09-08T01:00,6,dmi,9,1,360,3.1,4.8,6,1.1,3.1,282,360,0.0,,1,100
2026-09-08T01:00,6,knmi,9,1,360,3.1,3.6,6,1.2,3.1,300,360,0.0,,96,100
2026-09-08T01:00,6,ecmwf,9,1,360,3.1,5.8,6,1.13,3.1,315,360,0.0,,54,100
2026-09-08T01:00,6,icon,9,1,360,3.1,4.3,6,0.89,3.1,27,360,0.0,,73,100
2026-09-08T01:00,6,ukmo,9,1,360,3.1,3.8,6,0.6,3.1,315,360,0.0,,83,100
2026-09-08T01:00,6,mfr,9,1,360,3.1,5.3,6,1.43,3.1,65,360,0.0,,83,100
2026-09-08T01:00,6,gfs,9,1,360,3.1,4.0,6,1.5,3.1,307,360,0.0,,5,100
2026-09-08T01:00,6,harmonie,9,1,360,3.1,3.0,6,0.0,3.1,,360,,,70,100
2026-09-08T01:00,6,metno,9,1,360,3.1,5.8,6,1.9,3.1,317.9,360,0.0,,93.0,100
2026-09-08T01:00,6,jolly,9,1,360,3.1,4.36,6,2.6,3.1,319.7,360,0.0,,50,100
2026-09-08T01:00,3,dmi,9,1,360,3.1,3.6,6,0.7,3.1,85,360,0.0,,17,100
2026-09-08T01:00,3,knmi,9,1,360,3.1,5.0,6,0.8,3.1,332,360,0.0,,100,100
2026-09-08T01:00,3,ecmwf,9,1,360,3.1,5.8,6,1.13,3.1,315,360,0.0,,54,100
2026-09-08T01:00,3,icon,9,1,360,3.1,4.8,6,0.86,3.1,36,360,0.0,,68,100
2026-09-08T01:00,3,ukmo,9,1,360,3.1,3.8,6,0.6,3.1,315,360,0.0,,83,100
2026-09-08T01:00,3,mfr,9,1,360,3.1,5.9,6,1.78,3.1,52,360,0.0,,81,100
2026-09-08T01:00,3,gfs,9,1,360,3.1,4.0,6,1.5,3.1,307,360,0.0,,5,100
2026-09-08T01:00,3,harmonie,9,1,360,3.1,2.0,6,1.0,3.1,135,360,,,95,100
2026-09-08T01:00,3,metno,9,1,360,3.1,5.8,6,1.9,3.1,317.9,360,0.0,,93.0,100
2026-09-08T01:00,3,jolly,9,1,360,3.1,4.81,6,2.62,3.1,357.7,360,0.0,,55,100
2026-09-08T05:00,48,harmonie,9,5,140,2.1,2.0,1,2.0,2.1,135,140,,,30,0
2026-09-08T05:00,48,metno,9,5,140,2.1,4.8,1,1.7,2.1,288.4,140,0.0,,92.2,0
2026-09-08T04:00,24,dmi,9,4,143.0,1.4,2.3,0.8,2.4,1.4,71,143.0,0.0,,0,44
2026-09-08T04:00,24,knmi,9,4,143.0,1.4,2.2,0.8,1.6,1.4,117,143.0,0.0,,0,44
2026-09-08T04:00,24,ecmwf,9,4,143.0,1.4,3.4,0.8,0.86,1.4,234,143.0,0.0,,25,44
2026-09-08T04:00,24,icon,9,4,143.0,1.4,4.2,0.8,0.58,1.4,211,143.0,0.0,,55,44
2026-09-08T04:00,24,ukmo,9,4,143.0,1.4,4.7,0.8,1.7,1.4,202,143.0,0.0,,28,44
2026-09-08T04:00,24,mfr,9,4,143.0,1.4,5.1,0.8,1.14,1.4,218,143.0,0.0,,1,44
2026-09-08T04:00,24,gfs,9,4,143.0,1.4,3.8,0.8,1.48,1.4,242,143.0,0.0,,0,44
2026-09-08T04:00,24,harmonie,9,4,143.0,1.4,3.0,0.8,2.0,1.4,135,143.0,,,30,44
2026-09-08T04:00,24,metno,9,4,143.0,1.4,3.5,0.8,1.2,1.4,241.1,143.0,0.0,,25.8,44
2026-09-08T04:00,24,jolly,9,4,143.0,1.4,0.79,0.8,2.54,1.4,221.1,143.0,0.0,,23,44
2026-09-08T04:00,6,dmi,9,4,143.0,1.4,2.1,0.8,2.2,1.4,57,143.0,0.0,,0,44
2026-09-08T04:00,6,knmi,9,4,143.0,1.4,2.1,0.8,1.2,1.4,138,143.0,0.0,,0,44
2026-09-08T04:00,6,ecmwf,9,4,143.0,1.4,3.6,0.8,1.08,1.4,236,143.0,0.0,,76,44
2026-09-08T04:00,6,icon,9,4,143.0,1.4,3.4,0.8,1.84,1.4,158,143.0,0.0,,30,44
2026-09-08T04:00,6,ukmo,9,4,143.0,1.4,3.0,0.8,1.8,1.4,162,143.0,0.0,,0,44
2026-09-08T04:00,6,mfr,9,4,143.0,1.4,5.5,0.8,0.51,1.4,191,143.0,0.0,,3,44
2026-09-08T04:00,6,gfs,9,4,143.0,1.4,3.1,0.8,1.33,1.4,257,143.0,0.0,,5,44
2026-09-08T04:00,6,harmonie,9,4,143.0,1.4,2.0,0.8,2.0,1.4,135,143.0,,,5,44
2026-09-08T04:00,6,metno,9,4,143.0,1.4,3.6,0.8,1.2,1.4,228.5,143.0,0.0,,44.5,44
2026-09-08T04:00,6,jolly,9,4,143.0,1.4,3.13,0.8,2.39,1.4,185.5,143.0,0.0,,31,44
2026-09-08T04:00,3,dmi,9,4,143.0,1.4,1.9,0.8,1.2,1.4,104,143.0,0.0,,0,44
2026-09-08T04:00,3,knmi,9,4,143.0,1.4,2.8,0.8,1.0,1.4,116,143.0,0.0,,0,44
2026-09-08T04:00,3,ecmwf,9,4,143.0,1.4,3.4,0.8,1.08,1.4,236,143.0,0.0,,53,44
2026-09-08T04:00,3,icon,9,4,143.0,1.4,3.3,0.8,2.12,1.4,161,143.0,0.0,,26,44
2026-09-08T04:00,3,ukmo,9,4,143.0,1.4,4.0,0.8,1.7,1.4,178,143.0,0.0,,0,44
2026-09-08T04:00,3,mfr,9,4,143.0,1.4,5.5,0.8,0.51,1.4,191,143.0,0.0,,3,44
2026-09-08T04:00,3,gfs,9,4,143.0,1.4,2.9,0.8,1.1,1.4,265,143.0,0.0,,10,44
2026-09-08T04:00,3,harmonie,9,4,143.0,1.4,1.0,0.8,1.0,1.4,135,143.0,,,5,44
2026-09-08T04:00,3,metno,9,4,143.0,1.4,3.6,0.8,1.2,1.4,228.5,143.0,0.0,,44.5,44
2026-09-08T04:00,3,jolly,9,4,143.0,1.4,3.64,0.8,2.09,1.4,158.7,143.0,0.0,,30,44
2026-09-08T03:00,12,dmi,9,3,,1.5,3.5,5,0.9,1.5,132,,0.0,,0,75
2026-09-08T03:00,12,knmi,9,3,,1.5,2.7,5,1.4,1.5,100,,0.0,,0,75
2026-09-08T03:00,12,ecmwf,9,3,,1.5,4.5,5,0.73,1.5,254,,0.0,,73,75
2026-09-08T03:00,12,icon,9,3,,1.5,3.9,5,0.91,1.5,186,,0.0,,52,75
2026-09-08T03:00,12,ukmo,9,3,,1.5,3.3,5,1.7,1.5,190,,0.0,,2,75
2026-09-08T03:00,12,mfr,9,3,,1.5,5.2,5,0.85,1.5,111,,0.0,,39,75
2026-09-08T03:00,12,gfs,9,3,,1.5,2.8,5,1.24,1.5,256,,0.0,,5,75
2026-09-08T03:00,12,harmonie,9,3,,1.5,3.0,5,2.0,1.5,135,,,,70,75
2026-09-08T03:00,12,metno,9,3,,1.5,4.5,5,1.4,1.5,259.9,,0.0,,64.8,75
2026-09-08T03:00,12,jolly,9,3,,1.5,3.82,5,2.28,1.5,185.3,,0.0,,36,75
2026-09-08T02:00,1,dmi,9,2,300,1.5,2.7,6,0.5,1.5,117,300,0.0,,96,100
2026-09-08T02:00,1,knmi,9,2,300,1.5,3.8,6,0.6,1.5,135,300,0.0,,100,100
2026-09-08T02:00,1,ecmwf,9,2,300,1.5,5.0,6,0.98,1.5,294,300,0.0,,65,100
2026-09-08T02:00,1,icon,9,2,300,1.5,4.6,6,0.42,1.5,135,300,0.0,,59,100
2026-09-08T02:00,1,ukmo,9,2,300,1.5,5.2,6,0.6,1.5,238,300,0.0,,70,100
2026-09-08T02:00,1,mfr,9,2,300,1.5,5.8,6,1.4,1.5,86,300,0.1,,95,100
2026-09-08T02:00,1,gfs,9,2,300,1.5,3.5,6,1.22,1.5,305,300,0.0,,10,100
2026-09-08T02:00,1,harmonie,9,2,300,1.5,3.0,6,1.0,1.5,135,300,,,70,100
2026-09-08T02:00,1,metno,9,2,300,1.5,5.2,6,1.6,1.5,280.0,300,0.0,,87.5,100
2026-09-08T02:00,1,jolly,9,2,300,1.5,4.67,6,1.83,1.5,159.4,300,0.01,,52,100
2026-09-08T10:00,48,dmi,9,10,177.0,3.1,7.5,11.4,2.2,3.1,174,177.0,0.0,,97,0
2026-09-08T10:00,48,knmi,9,10,177.0,3.1,7.5,11.4,2.1,3.1,182,177.0,0.0,,0,0
2026-09-08T10:00,48,ecmwf,9,10,177.0,3.1,7.6,11.4,1.94,3.1,215,177.0,0.0,,18,0
2026-09-08T10:00,48,icon,9,10,177.0,3.1,8.0,11.4,3.3,3.1,182,177.0,0.0,,0,0
2026-09-08T10:00,48,ukmo,9,10,177.0,3.1,6.8,11.4,2.2,3.1,193,177.0,0.0,,0,0
2026-09-08T10:00,48,mfr,9,10,177.0,3.1,6.8,11.4,3.32,3.1,187,177.0,0.0,,0,0
2026-09-08T10:00,48,gfs,9,10,177.0,3.1,9.7,11.4,0.81,3.1,277,177.0,0.0,,0,0
2026-09-08T10:00,48,harmonie,9,10,177.0,3.1,7.0,11.4,2.0,3.1,202.5,177.0,,,5,0
2026-09-08T10:00,48,metno,9,10,177.0,3.1,7.3,11.4,2.8,3.1,203.2,177.0,0.0,,1.6,0
2026-09-08T10:00,48,jolly,9,10,177.0,3.1,9.16,11.4,2.74,3.1,214.6,177.0,0.0,,14,0
2026-09-08T10:00,24,dmi,9,10,177.0,3.1,9.0,11.4,2.3,3.1,170,177.0,0.0,,0,0
2026-09-08T10:00,24,knmi,9,10,177.0,3.1,8.9,11.4,2.8,3.1,181,177.0,0.0,,0,0
2026-09-08T10:00,24,ecmwf,9,10,177.0,3.1,8.2,11.4,2.42,3.1,204,177.0,0.0,,0,0
2026-09-08T10:00,24,icon,9,10,177.0,3.1,7.7,11.4,3.6,3.1,182,177.0,0.0,,0,0
2026-09-08T10:00,24,ukmo,9,10,177.0,3.1,8.6,11.4,2.6,3.1,186,177.0,0.0,,0,0
2026-09-08T10:00,24,mfr,9,10,177.0,3.1,7.6,11.4,3.21,3.1,184,177.0,0.0,,0,0
2026-09-08T10:00,24,gfs,9,10,177.0,3.1,9.4,11.4,3.14,3.1,217,177.0,0.0,,0,0
2026-09-08T10:00,24,harmonie,9,10,177.0,3.1,9.0,11.4,2.0,3.1,180,177.0,,,5,0
2026-09-08T10:00,24,metno,9,10,177.0,3.1,8.1,11.4,3.5,3.1,189.7,177.0,0.0,,0.0,0
2026-09-08T10:00,24,jolly,9,10,177.0,3.1,5.86,11.4,3.73,3.1,189.4,177.0,0.0,,8,0
2026-09-08T10:00,12,dmi,9,10,177.0,3.1,9.4,11.4,2.0,3.1,186,177.0,0.0,,0,0
2026-09-08T10:00,12,knmi,9,10,177.0,3.1,9.7,11.4,2.2,3.1,184,177.0,0.0,,0,0
2026-09-08T10:00,12,ecmwf,9,10,177.0,3.1,8.8,11.4,2.67,3.1,193,177.0,0.0,,0,0
2026-09-08T10:00,12,icon,9,10,177.0,3.1,8.6,11.4,3.7,3.1,182,177.0,0.0,,0,0
2026-09-08T10:00,12,ukmo,9,10,177.0,3.1,8.0,11.4,2.4,3.1,179,177.0,0.0,,0,0
2026-09-08T10:00,12,mfr,9,10,177.0,3.1,8.2,11.4,3.5,3.1,180,177.0,0.0,,0,0
2026-09-08T10:00,12,gfs,9,10,177.0,3.1,9.8,11.4,3.7,3.1,218,177.0,0.0,,0,0
2026-09-08T10:00,12,harmonie,9,10,177.0,3.1,10.0,11.4,2.0,3.1,180,177.0,,,5,0
2026-09-08T10:00,12,metno,9,10,177.0,3.1,8.8,11.4,3.9,3.1,183.8,177.0,0.0,,0.0,0
2026-09-08T10:00,12,jolly,9,10,177.0,3.1,9.65,11.4,3.9,3.1,184.6,177.0,0.0,,13,0
2026-09-08T07:00,12,dmi,9,7,140,2.6,2.4,2,2.3,2.6,141,140,0.0,,0,0
2026-09-08T07:00,12,knmi,9,7,140,2.6,2.5,2,2.4,2.6,135,140,0.0,,0,0
2026-09-08T07:00,12,ecmwf,9,7,140,2.6,3.4,2,1.88,2.6,205,140,0.0,,27,0
2026-09-08T07:00,12,icon,9,7,140,2.6,2.8,2,3.16,2.6,162,140,0.0,,0,0
2026-09-08T07:00,12,ukmo,9,7,140,2.6,3.2,2,2.6,2.6,158,140,0.0,,0,0
2026-09-08T07:00,12,mfr,9,7,140,2.6,4.2,2,3.1,2.6,180,140,0.0,,0,0
2026-09-08T07:00,12,gfs,9,7,140,2.6,4.3,2,2.84,2.6,219,140,0.0,,0,0
2026-09-08T07:00,12,harmonie,9,7,140,2.6,2.0,2,2.0,2.6,180,140,,,5,0
2026-09-08T07:00,12,metno,9,7,140,2.6,3.0,2,3.6,2.6,181.8,140,0.0,,83.6,0
2026-09-08T07:00,12,jolly,9,7,140,2.6,3.55,2,3.7,2.6,168.7,140,0.0,,23,0
2026-09-08T07:00,6,dmi,9,7,140,2.6,2.7,2,2.7,2.6,130,140,0.0,,0,0
2026-09-08T07:00,6,knmi,9,7,140,2.6,2.8,2,2.4,2.6,139,140,0.0,,0,0
2026-09-08T07:00,6,ecmwf,9,7,140,2.6,3.6,2,1.92,2.6,208,140,0.0,,7,0
2026-09-08T07:00,6,icon,9,7,140,2.6,3.3,2,3.61,2.6,161,140,0.0,,0,0
2026-09-08T07:00,6,ukmo,9,7,140,2.6,3.4,2,2.5,2.6,159,140,0.0,,0,0
2026-09-08T07:00,6,mfr,9,7,140,2.6,4.4,2,3.31,2.6,183,140,0.0,,0,0
2026-09-08T07:00,6,gfs,9,7,140,2.6,4.2,2,2.92,2.6,218,140,0.0,,5,0
2026-09-08T07:00,6,harmonie,9,7,140,2.6,2.0,2,2.0,2.6,157.5,140,,,5,0
2026-09-08T07:00,6,metno,9,7,140,2.6,3.0,2,3.6,2.6,181.8,140,0.0,,83.6,0
2026-09-08T07:00,6,jolly,9,7,140,2.6,3.86,2,3.64,2.6,179.3,140,0.0,,26,0
2026-09-08T06:00,1,dmi,9,6,150,2.1,1.9,1,2.3,2.1,124,150,0.0,,0,0
2026-09-08T06:00,1,knmi,9,6,150,2.1,1.9,1,2.3,2.1,123,150,0.0,,0,0
2026-09-08T06:00,1,ecmwf,9,6,150,2.1,2.7,1,1.63,2.1,223,150,0.0,,11,0
2026-09-08T06:00,1,icon,9,6,150,2.1,2.6,1,3.42,2.1,165,150,0.0,,0,0
2026-09-08T06:00,1,ukmo,9,6,150,2.1,3.0,1,2.3,2.1,162,150,0.0,,0,0
2026-09-08T06:00,1,mfr,9,6,150,2.1,4.1,1,3.01,2.1,186,150,0.0,,0,0
2026-09-08T06:00,1,gfs,9,6,150,2.1,3.4,1,2.27,2.1,229,150,0.0,,5,0
2026-09-08T06:00,1,harmonie,9,6,150,2.1,1.0,1,3.0,2.1,180,150,,,5,0
2026-09-08T06:00,1,metno,9,6,150,2.1,2.6,1,2.3,2.1,199.0,150,0.0,,7.8,0
2026-09-08T06:00,1,jolly,9,6,150,2.1,3.11,1,3.41,2.1,199.4,150,0.0,,21,0
2026-09-08T08:00,3,dmi,9,8,,1.0,5.1,4,2.3,1.0,145,,0.0,,0,0
2026-09-08T08:00,3,knmi,9,8,,1.0,5.1,4,2.3,1.0,144,,0.0,,0,0
2026-09-08T08:00,3,ecmwf,9,8,,1.0,5.2,4,2.4,1.0,197,,0.0,,3,0
2026-09-08T08:00,3,icon,9,8,,1.0,5.3,4,3.79,1.0,168,,0.0,,0,0
2026-09-08T08:00,3,ukmo,9,8,,1.0,4.5,4,2.5,1.0,166,,0.0,,0,0
2026-09-08T08:00,3,mfr,9,8,,1.0,5.1,4,3.51,1.0,185,,0.0,,0,0
2026-09-08T08:00,3,gfs,9,8,,1.0,5.9,4,3.16,1.0,215,,0.0,,0,0
2026-09-08T08:00,3,harmonie,9,8,,1.0,4.0,4,2.0,1.0,202.5,,,,5,0
2026-09-08T08:00,3,metno,9,8,,1.0,5.1,4,4.1,1.0,188.3,,0.0,,1.6,0
2026-09-08T08:00,3,jolly,9,8,,1.0,5.21,4,3.69,1.0,169.2,,0.0,,19,0
2026-09-08T11:00,6,dmi,9,11,210,4.1,11.3,12,2.3,4.1,182,210,0.0,,0,0
2026-09-08T11:00,6,knmi,9,11,210,4.1,11.3,12,2.2,4.1,181,210,0.0,,0,0
2026-09-08T11:00,6,ecmwf,9,11,210,4.1,11.0,12,2.94,4.1,198,210,0.0,,0,0
2026-09-08T11:00,6,icon,9,11,210,4.1,10.9,12,4.2,4.1,183,210,0.0,,0,0
2026-09-08T11:00,6,ukmo,9,11,210,4.1,10.5,12,2.5,4.1,193,210,0.0,,0,0
2026-09-08T11:00,6,mfr,9,11,210,4.1,9.4,12,3.71,4.1,185,210,0.0,,0,0
2026-09-08T11:00,6,gfs,9,11,210,4.1,11.4,12,3.94,4.1,216,210,0.0,,0,0
2026-09-08T11:00,6,harmonie,9,11,210,4.1,12.0,12,2.0,4.1,180,210,,,5,0
2026-09-08T11:00,6,metno,9,11,210,4.1,10.9,12,3.8,4.1,190.6,210,0.0,,0.0,0
2026-09-08T11:00,6,jolly,9,11,210,4.1,11.37,12,3.86,4.1,193.2,210,0.0,,20,0
2026-09-08T14:00,48,dmi,9,14,220,3.6,13.9,16,1.4,3.6,205,220,0.0,,0,0
2026-09-08T14:00,48,knmi,9,14,220,3.6,14.2,16,1.3,3.6,198,220,0.0,,0,0
2026-09-08T14:00,48,ecmwf,9,14,220,3.6,13.8,16,2.71,3.6,184,220,0.0,,0,0
2026-09-08T14:00,48,icon,9,14,220,3.6,12.9,16,3.54,3.6,188,220,0.0,,0,0
2026-09-08T14:00,48,ukmo,9,14,220,3.6,14.3,16,1.9,3.6,217,220,0.0,,0,0
2026-09-08T14:00,48,mfr,9,14,220,3.6,11.3,16,2.77,3.6,193,220,0.0,,0,0
2026-09-08T14:00,48,gfs,9,14,220,3.6,13.8,16,3.26,3.6,191,220,0.0,,0,0
2026-09-08T14:00,48,harmonie,9,14,220,3.6,14.0,16,2.0,3.6,180,220,,,5,0
2026-09-08T14:00,48,metno,9,14,220,3.6,13.7,16,3.6,3.6,185.8,220,0.0,,0.0,0
2026-09-08T14:00,48,jolly,9,14,220,3.6,15.9,16,3.12,3.6,198.8,220,0.0,,4,0
2026-09-08T14:00,3,dmi,9,14,220,3.6,15.4,16,2.3,3.6,187,220,0.0,,0,0
2026-09-08T14:00,3,knmi,9,14,220,3.6,15.4,16,2.2,3.6,182,220,0.0,,0,0
2026-09-08T14:00,3,ecmwf,9,14,220,3.6,15.3,16,2.28,3.6,203,220,0.0,,0,0
2026-09-08T14:00,3,icon,9,14,220,3.6,14.4,16,3.31,3.6,183,220,0.0,,0,0
2026-09-08T14:00,3,ukmo,9,14,220,3.6,14.9,16,2.1,3.6,215,220,0.0,,0,0
2026-09-08T14:00,3,mfr,9,14,220,3.6,12.5,16,3.82,3.6,186,220,0.0,,0,0
2026-09-08T14:00,3,gfs,9,14,220,3.6,15.0,16,3.78,3.6,217,220,0.0,,0,0
2026-09-08T14:00,3,harmonie,9,14,220,3.6,16.0,16,2.0,3.6,202.5,220,,,5,0
2026-09-08T14:00,3,metno,9,14,220,3.6,15.0,16,3.5,3.6,189.3,220,0.0,,0.0,0
2026-09-08T14:00,3,jolly,9,14,220,3.6,14.96,16,3.52,3.6,188.5,220,0.0,,19,0
2026-09-08T15:00,24,dmi,9,15,213.0,3.0,15.6,19.1,2.2,3.0,193,213.0,0.0,,0,0
2026-09-08T15:00,24,knmi,9,15,213.0,3.0,15.7,19.1,2.2,3.0,193,213.0,0.0,,0,0
2026-09-08T15:00,24,ecmwf,9,15,213.0,3.0,14.7,19.1,3.01,3.0,184,213.0,0.0,,0,0
2026-09-08T15:00,24,icon,9,15,213.0,3.0,13.8,19.1,3.4,3.0,182,213.0,0.0,,0,0
2026-09-08T15:00,24,ukmo,9,15,213.0,3.0,15.0,19.1,2.3,3.0,207,213.0,0.0,,0,0
2026-09-08T15:00,24,mfr,9,15,213.0,3.0,13.3,19.1,3.5,3.0,180,213.0,0.0,,0,0
2026-09-08T15:00,24,gfs,9,15,213.0,3.0,16.2,19.1,3.8,3.0,207,213.0,0.0,,0,0
2026-09-08T15:00,24,harmonie,9,15,213.0,3.0,17.0,19.1,2.0,3.0,180,213.0,,,5,0
2026-09-08T15:00,24,metno,9,15,213.0,3.0,14.6,19.1,3.8,3.0,182.4,213.0,0.0,,0.0,0
2026-09-08T15:00,24,jolly,9,15,213.0,3.0,12.81,19.1,3.94,3.0,185.0,213.0,0.0,,8,0
2026-09-08T13:00,12,dmi,9,13,210,4.1,14.1,15,2.3,4.1,182,210,0.0,,0,0
2026-09-08T13:00,12,knmi,9,13,210,4.1,14.1,15,2.3,4.1,183,210,0.0,,0,0
2026-09-08T13:00,12,ecmwf,9,13,210,4.1,14.1,15,2.69,4.1,202,210,0.0,,0,0
2026-09-08T13:00,12,icon,9,13,210,4.1,13.5,15,3.91,4.1,183,210,0.0,,0,0
2026-09-08T13:00,12,ukmo,9,13,210,4.1,13.6,15,2.2,4.1,205,210,0.0,,0,0
2026-09-08T13:00,12,mfr,9,13,210,4.1,11.9,15,3.61,4.1,183,210,0.0,,0,0
2026-09-08T13:00,12,gfs,9,13,210,4.1,13.9,15,3.7,4.1,218,210,0.0,,0,0
2026-09-08T13:00,12,harmonie,9,13,210,4.1,15.0,15,2.0,4.1,180,210,,,5,0
2026-09-08T13:00,12,metno,9,13,210,4.1,13.6,15,3.9,4.1,191.1,210,0.0,,0.0,0
2026-09-08T13:00,12,jolly,9,13,210,4.1,14.36,15,3.97,4.1,188.8,210,0.0,,13,0
2026-09-08T12:00,1,dmi,9,12,200,4.6,12.8,14,2.4,4.6,184,200,0.0,,0,0
2026-09-08T12:00,1,knmi,9,12,200,4.6,12.9,14,2.3,4.6,190,200,0.0,,0,0
2026-09-08T12:00,1,ecmwf,9,12,200,4.6,12.7,14,2.73,4.6,204,200,0.0,,0,0
2026-09-08T12:00,1,icon,9,12,200,4.6,12.0,14,3.8,4.6,182,200,0.0,,0,0
2026-09-08T12:00,1,ukmo,9,12,200,4.6,12.4,14,2.3,4.6,199,200,0.0,,0,0
2026-09-08T12:00,1,mfr,9,12,200,4.6,10.5,14,3.73,4.6,188,200,0.0,,0,0
2026-09-08T12:00,1,gfs,9,12,200,4.6,12.8,14,3.62,4.6,219,200,0.0,,0,0
2026-09-08T12:00,1,harmonie,9,12,200,4.6,14.0,14,2.0,4.6,202.5,200,,,5,0
2026-09-08T12:00,1,metno,9,12,200,4.6,12.5,14,3.9,4.6,194.6,200,0.0,,0.0,0
2026-09-08T12:00,1,jolly,9,12,200,4.6,12.69,14,3.83,4.6,198.6,200,0.0,,20,0
2026-09-08T17:00,48,dmi,9,17,220,2.1,16.0,18,2.0,2.1,189,220,0.0,,0,0
2026-09-08T17:00,48,knmi,9,17,220,2.1,16.1,18,2.0,2.1,190,220,0.0,,0,0
2026-09-08T17:00,48,ecmwf,9,17,220,2.1,14.5,18,2.18,2.1,164,220,0.0,,0,0
2026-09-08T17:00,48,icon,9,17,220,2.1,13.1,18,3.38,2.1,161,220,0.0,,0,0
2026-09-08T17:00,48,ukmo,9,17,220,2.1,15.0,18,1.9,2.1,193,220,0.0,,0,0
2026-09-08T17:00,48,mfr,9,17,220,2.1,13.5,18,2.7,2.1,182,220,0.0,,0,0
2026-09-08T17:00,48,gfs,9,17,220,2.1,14.8,18,3.96,2.1,196,220,0.0,,0,0
2026-09-08T17:00,48,harmonie,9,17,220,2.1,15.0,18,2.0,2.1,180,220,,,5,0
2026-09-08T17:00,48,metno,9,17,220,2.1,14.6,18,3.2,2.1,165.6,220,0.0,,0.0,0
2026-09-08T17:00,48,jolly,9,17,220,2.1,17.09,18,3.21,2.1,185.6,220,0.0,,4,0
2026-09-08T17:00,12,dmi,9,17,220,2.1,16.7,18,2.3,2.1,188,220,0.0,,0,0
2026-09-08T17:00,12,knmi,9,17,220,2.1,16.7,18,2.3,2.1,187,220,0.0,,0,0
2026-09-08T17:00,12,ecmwf,9,17,220,2.1,15.7,18,1.96,2.1,165,220,0.0,,0,0
2026-09-08T17:00,12,icon,9,17,220,2.1,15.4,18,3.71,2.1,177,220,0.0,,0,0
2026-09-08T17:00,12,ukmo,9,17,220,2.1,16.2,18,2.0,2.1,198,220,0.0,,0,0
2026-09-08T17:00,12,mfr,9,17,220,2.1,13.7,18,2.92,2.1,174,220,0.0,,0,0
2026-09-08T17:00,12,gfs,9,17,220,2.1,16.0,18,3.42,2.1,195,220,0.0,,0,0
2026-09-08T17:00,12,harmonie,9,17,220,2.1,17.0,18,3.0,2.1,180,220,,,5,0
2026-09-08T17:00,12,metno,9,17,220,2.1,15.8,18,2.8,2.1,166.7,220,0.0,,0.0,0
2026-09-08T17:00,12,jolly,9,17,220,2.1,17.02,18,3.63,2.1,178.2,220,0.0,,13,0
2026-09-08T17:00,6,dmi,9,17,220,2.1,16.5,18,2.5,2.1,190,220,0.0,,0,0
2026-09-08T17:00,6,knmi,9,17,220,2.1,16.7,18,2.0,2.1,201,220,0.0,,0,0
2026-09-08T17:00,6,ecmwf,9,17,220,2.1,15.8,18,1.68,2.1,163,220,0.0,,0,0
2026-09-08T17:00,6,icon,9,17,220,2.1,15.2,18,3.16,2.1,169,220,0.0,,0,0
2026-09-08T17:00,6,ukmo,9,17,220,2.1,16.3,18,2.1,2.1,209,220,0.0,,0,0
2026-09-08T17:00,6,mfr,9,17,220,2.1,13.7,18,2.83,2.1,172,220,0.0,,0,0
2026-09-08T17:00,6,gfs,9,17,220,2.1,16.0,18,3.42,2.1,195,220,0.0,,0,0
2026-09-08T17:00,6,harmonie,9,17,220,2.1,17.0,18,2.0,2.1,202.5,220,,,5,0
2026-09-08T17:00,6,metno,9,17,220,2.1,16.0,18,2.8,2.1,166.8,220,0.0,,0.0,0
2026-09-08T17:00,6,jolly,9,17,220,2.1,16.26,18,3.34,2.1,188.1,220,0.0,,19,0
2026-09-08T17:00,1,dmi,9,17,220,2.1,17.0,18,1.4,2.1,184,220,0.0,,0,0
2026-09-08T17:00,1,knmi,9,17,220,2.1,17.1,18,1.4,2.1,183,220,0.0,,0,0
2026-09-08T17:00,1,ecmwf,9,17,220,2.1,16.0,18,1.65,2.1,166,220,0.0,,0,0
2026-09-08T17:00,1,icon,9,17,220,2.1,15.1,18,3.2,2.1,166,220,0.0,,0,0
2026-09-08T17:00,1,ukmo,9,17,220,2.1,16.2,18,2.5,2.1,222,220,0.0,,0,0
2026-09-08T17:00,1,mfr,9,17,220,2.1,14.1,18,2.55,2.1,169,220,0.0,,0,0
2026-09-08T17:00,1,gfs,9,17,220,2.1,15.5,18,3.35,2.1,197,220,0.0,,0,0
2026-09-08T17:00,1,harmonie,9,17,220,2.1,17.0,18,2.0,2.1,180,220,,,5,0
2026-09-08T17:00,1,metno,9,17,220,2.1,16.1,18,2.8,2.1,166.6,220,0.0,,0.0,0
2026-09-08T17:00,1,jolly,9,17,220,2.1,16.44,18,3.16,2.1,182.6,220,0.0,,19,0
2026-09-08T19:00,48,dmi,9,19,190,3.1,13.2,14,2.9,3.1,157,190,0.0,,0,0
2026-09-08T19:00,48,knmi,9,19,190,3.1,13.3,14,2.8,3.1,156,190,0.0,,0,0
2026-09-08T19:00,48,ecmwf,9,19,190,3.1,12.7,14,1.9,3.1,162,190,0.0,,0,0
2026-09-08T19:00,48,icon,9,19,190,3.1,11.0,14,4.24,3.1,135,190,0.0,,0,0
2026-09-08T19:00,48,ukmo,9,19,190,3.1,12.7,14,1.9,3.1,162,190,0.0,,0,0
2026-09-08T19:00,48,mfr,9,19,190,3.1,12.0,14,2.31,3.1,175,190,0.0,,0,0
2026-09-08T19:00,48,gfs,9,19,190,3.1,12.2,14,4.77,3.1,190,190,0.0,,0,0
2026-09-08T19:00,48,harmonie,9,19,190,3.1,13.0,14,1.0,3.1,157.5,190,,,5,0
2026-09-08T19:00,48,metno,9,19,190,3.1,12.4,14,2.9,3.1,159.1,190,0.0,,0.0,0
2026-09-08T19:00,48,jolly,9,19,190,3.1,15.06,14,3.65,3.1,163.7,190,0.0,,4,0
2026-09-08T19:00,24,dmi,9,19,190,3.1,13.4,14,2.5,3.1,154,190,0.0,,0,0
2026-09-08T19:00,24,knmi,9,19,190,3.1,13.6,14,2.6,3.1,156,190,0.0,,0,0
2026-09-08T19:00,24,ecmwf,9,19,190,3.1,13.6,14,1.93,3.1,159,190,0.0,,2,0
2026-09-08T19:00,24,icon,9,19,190,3.1,12.0,14,3.74,3.1,146,190,0.0,,0,0
2026-09-08T19:00,24,ukmo,9,19,190,3.1,12.6,14,2.5,3.1,179,190,0.0,,0,0
2026-09-08T19:00,24,mfr,9,19,190,3.1,12.2,14,2.93,3.1,172,190,0.0,,0,0
2026-09-08T19:00,24,gfs,9,19,190,3.1,13.1,14,4.8,3.1,182,190,0.0,,0,0
2026-09-08T19:00,24,harmonie,9,19,190,3.1,13.0,14,2.0,3.1,135,190,,,5,0
2026-09-08T19:00,24,metno,9,19,190,3.1,13.2,14,2.7,3.1,162.7,190,0.0,,0.0,0
2026-09-08T19:00,24,jolly,9,19,190,3.1,11.29,14,3.79,3.1,161.1,190,0.0,,8,0
2026-09-08T19:00,3,dmi,9,19,190,3.1,14.1,14,2.5,3.1,155,190,0.0,,0,0
2026-09-08T19:00,3,knmi,9,19,190,3.1,14.3,14,2.4,3.1,162,190,0.0,,0,0
2026-09-08T19:00,3,ecmwf,9,19,190,3.1,14.1,14,1.77,3.1,164,190,0.0,,0,0
2026-09-08T19:00,3,icon,9,19,190,3.1,12.4,14,4.32,3.1,138,190,0.0,,0,0
2026-09-08T19:00,3,ukmo,9,19,190,3.1,13.2,14,2.6,3.1,166,190,0.0,,0,0
2026-09-08T19:00,3,mfr,9,19,190,3.1,12.5,14,3.06,3.1,169,190,0.0,,0,0
2026-09-08T19:00,3,gfs,9,19,190,3.1,12.5,14,4.3,3.1,181,190,0.0,,0,0
2026-09-08T19:00,3,harmonie,9,19,190,3.1,14.0,14,2.0,3.1,135,190,,,5,0
2026-09-08T19:00,3,metno,9,19,190,3.1,13.4,14,2.5,3.1,157.6,190,0.0,,0.0,0
2026-09-08T19:00,3,jolly,9,19,190,3.1,13.61,14,3.6,3.1,157.5,190,0.0,,18,0
2026-09-08T21:00,48,dmi,9,21,197.0,2.8,9.6,8.7,2.7,2.8,153,197.0,0.0,,0,0
2026-09-08T21:00,48,knmi,9,21,197.0,2.8,9.6,8.7,2.7,2.8,152,197.0,0.0,,0,0
2026-09-08T21:00,48,ecmwf,9,21,197.0,2.8,9.8,8.7,2.0,2.8,180,197.0,0.0,,9,0
2026-09-08T21:00,48,icon,9,21,197.0,2.8,8.2,8.7,4.05,2.8,140,197.0,0.0,,0,0
2026-09-08T21:00,48,ukmo,9,21,197.0,2.8,10.6,8.7,2.9,2.8,175,197.0,0.0,,0,0
2026-09-08T21:00,48,mfr,9,21,197.0,2.8,9.7,8.7,2.14,2.8,169,197.0,0.0,,1,0
2026-09-08T21:00,48,gfs,9,21,197.0,2.8,10.0,8.7,4.79,2.8,203,197.0,0.0,,0,0
2026-09-08T21:00,48,harmonie,9,21,197.0,2.8,8.0,8.7,2.0,2.8,135,197.0,,,5,0
2026-09-08T21:00,48,metno,9,21,197.0,2.8,9.9,8.7,2.6,2.8,170.8,197.0,0.0,,0.0,0
2026-09-08T21:00,48,jolly,9,21,197.0,2.8,12.02,8.7,3.75,2.8,165.7,197.0,0.0,,5,0
2026-09-08T22:00,24,dmi,9,22,190,4.1,9.3,9,2.4,4.1,164,190,0.0,,0,0
2026-09-08T22:00,24,knmi,9,22,190,4.1,9.5,9,2.4,4.1,159,190,0.0,,0,0
2026-09-08T22:00,24,ecmwf,9,22,190,4.1,9.6,9,2.02,4.1,189,190,0.0,,5,0
2026-09-08T22:00,24,icon,9,22,190,4.1,8.4,9,3.91,4.1,140,190,0.0,,0,0
2026-09-08T22:00,24,ukmo,9,22,190,4.1,9.6,9,2.8,4.1,166,190,0.0,,0,0
2026-09-08T22:00,24,mfr,9,22,190,4.1,9.4,9,2.67,4.1,167,190,0.0,,0,0
2026-09-08T22:00,24,gfs,9,22,190,4.1,10.7,9,4.4,4.1,197,190,0.0,,0,0
2026-09-08T22:00,24,harmonie,9,22,190,4.1,8.0,9,2.0,4.1,135,190,,,5,0
2026-09-08T22:00,24,metno,9,22,190,4.1,9.8,9,2.7,4.1,176.8,190,0.0,,0.0,0
2026-09-08T22:00,24,jolly,9,22,190,4.1,8.21,9,3.34,4.1,176.5,190,0.0,,8,0
2026-09-08T22:00,6,dmi,9,22,190,4.1,9.5,9,2.7,4.1,147,190,0.0,,0,0
2026-09-08T22:00,6,knmi,9,22,190,4.1,9.7,9,2.8,4.1,148,190,0.0,,0,0
2026-09-08T22:00,6,ecmwf,9,22,190,4.1,10.0,9,2.09,4.1,197,190,0.0,,0,0
2026-09-08T22:00,6,icon,9,22,190,4.1,8.7,9,4.19,4.1,147,190,0.0,,0,0
2026-09-08T22:00,6,ukmo,9,22,190,4.1,9.7,9,2.7,4.1,175,190,0.0,,0,0
2026-09-08T22:00,6,mfr,9,22,190,4.1,9.4,9,2.53,4.1,162,190,0.0,,0,0
2026-09-08T22:00,6,gfs,9,22,190,4.1,10.2,9,4.47,4.1,207,190,0.0,,0,0
2026-09-08T22:00,6,harmonie,9,22,190,4.1,8.0,9,3.0,4.1,135,190,,,5,0
2026-09-08T22:00,6,metno,9,22,190,4.1,10.3,9,2.9,4.1,177.6,190,0.0,,0.0,0
2026-09-08T22:00,6,jolly,9,22,190,4.1,9.65,9,3.9,4.1,167.4,190,0.0,,19,0
2026-09-08T22:00,3,dmi,9,22,190,4.1,10.0,9,2.8,4.1,155,190,0.0,,0,0
2026-09-08T22:00,3,knmi,9,22,190,4.1,9.8,9,3.1,4.1,143,190,0.0,,0,0
2026-09-08T22:00,3,ecmwf,9,22,190,4.1,9.9,9,2.06,4.1,194,190,0.0,,0,0
2026-09-08T22:00,3,icon,9,22,190,4.1,8.7,9,4.1,4.1,146,190,0.0,,0,0
2026-09-08T22:00,3,ukmo,9,22,190,4.1,9.7,9,2.7,4.1,175,190,0.0,,0,0
2026-09-08T22:00,3,mfr,9,22,190,4.1,9.4,9,2.53,4.1,162,190,0.0,,0,0
2026-09-08T22:00,3,gfs,9,22,190,4.1,10.2,9,4.11,4.1,206,190,0.0,,0,0
2026-09-08T22:00,3,harmonie,9,22,190,4.1,9.0,9,3.0,4.1,135,190,,,5,0
2026-09-08T22:00,3,metno,9,22,190,4.1,10.3,9,2.8,4.1,178.5,190,0.0,,0.0,0
2026-09-08T22:00,3,jolly,9,22,190,4.1,9.83,9,3.84,4.1,169.4,190,0.0,,18,0
2026-09-08T20:00,1,dmi,9,20,190,3.1,12.0,10,3.4,3.1,142,190,0.0,,0,0
2026-09-08T20:00,1,knmi,9,20,190,3.1,12.2,10,3.0,3.1,154,190,0.0,,0,0
2026-09-08T20:00,1,ecmwf,9,20,190,3.1,12.4,10,1.8,3.1,180,190,0.0,,0,0
2026-09-08T20:00,1,icon,9,20,190,3.1,10.3,10,4.68,3.1,138,190,0.0,,0,0
2026-09-08T20:00,1,ukmo,9,20,190,3.1,11.5,10,2.9,3.1,154,190,0.0,,0,0
2026-09-08T20:00,1,mfr,9,20,190,3.1,11.1,10,2.79,3.1,165,190,0.0,,1,0
2026-09-08T20:00,1,gfs,9,20,190,3.1,11.3,10,4.63,3.1,194,190,0.0,,0,0
2026-09-08T20:00,1,harmonie,9,20,190,3.1,11.0,10,3.0,3.1,157.5,190,,,5,0
2026-09-08T20:00,1,metno,9,20,190,3.1,12.4,10,2.7,3.1,175.5,190,0.0,,0.0,0
2026-09-08T20:00,1,jolly,9,20,190,3.1,12.28,10,4.06,3.1,172.6,190,0.0,,19,0
2026-09-08T23:00,48,dmi,9,23,170,4.1,7.7,9,1.9,4.1,161,170,0.0,,0,0
2026-09-08T23:00,48,knmi,9,23,170,4.1,7.7,9,1.9,4.1,160,170,0.0,,0,0
2026-09-08T23:00,48,ecmwf,9,23,170,4.1,8.5,9,2.02,4.1,189,170,0.0,,1,0
2026-09-08T23:00,48,icon,9,23,170,4.1,7.5,9,4.12,4.1,151,170,0.0,,0,0
2026-09-08T23:00,48,ukmo,9,23,170,4.1,9.1,9,2.7,4.1,166,170,0.0,,0,0
2026-09-08T23:00,48,mfr,9,23,170,4.1,8.8,9,2.64,4.1,151,170,0.0,,0,0
2026-09-08T23:00,48,gfs,9,23,170,4.1,9.9,9,3.62,4.1,208,170,0.0,,5,0
2026-09-08T23:00,48,harmonie,9,23,170,4.1,7.0,9,2.0,4.1,157.5,170,,,5,0
2026-09-08T23:00,48,metno,9,23,170,4.1,8.6,9,2.8,4.1,175.4,170,0.0,,0.0,0
2026-09-08T23:00,48,jolly,9,23,170,4.1,11.38,9,3.52,4.1,169.2,170,0.0,,5,0
2026-09-08T23:00,12,dmi,9,23,170,4.1,8.8,9,2.6,4.1,165,170,0.0,,0,0
2026-09-08T23:00,12,knmi,9,23,170,4.1,8.7,9,2.3,4.1,160,170,0.0,,0,0
2026-09-08T23:00,12,ecmwf,9,23,170,4.1,8.9,9,1.87,4.1,196,170,0.0,,0,0
2026-09-08T23:00,12,icon,9,23,170,4.1,8.3,9,3.97,4.1,146,170,0.0,,0,0
2026-09-08T23:00,12,ukmo,9,23,170,4.1,9.1,9,2.8,4.1,164,170,0.0,,0,0
2026-09-08T23:00,12,mfr,9,23,170,4.1,8.8,9,2.56,4.1,159,170,0.0,,0,0
2026-09-08T23:00,12,gfs,9,23,170,4.1,10.5,9,3.98,4.1,205,170,0.0,,0,0
2026-09-08T23:00,12,harmonie,9,23,170,4.1,7.0,9,2.0,4.1,157.5,170,,,5,0
2026-09-08T23:00,12,metno,9,23,170,4.1,9.2,9,2.6,4.1,182.3,170,0.0,,0.0,0
2026-09-08T23:00,12,jolly,9,23,170,4.1,9.87,9,3.56,4.1,164.3,170,0.0,,13,0
2026-09-08T23:00,1,dmi,9,23,170,4.1,9.3,9,2.3,4.1,153,170,0.0,,0,0
2026-09-08T23:00,1,knmi,9,23,170,4.1,9.1,9,2.1,4.1,169,170,0.0,,0,0
2026-09-08T23:00,1,ecmwf,9,23,170,4.1,9.0,9,1.84,4.1,193,170,0.0,,0,0
2026-09-08T23:00,1,icon,9,23,170,4.1,8.3,9,4.3,4.1,155,170,0.0,,0,0
2026-09-08T23:00,1,ukmo,9,23,170,4.1,9.2,9,2.6,4.1,166,170,0.0,,0,0
2026-09-08T23:00,1,mfr,9,23,170,4.1,8.9,9,2.25,4.1,159,170,0.0,,0,0
2026-09-08T23:00,1,gfs,9,23,170,4.1,10.2,9,3.76,4.1,205,170,0.0,,0,0
2026-09-08T23:00,1,metno,9,23,170,4.1,9.2,9,2.6,4.1,181.0,170,0.0,,0.0,0
2026-09-08T23:00,1,jolly,9,23,170,4.1,9.51,9,3.51,4.1,184.7,170,0.0,,18,0
2026-09-09T01:00,24,dmi,9,1,140,1.5,7.2,7,1.6,1.5,163,140,0.0,,0,0
2026-09-09T01:00,24,knmi,9,1,140,1.5,7.4,7,1.9,1.5,167,140,0.0,,0,0
2026-09-09T01:00,24,ecmwf,9,1,140,1.5,7.7,7,1.87,1.5,196,140,0.0,,8,0
2026-09-09T01:00,24,icon,9,1,140,1.5,7.5,7,3.85,1.5,152,140,0.0,,0,0
2026-09-09T01:00,24,ukmo,9,1,140,1.5,7.9,7,2.6,1.5,158,140,0.0,,0,0
2026-09-09T01:00,24,mfr,9,1,140,1.5,8.5,7,2.6,1.5,164,140,0.0,,7,0
2026-09-09T01:00,24,gfs,9,1,140,1.5,9.0,7,3.28,1.5,218,140,0.0,,0,0
2026-09-09T01:00,24,harmonie,9,1,140,1.5,6.0,7,2.0,1.5,135,140,,,5,0
2026-09-09T01:00,24,metno,9,1,140,1.5,8.2,7,2.7,1.5,172.5,140,0.0,,0.0,0
2026-09-09T01:00,24,jolly,9,1,140,1.5,7.15,7,3.14,1.5,182.8,140,0.0,,10,0
2026-09-09T01:00,6,dmi,9,1,140,1.5,7.7,7,1.8,1.5,149,140,0.0,,0,0
2026-09-09T01:00,6,knmi,9,1,140,1.5,8.0,7,2.5,1.5,143,140,0.0,,5,0
2026-09-09T01:00,6,ecmwf,9,1,140,1.5,7.7,7,1.75,1.5,193,140,0.0,,16,0
2026-09-09T01:00,6,icon,9,1,140,1.5,7.6,7,3.8,1.5,153,140,0.0,,0,0
2026-09-09T01:00,6,ukmo,9,1,140,1.5,7.4,7,2.3,1.5,161,140,0.0,,25,0
2026-09-09T01:00,6,mfr,9,1,140,1.5,8.2,7,2.83,1.5,148,140,0.0,,11,0
2026-09-09T01:00,6,gfs,9,1,140,1.5,8.8,7,3.56,1.5,218,140,0.0,,5,0
2026-09-09T01:00,6,harmonie,9,1,140,1.5,6.0,7,1.0,1.5,135,140,,,5,0
2026-09-09T01:00,6,metno,9,1,140,1.5,7.9,7,2.4,1.5,174.4,140,0.0,,0.0,0
2026-09-09T01:00,6,jolly,9,1,140,1.5,8.04,7,3.2,1.5,169.7,140,0.0,,22,0
2026-09-09T01:00,3,dmi,9,1,140,1.5,8.1,7,2.8,1.5,134,140,0.0,,0,0
2026-09-09T01:00,3,knmi,9,1,140,1.5,8.1,7,2.5,1.5,151,140,0.0,,0,0
2026-09-09T01:00,3,ecmwf,9,1,140,1.5,7.7,7,1.75,1.5,193,140,0.0,,16,0
2026-09-09T01:00,3,icon,9,1,140,1.5,7.6,7,3.98,1.5,155,140,0.0,,0,0
2026-09-09T01:00,3,ukmo,9,1,140,1.5,7.8,7,2.4,1.5,167,140,0.0,,25,0
2026-09-09T01:00,3,mfr,9,1,140,1.5,8.2,7,2.83,1.5,148,140,0.0,,11,0
2026-09-09T01:00,3,gfs,9,1,140,1.5,8.8,7,3.56,1.5,218,140,0.0,,5,0
2026-09-09T01:00,3,harmonie,9,1,140,1.5,6.0,7,2.0,1.5,112.5,140,,,5,0
2026-09-09T01:00,3,metno,9,1,140,1.5,7.9,7,2.4,1.5,174.4,140,0.0,,0.0,0
2026-09-09T01:00,3,jolly,9,1,140,1.5,7.74,7,3.51,1.5,172.0,140,0.0,,20,0
2026-09-09T04:00,48,dmi,9,4,149.0,1.4,6.5,2.9,2.7,1.4,125,149.0,0.0,,42,0
2026-09-09T04:00,48,knmi,9,4,149.0,1.4,6.2,2.9,2.9,1.4,121,149.0,0.0,,60,0
2026-09-09T04:00,48,ecmwf,9,4,149.0,1.4,6.2,2.9,1.73,1.4,190,149.0,0.0,,36,0
2026-09-09T04:00,48,icon,9,4,149.0,1.4,6.7,2.9,3.89,1.4,151,149.0,0.0,,0,0
2026-09-09T04:00,48,ukmo,9,4,149.0,1.4,6.9,2.9,2.6,1.4,160,149.0,0.0,,0,0
2026-09-09T04:00,48,mfr,9,4,149.0,1.4,7.6,2.9,2.35,1.4,168,149.0,0.0,,27,0
2026-09-09T04:00,48,gfs,9,4,149.0,1.4,8.8,2.9,3.61,1.4,199,149.0,0.0,,7,0
2026-09-09T04:00,48,harmonie,9,4,149.0,1.4,5.0,2.9,2.0,1.4,157.5,149.0,,,30,0
2026-09-09T04:00,48,metno,9,4,149.0,1.4,7.1,2.9,3.2,1.4,171.9,149.0,0.0,,21.9,0
2026-09-09T04:00,48,jolly,9,4,149.0,1.4,10.42,2.9,3.59,1.4,161.3,149.0,0.0,,27,0
2026-09-09T04:00,12,dmi,9,4,149.0,1.4,5.8,2.9,0.3,1.4,120,149.0,0.0,,4,0
2026-09-09T04:00,12,knmi,9,4,149.0,1.4,5.5,2.9,1.1,1.4,147,149.0,0.0,,5,0
2026-09-09T04:00,12,ecmwf,9,4,149.0,1.4,6.4,2.9,1.87,1.4,196,149.0,0.0,,50,0
2026-09-09T04:00,12,icon,9,4,149.0,1.4,7.0,2.9,3.76,1.4,155,149.0,0.0,,69,0
2026-09-09T04:00,12,ukmo,9,4,149.0,1.4,6.4,2.9,2.4,1.4,186,149.0,0.0,,73,0
2026-09-09T04:00,12,mfr,9,4,149.0,1.4,7.7,2.9,3.5,1.4,180,149.0,0.0,,39,0
2026-09-09T04:00,12,gfs,9,4,149.0,1.4,8.7,2.9,3.79,1.4,192,149.0,0.0,,26,0
2026-09-09T04:00,12,harmonie,9,4,149.0,1.4,5.0,2.9,1.0,1.4,225,149.0,,,30,0
2026-09-09T04:00,12,metno,9,4,149.0,1.4,7.2,2.9,2.7,1.4,175.0,149.0,0.0,,16.4,0
2026-09-09T04:00,12,jolly,9,4,149.0,1.4,7.93,2.9,3.07,1.4,170.2,149.0,0.0,,42,0
2026-09-09T04:00,6,dmi,9,4,149.0,1.4,6.1,2.9,1.3,1.4,147,149.0,0.0,,10,0
2026-09-09T04:00,6,knmi,9,4,149.0,1.4,5.9,2.9,1.1,1.4,136,149.0,0.0,,61,0
2026-09-09T04:00,6,ecmwf,9,4,149.0,1.4,6.5,2.9,1.87,1.4,196,149.0,0.0,,60,0
2026-09-09T04:00,6,icon,9,4,149.0,1.4,7.1,2.9,3.89,1.4,151,149.0,0.0,,26,0
2026-09-09T04:00,6,ukmo,9,4,149.0,1.4,7.1,2.9,2.6,1.4,172,149.0,0.0,,66,0
2026-09-09T04:00,6,mfr,9,4,149.0,1.4,7.7,2.9,3.5,1.4,180,149.0,0.0,,39,0
2026-09-09T04:00,6,gfs,9,4,149.0,1.4,8.6,2.9,3.57,1.4,198,149.0,0.0,,7,0
2026-09-09T04:00,6,harmonie,9,4,149.0,1.4,5.0,2.9,1.0,1.4,112.5,149.0,,,70,0
2026-09-09T04:00,6,metno,9,4,149.0,1.4,7.2,2.9,2.4,1.4,179.4,149.0,0.0,,32.8,0
2026-09-09T04:00,6,jolly,9,4,149.0,1.4,6.99,2.9,3.07,1.4,173.5,149.0,0.0,,35,0
2026-09-09T04:00,3,dmi,9,4,149.0,1.4,6.3,2.9,1.6,1.4,129,149.0,0.0,,5,0
2026-09-09T04:00,3,knmi,9,4,149.0,1.4,6.3,2.9,1.4,1.4,136,149.0,0.0,,0,0
2026-09-09T04:00,3,ecmwf,9,4,149.0,1.4,6.3,2.9,1.82,1.4,189,149.0,0.0,,100,0
2026-09-09T04:00,3,icon,9,4,149.0,1.4,7.1,2.9,3.85,1.4,152,149.0,0.0,,8,0
2026-09-09T04:00,3,ukmo,9,4,149.0,1.4,6.9,2.9,2.6,1.4,163,149.0,0.0,,73,0
2026-09-09T04:00,3,mfr,9,4,149.0,1.4,7.8,2.9,3.28,1.4,168,149.0,0.0,,43,0
2026-09-09T04:00,3,gfs,9,4,149.0,1.4,8.5,2.9,3.64,1.4,196,149.0,0.0,,5,0
2026-09-09T04:00,3,harmonie,9,4,149.0,1.4,5.0,2.9,1.0,1.4,45,149.0,,,30,0
2026-09-09T04:00,3,metno,9,4,149.0,1.4,7.2,2.9,2.4,1.4,179.4,149.0,0.0,,32.8,0
2026-09-09T04:00,3,jolly,9,4,149.0,1.4,6.56,2.9,3.08,1.4,159.4,149.0,0.0,,36,0
2026-09-09T05:00,24,dmi,9,5,160,2.6,7.3,3,2.1,2.6,131,160,0.0,,100,0
2026-09-09T05:00,24,knmi,9,5,160,2.6,7.3,3,2.1,2.6,130,160,0.0,,100,0
2026-09-09T05:00,24,ecmwf,9,5,160,2.6,5.7,3,1.77,2.6,196,160,0.0,,50,0
2026-09-09T05:00,24,icon,9,5,160,2.6,6.8,3,3.62,2.6,152,160,0.0,,0,0
2026-09-09T05:00,24,ukmo,9,5,160,2.6,6.0,3,2.4,2.6,162,160,0.0,,78,0
2026-09-09T05:00,24,mfr,9,5,160,2.6,7.8,3,3.3,2.6,178,160,0.0,,45,0
2026-09-09T05:00,24,gfs,9,5,160,2.6,8.0,3,3.44,2.6,216,160,0.0,,5,0
2026-09-09T05:00,24,harmonie,9,5,160,2.6,5.0,3,1.0,2.6,135,160,,,70,0
2026-09-09T05:00,24,metno,9,5,160,2.6,6.8,3,3.3,2.6,176.1,160,0.0,,39.1,0
2026-09-09T05:00,24,jolly,9,5,160,2.6,6.26,3,3.13,2.6,171.8,160,0.0,,49,0
2026-09-09T02:00,1,dmi,9,2,140,2.6,7.6,5,2.2,2.6,137,140,0.0,,0,0
2026-09-09T02:00,1,knmi,9,2,140,2.6,7.2,5,0.7,2.6,112,140,0.0,,0,0
2026-09-09T02:00,1,ecmwf,9,2,140,2.6,7.3,5,1.87,2.6,196,140,0.0,,70,0
2026-09-09T02:00,1,icon,9,2,140,2.6,7.4,5,3.71,2.6,153,140,0.0,,0,0
2026-09-09T02:00,1,ukmo,9,2,140,2.6,7.9,5,2.7,2.6,167,140,0.0,,31,0
2026-09-09T02:00,1,mfr,9,2,140,2.6,8.2,5,3.23,2.6,164,140,0.0,,29,0
2026-09-09T02:00,1,gfs,9,2,140,2.6,7.9,5,3.11,2.6,222,140,0.0,,0,0
2026-09-09T02:00,1,harmonie,9,2,140,2.6,7.0,5,2.0,2.6,135,140,,,5,0
2026-09-09T02:00,1,metno,9,2,140,2.6,7.7,5,2.5,2.6,171.8,140,0.0,,4.7,0
2026-09-09T02:00,1,jolly,9,2,140,2.6,7.81,5,3.29,2.6,176.9,140,0.0,,30,0
2026-09-09T10:00,48,dmi,9,10,8.0,1.4,12.8,10.5,0.9,1.4,141,8.0,0.0,,100,0
2026-09-09T10:00,48,knmi,9,10,8.0,1.4,12.2,10.5,1.1,1.4,324,8.0,0.0,,4,0
2026-09-09T10:00,48,ecmwf,9,10,8.0,1.4,11.9,10.5,1.77,1.4,196,8.0,0.0,,90,0
2026-09-09T10:00,48,icon,9,10,8.0,1.4,12.9,10.5,0.58,1.4,149,8.0,0.0,,46,0
2026-09-09T10:00,48,ukmo,9,10,8.0,1.4,12.6,10.5,1.2,1.4,128,8.0,0.0,,88,0
2026-09-09T10:00,48,mfr,9,10,8.0,1.4,11.6,10.5,0.98,1.4,114,8.0,0.0,,53,0
2026-09-09T10:00,48,gfs,9,10,8.0,1.4,13.9,10.5,2.98,1.4,220,8.0,0.0,,100,0
2026-09-09T10:00,48,harmonie,9,10,8.0,1.4,13.0,10.5,1.0,1.4,67.5,8.0,,,95,0
2026-09-09T10:00,48,metno,9,10,8.0,1.4,12.6,10.5,2.5,1.4,204.5,8.0,0.0,,74.2,0
2026-09-09T10:00,48,jolly,9,10,8.0,1.4,16.63,10.5,2.32,1.4,154.9,8.0,0.0,,67,0
2026-09-09T10:00,12,dmi,9,10,8.0,1.4,12.5,10.5,0.6,1.4,321,8.0,0.0,,25,0
2026-09-09T10:00,12,knmi,9,10,8.0,1.4,11.6,10.5,0.6,1.4,262,8.0,0.0,,98,0
2026-09-09T10:00,12,ecmwf,9,10,8.0,1.4,11.7,10.5,1.58,1.4,198,8.0,0.0,,83,0
2026-09-09T10:00,12,icon,9,10,8.0,1.4,13.0,10.5,1.0,1.4,127,8.0,0.0,,25,0
2026-09-09T10:00,12,ukmo,9,10,8.0,1.4,12.3,10.5,0.8,1.4,160,8.0,0.0,,100,0
2026-09-09T10:00,12,mfr,9,10,8.0,1.4,11.4,10.5,0.86,1.4,126,8.0,0.0,,78,0
2026-09-09T10:00,12,gfs,9,10,8.0,1.4,13.1,10.5,1.3,1.4,238,8.0,0.0,,100,0
2026-09-09T10:00,12,harmonie,9,10,8.0,1.4,13.0,10.5,0.0,1.4,,8.0,,,70,0
2026-09-09T10:00,12,metno,9,10,8.0,1.4,12.3,10.5,2.4,1.4,212.5,8.0,0.0,,70.3,0
2026-09-09T10:00,12,jolly,9,10,8.0,1.4,14.24,10.5,1.73,1.4,226.1,8.0,0.0,,59,0
2026-09-09T11:00,24,dmi,9,11,,1.5,15.0,15,0.2,1.5,171,,0.0,,61,0
2026-09-09T11:00,24,knmi,9,11,,1.5,15.1,15,0.3,1.5,164,,0.0,,88,0
2026-09-09T11:00,24,ecmwf,9,11,,1.5,13.6,15,1.48,1.5,208,,0.0,,100,0
2026-09-09T11:00,24,icon,9,11,,1.5,13.7,15,0.14,1.5,45,,0.0,,46,0
2026-09-09T11:00,24,ukmo,9,11,,1.5,14.6,15,0.4,1.5,106,,0.0,,100,0
2026-09-09T11:00,24,mfr,9,11,,1.5,12.4,15,3.2,1.5,358,,0.0,,100,0
2026-09-09T11:00,24,gfs,9,11,,1.5,15.6,15,0.64,1.5,219,,0.0,,100,0
2026-09-09T11:00,24,harmonie,9,11,,1.5,14.0,15,2.0,1.5,112.5,,,,95,0
2026-09-09T11:00,24,metno,9,11,,1.5,13.8,15,1.8,1.5,199.8,,0.0,,46.1,0
2026-09-09T11:00,24,jolly,9,11,,1.5,14.37,15,1.77,1.5,158.0,,0.0,,69,0
2026-09-09T11:00,6,dmi,9,11,,1.5,13.4,15,1.1,1.5,51,,0.0,,99,0
2026-09-09T11:00,6,knmi,9,11,,1.5,13.4,15,1.1,1.5,50,,0.0,,99,0
2026-09-09T11:00,6,ecmwf,9,11,,1.5,13.4,15,0.71,1.5,225,,0.0,,100,0
2026-09-09T11:00,6,icon,9,11,,1.5,13.9,15,0.54,1.5,68,,0.0,,100,0
2026-09-09T11:00,6,ukmo,9,11,,1.5,14.3,15,0.6,1.5,311,,0.0,,97,0
2026-09-09T11:00,6,mfr,9,11,,1.5,12.0,15,2.11,1.5,355,,0.0,,90,0
2026-09-09T11:00,6,gfs,9,11,,1.5,13.7,15,0.7,1.5,360,,0.0,,100,0
2026-09-09T11:00,6,harmonie,9,11,,1.5,15.0,15,0.0,1.5,,,,,95,0
2026-09-09T11:00,6,metno,9,11,,1.5,13.5,15,1.5,1.5,281.4,,0.0,,89.8,0
2026-09-09T11:00,6,jolly,9,11,,1.5,13.21,15,2.31,1.5,14.4,,0.0,,61,0
2026-09-09T07:00,12,dmi,9,7,110,1.5,6.0,4,1.7,1.5,127,110,0.0,,100,0
2026-09-09T07:00,12,knmi,9,7,110,1.5,5.5,4,0.7,1.5,108,110,0.0,,100,0
2026-09-09T07:00,12,ecmwf,9,7,110,1.5,7.0,4,2.18,1.5,196,110,0.0,,66,0
2026-09-09T07:00,12,icon,9,7,110,1.5,6.9,4,3.0,1.5,143,110,0.0,,1,0
2026-09-09T07:00,12,ukmo,9,7,110,1.5,6.0,4,1.9,1.5,140,110,0.0,,86,0
2026-09-09T07:00,12,mfr,9,7,110,1.5,7.1,4,2.18,1.5,164,110,0.0,,100,0
2026-09-09T07:00,12,gfs,9,7,110,1.5,7.9,4,2.79,1.5,201,110,0.0,,43,0
2026-09-09T07:00,12,harmonie,9,7,110,1.5,5.0,4,1.0,1.5,67.5,110,,,95,0
2026-09-09T07:00,12,metno,9,7,110,1.5,7.2,4,2.5,1.5,175.9,110,0.0,,60.2,0
2026-09-09T07:00,12,jolly,9,7,110,1.5,8.24,4,2.68,1.5,150.5,110,0.0,,54,0
2026-09-09T07:00,6,dmi,9,7,110,1.5,5.4,4,0.5,1.5,131,110,0.0,,100,0
2026-09-09T07:00,6,knmi,9,7,110,1.5,5.8,4,0.4,1.5,121,110,0.0,,99,0
2026-09-09T07:00,6,ecmwf,9,7,110,1.5,6.8,4,2.14,1.5,191,110,0.0,,100,0
2026-09-09T07:00,6,icon,9,7,110,1.5,7.2,4,2.92,1.5,149,110,0.0,,12,0
2026-09-09T07:00,6,ukmo,9,7,110,1.5,7.4,4,2.5,1.5,139,110,0.0,,53,0
2026-09-09T07:00,6,mfr,9,7,110,1.5,7.3,4,1.96,1.5,165,110,0.0,,98,0
2026-09-09T07:00,6,gfs,9,7,110,1.5,8.0,4,2.4,1.5,180,110,0.0,,100,0
2026-09-09T07:00,6,harmonie,9,7,110,1.5,5.0,4,1.0,1.5,135,110,,,95,0
2026-09-09T07:00,6,metno,9,7,110,1.5,7.2,4,2.5,1.5,175.9,110,0.0,,60.2,0
2026-09-09T07:00,6,jolly,9,7,110,1.5,6.67,4,2.49,1.5,158.6,110,0.0,,52,0
2026-09-09T06:00,1,dmi,9,6,210,1.0,5.4,4,1.0,1.0,131,210,0.0,,89,0
2026-09-09T06:00,1,knmi,9,6,210,1.0,5.4,4,1.0,1.0,130,210,0.0,,89,0
2026-09-09T06:00,1,ecmwf,9,6,210,1.0,5.8,4,1.8,1.0,183,210,0.0,,100,0
2026-09-09T06:00,1,icon,9,6,210,1.0,6.8,4,3.55,1.0,148,210,0.0,,3,0
2026-09-09T06:00,1,ukmo,9,6,210,1.0,6.5,4,2.5,1.0,146,210,0.0,,70,0
2026-09-09T06:00,1,mfr,9,6,210,1.0,7.4,4,2.69,1.0,158,210,0.0,,55,0
2026-09-09T06:00,1,gfs,9,6,210,1.0,7.5,4,3.82,1.0,225,210,0.0,,10,0
2026-09-09T06:00,1,harmonie,9,6,210,1.0,4.0,4,2.0,1.0,135,210,,,95,0
2026-09-09T06:00,1,metno,9,6,210,1.0,6.4,4,2.7,1.0,166.6,210,0.0,,73.4,0
2026-09-09T06:00,1,jolly,9,6,210,1.0,5.67,4,3.16,1.0,165.0,210,0.0,,47,0
2026-09-09T08:00,3,dmi,9,8,150,2.1,7.1,5,1.5,2.1,268,150,0.0,,99,0
2026-09-09T08:00,3,knmi,9,8,150,2.1,7.1,5,1.5,2.1,268,150,0.0,,99,0
2026-09-09T08:00,3,ecmwf,9,8,150,2.1,8.4,5,2.66,2.1,200,150,0.0,,100,0
2026-09-09T08:00,3,icon,9,8,150,2.1,8.8,5,2.73,2.1,152,150,0.0,,6,0
2026-09-09T08:00,3,ukmo,9,8,150,2.1,8.6,5,2.1,2.1,150,150,0.0,,0,0
2026-09-09T08:00,3,mfr,9,8,150,2.1,8.1,5,2.05,2.1,137,150,0.0,,64,0
2026-09-09T08:00,3,gfs,9,8,150,2.1,10.1,5,2.06,2.1,203,150,0.0,,100,0
2026-09-09T08:00,3,harmonie,9,8,150,2.1,7.0,5,1.0,2.1,315,150,,,70,0
2026-09-09T08:00,3,metno,9,8,150,2.1,8.6,5,3.0,2.1,185.6,150,0.0,,22.7,0
2026-09-09T08:00,3,jolly,9,8,150,2.1,7.34,5,2.79,2.1,200.0,150,0.0,,44,0
2026-09-09T15:00,48,dmi,9,15,356.0,6.5,12.6,10.2,3.4,6.5,359,356.0,0.0,,1,0
2026-09-09T15:00,48,knmi,9,15,356.0,6.5,12.3,10.2,3.4,6.5,7,356.0,0.0,,100,0
2026-09-09T15:00,48,ecmwf,9,15,356.0,6.5,13.9,10.2,2.75,6.5,10,356.0,0.0,,100,0
2026-09-09T15:00,48,icon,9,15,356.0,6.5,16.1,10.2,1.84,6.5,209,356.0,0.0,,100,0
2026-09-09T15:00,48,ukmo,9,15,356.0,6.5,16.8,10.2,2.6,6.5,335,356.0,0.0,,100,0
2026-09-09T15:00,48,mfr,9,15,356.0,6.5,12.7,10.2,2.52,6.5,353,356.0,0.0,,100,0
2026-09-09T15:00,48,gfs,9,15,356.0,6.5,14.1,10.2,4.93,6.5,18,356.0,0.0,,100,0
2026-09-09T15:00,48,harmonie,9,15,356.0,6.5,14.0,10.2,2.0,6.5,45,356.0,,,95,0
2026-09-09T15:00,48,metno,9,15,356.0,6.5,13.6,10.2,3.5,6.5,10.1,356.0,0.0,,99.2,0
2026-09-09T15:00,48,jolly,9,15,356.0,6.5,18.06,10.2,4.14,6.5,5.7,356.0,0.0,,82,0
2026-09-09T16:00,24,dmi,9,16,360,5.7,10.3,10,3.8,5.7,354,360,0.0,,100,0
2026-09-09T16:00,24,knmi,9,16,360,5.7,11.4,10,3.4,5.7,6,360,0.0,,100,0
2026-09-09T16:00,24,ecmwf,9,16,360,5.7,11.6,10,3.11,5.7,4,360,0.0,,100,0
2026-09-09T16:00,24,icon,9,16,360,5.7,11.6,10,2.69,5.7,22,360,0.0,,100,0
2026-09-09T16:00,24,ukmo,9,16,360,5.7,13.7,10,2.9,5.7,334,360,0.0,,100,0
2026-09-09T16:00,24,mfr,9,16,360,5.7,9.9,10,2.65,5.7,349,360,0.0,,100,0
2026-09-09T16:00,24,gfs,9,16,360,5.7,11.5,10,3.83,5.7,20,360,0.0,,100,0
2026-09-09T16:00,24,harmonie,9,16,360,5.7,11.0,10,3.0,5.7,0,360,,,95,0
2026-09-09T16:00,24,metno,9,16,360,5.7,11.3,10,3.7,5.7,2.3,360,0.0,,91.4,0
2026-09-09T16:00,24,jolly,9,16,360,5.7,12.02,10,4.04,5.7,359.7,360,0.0,,82,0
2026-09-09T13:00,12,dmi,9,13,360,6.2,15.0,10,2.5,6.2,341,360,0.0,,100,0
2026-09-09T13:00,12,knmi,9,13,360,6.2,14.0,10,3.5,6.2,359,360,0.0,,100,0
2026-09-09T13:00,12,ecmwf,9,13,360,6.2,13.6,10,2.0,6.2,3,360,0.0,,100,0
2026-09-09T13:00,12,icon,9,13,360,6.2,15.3,10,0.14,6.2,315,360,0.0,,100,0
2026-09-09T13:00,12,ukmo,9,13,360,6.2,14.5,10,1.9,6.2,322,360,0.0,,100,0
2026-09-09T13:00,12,mfr,9,13,360,6.2,11.7,10,4.4,6.2,357,360,0.0,,100,0
2026-09-09T13:00,12,gfs,9,13,360,6.2,15.0,10,2.51,6.2,29,360,0.0,,100,0
2026-09-09T13:00,12,harmonie,9,13,360,6.2,13.0,10,5.0,6.2,0,360,,,95,0
2026-09-09T13:00,12,metno,9,13,360,6.2,13.5,10,4.6,6.2,24.2,360,0.0,,96.9,0
2026-09-09T13:00,12,jolly,9,13,360,6.2,15.8,10,4.06,6.2,359.2,360,0.0,,74,0
2026-09-09T12:00,1,dmi,9,12,10,3.6,15.3,13,1.1,3.6,27,10,0.0,,1,0
2026-09-09T12:00,1,knmi,9,12,10,3.6,15.7,13,1.7,3.6,356,10,0.0,,100,0
2026-09-09T12:00,1,ecmwf,9,12,10,3.6,13.7,13,2.1,3.6,25,10,0.0,,100,0
2026-09-09T12:00,1,icon,9,12,10,3.6,14.6,13,0.72,3.6,34,10,0.0,,100,0
2026-09-09T12:00,1,ukmo,9,12,10,3.6,15.3,13,0.6,3.6,297,10,0.0,,100,0
2026-09-09T12:00,1,mfr,9,12,10,3.6,12.4,13,3.5,3.6,2,10,0.0,,100,0
2026-09-09T12:00,1,gfs,9,12,10,3.6,14.3,13,2.01,3.6,27,10,0.0,,100,0
2026-09-09T12:00,1,harmonie,9,12,10,3.6,16.0,13,1.0,3.6,315,10,,,95,0
2026-09-09T12:00,1,metno,9,12,10,3.6,13.6,13,4.2,3.6,17.3,10,0.0,,92.2,0
2026-09-09T12:00,1,jolly,9,12,10,3.6,13.77,13,3.41,3.6,17.5,10,0.0,,63,0
2026-09-09T14:00,3,dmi,9,14,360,6.7,10.8,10,4.6,6.7,357,360,0.0,,1,0
2026-09-09T14:00,3,knmi,9,14,360,6.7,10.6,10,4.1,6.7,352,360,0.0,,100,0
2026-09-09T14:00,3,ecmwf,9,14,360,6.7,11.8,10,3.26,6.7,11,360,0.0,,100,0
2026-09-09T14:00,3,icon,9,14,360,6.7,12.2,10,5.26,6.7,9,360,0.0,,100,0
2026-09-09T14:00,3,ukmo,9,14,360,6.7,14.8,10,2.6,6.7,329,360,0.0,,100,0
2026-09-09T14:00,3,mfr,9,14,360,6.7,11.8,10,2.18,6.7,16,360,0.0,,87,0
2026-09-09T14:00,3,gfs,9,14,360,6.7,14.0,10,2.75,6.7,10,360,0.0,,100,0
2026-09-09T14:00,3,harmonie,9,14,360,6.7,11.0,10,4.0,6.7,0,360,,,95,0
2026-09-09T14:00,3,metno,9,14,360,6.7,11.4,10,4.7,6.7,7.0,360,0.0,,95.3,0
2026-09-09T14:00,3,jolly,9,14,360,6.7,10.73,10,5.24,6.7,349.0,360,0.0,,62,0
2026-09-09T19:00,48,dmi,9,19,,1.5,9.3,8,1.08,1.5,332,,0.0,,99,0
2026-09-09T19:00,48,knmi,9,19,,1.5,9.0,8,1.3,1.5,346,,0.0,,100,0
2026-09-09T19:00,48,ecmwf,9,19,,1.5,9.5,8,1.08,1.5,338,,0.0,,100,0
2026-09-09T19:00,48,icon,9,19,,1.5,11.1,8,1.52,1.5,113,,0.0,,100,0
2026-09-09T19:00,48,ukmo,9,19,,1.5,9.2,8,1.8,1.5,341,,0.0,,100,0
2026-09-09T19:00,48,mfr,9,19,,1.5,10.1,8,1.32,1.5,9,,0.0,,77,0
2026-09-09T19:00,48,gfs,9,19,,1.5,8.6,8,3.58,1.5,27,,0.0,,100,0
2026-09-09T19:00,48,harmonie,9,19,,1.5,9.0,8,2.0,1.5,0,,,,95,0
2026-09-09T19:00,48,metno,9,19,,1.5,9.6,8,1.6,1.5,348.3,,0.0,,98.4,0
2026-09-09T19:00,48,jolly,9,19,,1.5,13.51,8,2.71,1.5,356.9,,0.0,,90,0
2026-09-09T19:00,24,dmi,9,19,,1.5,8.5,8,1.4,1.5,348,,0.0,,100,0
2026-09-09T19:00,24,knmi,9,19,,1.5,8.7,8,1.3,1.5,341,,0.0,,100,0
2026-09-09T19:00,24,ecmwf,9,19,,1.5,9.2,8,1.55,1.5,345,,0.0,,99,0
2026-09-09T19:00,24,icon,9,19,,1.5,9.3,8,0.64,1.5,39,,0.0,,100,0
2026-09-09T19:00,24,ukmo,9,19,,1.5,10.4,8,0.6,1.5,347,,0.0,,98,0
2026-09-09T19:00,24,mfr,9,19,,1.5,9.3,8,1.32,1.5,171,,0.0,,100,0
2026-09-09T19:00,24,gfs,9,19,,1.5,9.3,8,1.65,1.5,76,,0.0,,100,0
2026-09-09T19:00,24,harmonie,9,19,,1.5,9.0,8,2.0,1.5,0,,,,95,0
2026-09-09T19:00,24,metno,9,19,,1.5,9.2,8,1.1,1.5,327.8,,0.0,,100.0,0
2026-09-09T19:00,24,jolly,9,19,,1.5,10.47,8,2.08,1.5,6.4,,0.0,,83,0
2026-09-09T19:00,3,dmi,9,19,,1.5,8.5,8,2.4,1.5,351,,0.0,,100,0
2026-09-09T19:00,3,knmi,9,19,,1.5,9.2,8,2.2,1.5,335,,0.0,,100,0
2026-09-09T19:00,3,ecmwf,9,19,,1.5,9.8,8,1.2,1.5,355,,0.0,,70,0
2026-09-09T19:00,3,icon,9,19,,1.5,10.3,8,1.08,1.5,56,,0.0,,100,0
2026-09-09T19:00,3,ukmo,9,19,,1.5,11.6,8,1.6,1.5,321,,0.0,,100,0
2026-09-09T19:00,3,mfr,9,19,,1.5,9.6,8,2.01,1.5,174,,0.0,,85,0
2026-09-09T19:00,3,gfs,9,19,,1.5,10.1,8,1.58,1.5,18,,0.0,,100,0
2026-09-09T19:00,3,harmonie,9,19,,1.5,9.0,8,2.0,1.5,0,,,,95,0
2026-09-09T19:00,3,metno,9,19,,1.5,9.5,8,0.9,1.5,328.3,,0.0,,70.3,0
2026-09-09T19:00,3,jolly,9,19,,1.5,8.11,8,3.14,1.5,337.9,,0.0,,60,0
2026-09-09T17:00,12,dmi,9,17,360,4.1,9.8,10,3.2,4.1,358,360,0.0,,54,0
2026-09-09T17:00,12,knmi,9,17,360,4.1,9.8,10,3.1,4.1,357,360,0.0,,54,0
2026-09-09T17:00,12,ecmwf,9,17,360,4.1,10.0,10,2.84,4.1,350,360,0.0,,99,0
2026-09-09T17:00,12,icon,9,17,360,4.1,10.0,10,2.28,4.1,15,360,0.0,,100,0
2026-09-09T17:00,12,ukmo,9,17,360,4.1,11.5,10,2.7,4.1,347,360,0.0,,100,0
2026-09-09T17:00,12,mfr,9,17,360,4.1,9.7,10,2.3,4.1,2,360,0.0,,98,0
2026-09-09T17:00,12,gfs,9,17,360,4.1,10.9,10,2.31,4.1,355,360,0.0,,100,0
2026-09-09T17:00,12,harmonie,9,17,360,4.1,10.0,10,3.0,4.1,337.5,360,,,5,0
2026-09-09T17:00,12,metno,9,17,360,4.1,10.7,10,2.7,4.1,2.4,360,0.0,,80.5,0
2026-09-09T17:00,12,jolly,9,17,360,4.1,11.39,10,3.81,4.1,357.5,360,0.0,,61,0
2026-09-09T17:00,6,dmi,9,17,360,4.1,9.5,10,2.2,4.1,355,360,0.0,,1,0
2026-09-09T17:00,6,knmi,9,17,360,4.1,9.7,10,2.2,4.1,351,360,0.0,,100,0
2026-09-09T17:00,6,ecmwf,9,17,360,4.1,10.2,10,2.1,4.1,357,360,0.0,,100,0
2026-09-09T17:00,6,icon,9,17,360,4.1,10.1,10,1.84,4.1,29,360,0.0,,69,0
2026-09-09T17:00,6,ukmo,9,17,360,4.1,11.1,10,2.4,4.1,351,360,0.0,,100,0
2026-09-09T17:00,6,mfr,9,17,360,4.1,10.0,10,2.33,4.1,10,360,0.0,,100,0
2026-09-09T17:00,6,gfs,9,17,360,4.1,10.9,10,2.31,4.1,355,360,0.0,,100,0
2026-09-09T17:00,6,harmonie,9,17,360,4.1,10.0,10,3.0,4.1,337.5,360,,,5,0
2026-09-09T17:00,6,metno,9,17,360,4.1,10.4,10,2.8,4.1,2.8,360,0.0,,76.6,0
2026-09-09T17:00,6,jolly,9,17,360,4.1,9.63,10,3.73,4.1,350.9,360,0.0,,57,0
2026-09-09T17:00,1,dmi,9,17,360,4.1,9.5,10,2.2,4.1,355,360,0.0,,1,0
2026-09-09T17:00,1,knmi,9,17,360,4.1,10.3,10,2.2,4.1,353,360,0.0,,43,0
2026-09-09T17:00,1,ecmwf,9,17,360,4.1,10.3,10,2.61,4.1,4,360,0.0,,75,0
2026-09-09T17:00,1,icon,9,17,360,4.1,11.4,10,1.7,4.1,360,360,0.0,,71,0
2026-09-09T17:00,1,ukmo,9,17,360,4.1,14.6,10,0.4,4.1,180,360,0.0,,67,0
2026-09-09T17:00,1,mfr,9,17,360,4.1,9.6,10,0.73,4.1,344,360,0.0,,100,0
2026-09-09T17:00,1,gfs,9,17,360,4.1,11.9,10,3.0,4.1,2,360,0.0,,100,0
2026-09-09T17:00,1,harmonie,9,17,360,4.1,10.0,10,3.0,4.1,0,360,,,70,0
2026-09-09T17:00,1,metno,9,17,360,4.1,10.7,10,2.7,4.1,5.2,360,0.0,,69.5,0
2026-09-09T17:00,1,jolly,9,17,360,4.1,9.77,10,3.58,4.1,8.5,360,0.0,,55,0
2026-09-09T22:00,48,dmi,9,22,220,2.1,7.2,6,0.7,2.1,177,220,0.0,,64,0
2026-09-09T22:00,48,knmi,9,22,220,2.1,7.3,6,0.9,2.1,184,220,0.0,,58,0
2026-09-09T22:00,48,ecmwf,9,22,220,2.1,8.5,6,1.02,2.1,191,220,0.0,,69,0
2026-09-09T22:00,48,icon,9,22,220,2.1,8.7,6,1.63,2.1,133,220,0.0,,90,0
2026-09-09T22:00,48,ukmo,9,22,220,2.1,8.1,6,0.7,2.1,290,220,0.0,,100,0
2026-09-09T22:00,48,mfr,9,22,220,2.1,8.6,6,0.92,2.1,221,220,0.0,,28,0
2026-09-09T22:00,48,gfs,9,22,220,2.1,7.1,6,0.32,2.1,198,220,0.0,,100,0
2026-09-09T22:00,48,harmonie,9,22,220,2.1,7.0,6,1.0,2.1,22.5,220,,,30,0
2026-09-09T22:00,48,metno,9,22,220,2.1,8.8,6,1.1,2.1,199.4,220,0.0,,69.5,0
2026-09-09T22:00,48,jolly,9,22,220,2.1,11.8,6,1.41,2.1,199.3,220,0.0,,64,0
2026-09-09T22:00,24,dmi,9,22,220,2.1,7.8,6,0.4,2.1,293,220,0.0,,94,0
2026-09-09T22:00,24,knmi,9,22,220,2.1,7.8,6,0.3,2.1,111,220,0.0,,54,0
2026-09-09T22:00,24,ecmwf,9,22,220,2.1,8.7,6,0.95,2.1,198,220,0.0,,79,0
2026-09-09T22:00,24,icon,9,22,220,2.1,8.9,6,1.88,2.1,155,220,0.1,,100,0
2026-09-09T22:00,24,ukmo,9,22,220,2.1,10.6,6,2.7,2.1,177,220,0.0,,61,0
2026-09-09T22:00,24,mfr,9,22,220,2.1,8.3,6,1.5,2.1,184,220,0.0,,29,0
2026-09-09T22:00,24,gfs,9,22,220,2.1,7.6,6,1.25,2.1,209,220,0.0,,5,0
2026-09-09T22:00,24,harmonie,9,22,220,2.1,7.0,6,1.0,2.1,337.5,220,,,70,0
2026-09-09T22:00,24,metno,9,22,220,2.1,8.6,6,1.7,2.1,187.8,220,0.0,,95.3,0
2026-09-09T22:00,24,jolly,9,22,220,2.1,9.91,6,1.91,2.1,181.1,220,0.0,,60,0
2026-09-09T22:00,6,dmi,9,22,220,2.1,7.6,6,1.1,2.1,183,220,0.0,,1,0
2026-09-09T22:00,6,knmi,9,22,220,2.1,7.7,6,0.6,2.1,185,220,0.0,,100,0
2026-09-09T22:00,6,ecmwf,9,22,220,2.1,8.9,6,0.36,2.1,214,220,0.0,,100,0
2026-09-09T22:00,6,icon,9,22,220,2.1,8.5,6,2.19,2.1,137,220,0.0,,83,0
2026-09-09T22:00,6,ukmo,9,22,220,2.1,7.4,6,1.4,2.1,198,220,0.0,,73,0
2026-09-09T22:00,6,mfr,9,22,220,2.1,8.0,6,0.81,2.1,210,220,0.0,,100,0
2026-09-09T22:00,6,gfs,9,22,220,2.1,10.0,6,1.39,2.1,210,220,0.0,,86,0
2026-09-09T22:00,6,harmonie,9,22,220,2.1,7.0,6,1.0,2.1,292.5,220,,,95,0
2026-09-09T22:00,6,metno,9,22,220,2.1,8.9,6,0.7,2.1,177.7,220,0.0,,100.0,0
2026-09-09T22:00,6,jolly,9,22,220,2.1,7.49,6,1.81,2.1,186.3,220,0.0,,57,0
2026-09-09T22:00,3,dmi,9,22,220,2.1,7.0,6,0.5,2.1,209,220,0.0,,17,0
2026-09-09T22:00,3,knmi,9,22,220,2.1,7.4,6,1.1,2.1,137,220,0.0,,100,0
2026-09-09T22:00,3,ecmwf,9,22,220,2.1,8.9,6,0.36,2.1,214,220,0.0,,100,0
2026-09-09T22:00,3,icon,9,22,220,2.1,8.3,6,1.77,2.1,133,220,0.0,,85,0
2026-09-09T22:00,3,ukmo,9,22,220,2.1,7.4,6,1.4,2.1,198,220,0.0,,73,0
2026-09-09T22:00,3,mfr,9,22,220,2.1,8.0,6,0.81,2.1,210,220,0.0,,100,0
2026-09-09T22:00,3,gfs,9,22,220,2.1,10.2,6,1.26,2.1,198,220,0.0,,100,0
2026-09-09T22:00,3,harmonie,9,22,220,2.1,7.0,6,1.0,2.1,292.5,220,,,95,0
2026-09-09T22:00,3,metno,9,22,220,2.1,8.7,6,0.5,2.1,163.6,220,0.0,,99.2,0
2026-09-09T22:00,3,jolly,9,22,220,2.1,6.33,6,1.76,2.1,180.5,220,0.0,,61,0
2026-09-09T20:00,1,dmi,9,20,340,2.1,7.9,8,1.2,2.1,15,340,0.0,,100,0
2026-09-09T20:00,1,knmi,9,20,340,2.1,8.3,8,1.0,2.1,33,340,0.0,,100,0
2026-09-09T20:00,1,ecmwf,9,20,340,2.1,9.3,8,0.51,2.1,349,340,0.0,,81,0
2026-09-09T20:00,1,icon,9,20,340,2.1,9.3,8,1.21,2.1,114,340,0.0,,92,0
2026-09-09T20:00,1,ukmo,9,20,340,2.1,9.7,8,1.3,2.1,342,340,0.0,,92,0
2026-09-09T20:00,1,mfr,9,20,340,2.1,8.8,8,1.03,2.1,209,340,0.0,,53,0
2026-09-09T20:00,1,gfs,9,20,340,2.1,9.5,8,1.12,2.1,80,340,0.0,,100,0
2026-09-09T20:00,1,harmonie,9,20,340,2.1,8.0,8,1.0,2.1,0,340,,,95,0
2026-09-09T20:00,1,metno,9,20,340,2.1,9.1,8,0.5,2.1,176.2,340,0.0,,95.3,0
2026-09-09T20:00,1,jolly,9,20,340,2.1,7.76,8,2.45,2.1,63.8,340,0.0,,61,0
2026-09-10T01:00,48,dmi,9,1,250,1.5,7.5,7,1.1,1.5,322,250,0.2,,100,0
2026-09-10T01:00,48,knmi,9,1,250,1.5,7.7,7,1.5,1.5,314,250,0.1,,100,0
2026-09-10T01:00,48,ecmwf,9,1,250,1.5,8.4,7,1.43,1.5,168,250,0.0,,81,0
2026-09-10T01:00,48,icon,9,1,250,1.5,9.3,7,2.51,1.5,151,250,0.0,,76,0
2026-09-10T01:00,48,ukmo,9,1,250,1.5,8.2,7,1.6,1.5,163,250,0.0,,92,0
2026-09-10T01:00,48,mfr,9,1,250,1.5,9.7,7,3.8,1.5,207,250,0.0,,34,0
2026-09-10T01:00,48,gfs,9,1,250,1.5,8.1,7,3.1,1.5,201,250,0.0,,100,0
2026-09-10T01:00,48,harmonie,9,1,250,1.5,7.0,7,1.0,1.5,270,250,,,90,0
2026-09-10T01:00,48,metno,9,1,250,1.5,8.4,7,1.9,1.5,173.9,250,0.4,,84.4,0
2026-09-10T01:00,48,jolly,9,1,250,1.5,12.11,7,2.33,1.5,202.8,250,0.06,,79,0
2026-09-10T01:00,24,dmi,9,1,250,1.5,8.2,7,2.2,1.5,175,250,0.0,,100,0
2026-09-10T01:00,24,knmi,9,1,250,1.5,8.8,7,2.7,1.5,172,250,0.0,,79,0
2026-09-10T01:00,24,ecmwf,9,1,250,1.5,8.4,7,1.63,1.5,169,250,0.0,,68,0
2026-09-10T01:00,24,icon,9,1,250,1.5,9.2,7,2.44,1.5,145,250,0.3,,100,0
2026-09-10T01:00,24,ukmo,9,1,250,1.5,10.5,7,4.3,1.5,154,250,0.0,,91,0
2026-09-10T01:00,24,mfr,9,1,250,1.5,8.2,7,2.79,1.5,201,250,0.0,,11,0
2026-09-10T01:00,24,gfs,9,1,250,1.5,7.7,7,3.7,1.5,199,250,0.0,,5,0
2026-09-10T01:00,24,harmonie,9,1,250,1.5,8.0,7,2.0,1.5,202.5,250,,,95,0
2026-09-10T01:00,24,metno,9,1,250,1.5,10.0,7,2.6,1.5,164.2,250,0.0,,47.7,0
2026-09-10T01:00,24,jolly,9,1,250,1.5,10.36,7,3.2,1.5,182.3,250,0.01,,61,0
2026-09-10T01:00,6,dmi,9,1,250,1.5,8.1,7,2.1,1.5,197,250,0.3,,100,0
2026-09-10T01:00,6,knmi,9,1,250,1.5,9.0,7,2.0,1.5,204,250,0.3,,100,0
2026-09-10T01:00,6,ecmwf,9,1,250,1.5,9.2,7,1.2,1.5,180,250,0.2,,100,0
2026-09-10T01:00,6,icon,9,1,250,1.5,8.6,7,2.27,1.5,131,250,0.0,,100,0
2026-09-10T01:00,6,ukmo,9,1,250,1.5,8.1,7,1.9,1.5,150,250,0.0,,53,0
2026-09-10T01:00,6,mfr,9,1,250,1.5,8.6,7,2.79,1.5,201,250,0.0,,100,0
2026-09-10T01:00,6,gfs,9,1,250,1.5,8.9,7,3.63,1.5,172,250,0.0,,100,0
2026-09-10T01:00,6,harmonie,9,1,250,1.5,9.0,7,3.0,1.5,180,250,,,95,0
2026-09-10T01:00,6,metno,9,1,250,1.5,8.4,7,1.5,1.5,168.8,250,0.0,,100.0,0
2026-09-10T01:00,6,jolly,9,1,250,1.5,8.16,7,3.07,1.5,170.5,250,0.13,,62,0
2026-09-10T01:00,3,dmi,9,1,250,1.5,7.4,7,0.8,1.5,269,250,0.3,,97,0
2026-09-10T01:00,3,knmi,9,1,250,1.5,8.0,7,1.8,1.5,236,250,0.2,,91,0
2026-09-10T01:00,3,ecmwf,9,1,250,1.5,9.0,7,1.2,1.5,180,250,0.0,,100,0
2026-09-10T01:00,3,icon,9,1,250,1.5,8.0,7,2.12,1.5,135,250,0.0,,82,0
2026-09-10T01:00,3,ukmo,9,1,250,1.5,8.6,7,2.6,1.5,144,250,0.0,,97,0
2026-09-10T01:00,3,mfr,9,1,250,1.5,8.2,7,2.47,1.5,194,250,0.0,,82,0
2026-09-10T01:00,3,gfs,9,1,250,1.5,8.9,7,3.63,1.5,172,250,0.0,,100,0
2026-09-10T01:00,3,harmonie,9,1,250,1.5,7.0,7,1.0,1.5,225,250,,,90,0
2026-09-10T01:00,3,metno,9,1,250,1.5,8.4,7,1.5,1.5,168.8,250,0.0,,100.0,0
2026-09-10T01:00,3,jolly,9,1,250,1.5,6.28,7,2.62,1.5,185.8,250,0.1,,62,0
2026-09-09T23:00,12,dmi,9,23,141.0,0.5,7.6,5.7,1.1,0.5,229,141.0,0.0,,1,0
2026-09-09T23:00,12,knmi,9,23,141.0,0.5,7.8,5.7,1.0,0.5,145,141.0,0.0,,100,0
2026-09-09T23:00,12,ecmwf,9,23,141.0,0.5,9.0,5.7,0.91,0.5,186,141.0,0.1,,100,0
2026-09-09T23:00,12,icon,9,23,141.0,0.5,8.6,5.7,2.3,0.5,146,141.0,0.2,,83,0
2026-09-09T23:00,12,ukmo,9,23,141.0,0.5,8.5,5.7,2.1,0.5,163,141.0,0.0,,69,0
2026-09-09T23:00,12,mfr,9,23,141.0,0.5,8.2,5.7,0.22,0.5,243,141.0,0.0,,98,0
2026-09-09T23:00,12,gfs,9,23,141.0,0.5,8.9,5.7,2.9,0.5,182,141.0,0.0,,70,0
2026-09-09T23:00,12,harmonie,9,23,141.0,0.5,7.0,5.7,1.0,0.5,202.5,141.0,,,70,0
2026-09-09T23:00,12,metno,9,23,141.0,0.5,8.9,5.7,1.3,0.5,195.8,141.0,0.2,,97.7,0
2026-09-09T23:00,12,jolly,9,23,141.0,0.5,8.73,5.7,2.05,0.5,168.6,141.0,0.01,,64,0
2026-09-09T23:00,1,dmi,9,23,141.0,0.5,6.6,5.7,0.8,0.5,158,141.0,0.0,,100,0
2026-09-09T23:00,1,knmi,9,23,141.0,0.5,6.7,5.7,0.4,0.5,325,141.0,0.0,,100,0
2026-09-09T23:00,1,ecmwf,9,23,141.0,0.5,8.8,5.7,0.76,0.5,203,141.0,0.0,,81,0
2026-09-09T23:00,1,icon,9,23,141.0,0.5,7.8,5.7,1.56,0.5,140,141.0,0.0,,79,0
2026-09-09T23:00,1,ukmo,9,23,141.0,0.5,6.8,5.7,1.1,0.5,131,141.0,0.0,,97,0
2026-09-09T23:00,1,mfr,9,23,141.0,0.5,7.9,5.7,0.86,0.5,234,141.0,0.0,,91,0
2026-09-09T23:00,1,gfs,9,23,141.0,0.5,9.8,5.7,2.41,0.5,175,141.0,0.0,,100,0
2026-09-09T23:00,1,metno,9,23,141.0,0.5,8.9,5.7,1.0,0.5,166.9,141.0,0.0,,95.3,0
2026-09-09T23:00,1,jolly,9,23,141.0,0.5,6.78,5.7,1.89,0.5,186.4,141.0,0.0,,62,0
2026-09-10T05:00,48,dmi,9,5,,1.0,9.0,7,2.8,1.0,316,,0.7,,100,75
2026-09-10T05:00,48,knmi,9,5,,1.0,9.0,7,2.8,1.0,315,,0.7,,100,75
2026-09-10T05:00,48,ecmwf,9,5,,1.0,9.3,7,0.2,1.0,90,,0.0,,74,75
2026-09-10T05:00,48,icon,9,5,,1.0,9.4,7,3.08,1.0,144,,0.0,,75,75
2026-09-10T05:00,48,ukmo,9,5,,1.0,10.0,7,2.7,1.0,118,,0.0,,99,75
2026-09-10T05:00,48,mfr,9,5,,1.0,7.9,7,0.22,1.0,243,,0.1,,55,75
2026-09-10T05:00,48,gfs,9,5,,1.0,9.8,7,2.27,1.0,139,,0.0,,100,75
2026-09-10T05:00,48,harmonie,9,5,,1.0,9.0,7,2.0,1.0,270,,,,95,75
2026-09-10T05:00,48,metno,9,5,,1.0,9.4,7,1.5,1.0,69.5,,0.0,,85.9,75
2026-09-10T05:00,48,jolly,9,5,,1.0,13.13,7,2.39,1.0,130.7,,0.29,,81,75
2026-09-10T05:00,24,dmi,9,5,,1.0,9.5,7,2.0,1.0,218,,0.0,,100,75
2026-09-10T05:00,24,knmi,9,5,,1.0,9.5,7,2.0,1.0,217,,0.0,,100,75
2026-09-10T05:00,24,ecmwf,9,5,,1.0,9.1,7,0.71,1.0,135,,0.2,,69,75
2026-09-10T05:00,24,icon,9,5,,1.0,9.0,7,1.89,1.0,148,,0.0,,78,75
2026-09-10T05:00,24,ukmo,9,5,,1.0,10.7,7,2.7,1.0,134,,0.0,,100,75
2026-09-10T05:00,24,mfr,9,5,,1.0,8.0,7,0.5,1.0,217,,0.0,,72,75
2026-09-10T05:00,24,gfs,9,5,,1.0,9.2,7,3.07,1.0,161,,0.0,,98,75
2026-09-10T05:00,24,harmonie,9,5,,1.0,10.0,7,3.0,1.0,180,,,,95,75
2026-09-10T05:00,24,metno,9,5,,1.0,9.5,7,1.9,1.0,141.1,,0.3,,100.0,75
2026-09-10T05:00,24,jolly,9,5,,1.0,10.52,7,2.48,1.0,181.2,,0.01,,77,75
2026-09-10T04:00,12,dmi,9,4,22.0,2.1,10.2,7.0,4.8,2.1,162,22.0,0.0,,1,75
2026-09-10T04:00,12,knmi,9,4,22.0,2.1,9.8,7.0,3.0,2.1,207,22.0,0.0,,100,75
2026-09-10T04:00,12,ecmwf,9,4,22.0,2.1,9.6,7.0,1.97,2.1,156,22.0,0.3,,100,75
2026-09-10T04:00,12,icon,9,4,22.0,2.1,9.1,7.0,2.24,2.1,153,22.0,0.2,,95,75
2026-09-10T04:00,12,ukmo,9,4,22.0,2.1,9.8,7.0,2.8,2.1,145,22.0,0.0,,100,75
2026-09-10T04:00,12,mfr,9,4,22.0,2.1,8.9,7.0,1.61,2.1,210,22.0,0.0,,93,75
2026-09-10T04:00,12,gfs,9,4,22.0,2.1,9.5,7.0,3.26,2.1,162,22.0,0.0,,100,75
2026-09-10T04:00,12,harmonie,9,4,22.0,2.1,8.0,7.0,2.0,2.1,225,22.0,,,95,75
2026-09-10T04:00,12,metno,9,4,22.0,2.1,9.7,7.0,3.7,2.1,164.5,22.0,0.3,,100.0,75
2026-09-10T04:00,12,jolly,9,4,22.0,2.1,9.35,7.0,3.64,2.1,162.3,22.0,0.02,,67,75
2026-09-10T04:00,6,dmi,9,4,22.0,2.1,9.7,7.0,3.3,2.1,190,22.0,0.1,,100,75
2026-09-10T04:00,6,knmi,9,4,22.0,2.1,9.4,7.0,2.1,2.1,170,22.0,0.1,,100,75
2026-09-10T04:00,6,ecmwf,9,4,22.0,2.1,9.2,7.0,1.08,2.1,158,22.0,0.2,,100,75
2026-09-10T04:00,6,icon,9,4,22.0,2.1,8.8,7.0,1.66,2.1,147,22.0,0.6,,100,75
2026-09-10T04:00,6,ukmo,9,4,22.0,2.1,10.2,7.0,3.4,2.1,146,22.0,0.0,,100,75
2026-09-10T04:00,6,mfr,9,4,22.0,2.1,8.6,7.0,2.28,2.1,203,22.0,0.0,,100,75
2026-09-10T04:00,6,gfs,9,4,22.0,2.1,9.8,7.0,3.31,2.1,155,22.0,0.0,,100,75
2026-09-10T04:00,6,harmonie,9,4,22.0,2.1,8.0,7.0,2.0,2.1,180,22.0,,,90,75
2026-09-10T04:00,6,metno,9,4,22.0,2.1,9.4,7.0,1.8,2.1,153.7,22.0,0.2,,99.2,75
2026-09-10T04:00,6,jolly,9,4,22.0,2.1,8.47,7.0,3.17,2.1,164.8,22.0,0.07,,67,75
2026-09-10T04:00,3,dmi,9,4,22.0,2.1,10.1,7.0,4.3,2.1,183,22.0,0.0,,100,75
2026-09-10T04:00,3,knmi,9,4,22.0,2.1,8.9,7.0,1.4,2.1,191,22.0,0.0,,100,75
2026-09-10T04:00,3,ecmwf,9,4,22.0,2.1,9.2,7.0,1.08,2.1,158,22.0,0.2,,100,75
2026-09-10T04:00,3,icon,9,4,22.0,2.1,9.1,7.0,2.06,2.1,151,22.0,0.2,,100,75
2026-09-10T04:00,3,ukmo,9,4,22.0,2.1,10.2,7.0,3.4,2.1,146,22.0,0.0,,100,75
2026-09-10T04:00,3,mfr,9,4,22.0,2.1,8.6,7.0,2.28,2.1,203,22.0,0.0,,100,75
2026-09-10T04:00,3,gfs,9,4,22.0,2.1,9.8,7.0,2.86,2.1,144,22.0,0.0,,100,75
2026-09-10T04:00,3,harmonie,9,4,22.0,2.1,8.0,7.0,3.0,2.1,180,22.0,,,90,75
2026-09-10T04:00,3,metno,9,4,22.0,2.1,9.4,7.0,1.8,2.1,153.7,22.0,0.2,,99.2,75
2026-09-10T04:00,3,jolly,9,4,22.0,2.1,7.52,7.0,3.3,2.1,179.2,22.0,0.02,,67,75
2026-09-10T02:00,1,dmi,9,2,,0.5,7.9,6,1.2,0.5,225,,0.2,,95,0
2026-09-10T02:00,1,knmi,9,2,,0.5,7.2,6,0.7,0.5,305,,0.3,,100,0
2026-09-10T02:00,1,ecmwf,9,2,,0.5,9.1,6,1.4,0.5,176,,0.0,,100,0
2026-09-10T02:00,1,icon,9,2,,0.5,8.5,6,1.91,0.5,137,,0.1,,97,0
2026-09-10T02:00,1,ukmo,9,2,,0.5,9.7,6,2.2,0.5,153,,0.0,,83,0
2026-09-10T02:00,1,mfr,9,2,,0.5,8.3,6,1.53,0.5,191,,0.1,,93,0
2026-09-10T02:00,1,gfs,9,2,,0.5,9.6,6,3.79,0.5,168,,0.0,,100,0
2026-09-10T02:00,1,harmonie,9,2,,0.5,7.0,6,2.0,0.5,157.5,,,,90,0
2026-09-10T02:00,1,metno,9,2,,0.5,9.2,6,2.0,0.5,177.9,,0.0,,100.0,0
2026-09-10T02:00,1,jolly,9,2,,0.5,7.15,6,2.59,0.5,182.9,,0.11,,65,0
2026-09-10T11:00,48,dmi,9,11,20,2.1,9.6,10,2.7,2.1,346,20,0.2,,100,75
2026-09-10T11:00,48,knmi,9,11,20,2.1,11.0,10,1.7,2.1,281,20,0.7,,100,75
2026-09-10T11:00,48,ecmwf,9,11,20,2.1,11.9,10,0.67,2.1,153,20,0.1,,100,75
2026-09-10T11:00,48,icon,9,11,20,2.1,12.0,10,1.56,2.1,140,20,0.1,,100,75
2026-09-10T11:00,48,ukmo,9,11,20,2.1,11.9,10,0.1,2.1,139,20,0.0,,100,75
2026-09-10T11:00,48,mfr,9,11,20,2.1,10.7,10,1.7,2.1,320,20,0.0,,33,75
2026-09-10T11:00,48,gfs,9,11,20,2.1,10.0,10,1.6,2.1,94,20,0.1,,100,75
2026-09-10T11:00,48,harmonie,9,11,20,2.1,9.0,10,3.0,2.1,337.5,20,,,90,75
2026-09-10T11:00,48,metno,9,11,20,2.1,11.5,10,1.8,2.1,165.1,20,0.0,,88.3,75
2026-09-10T11:00,48,jolly,9,11,20,2.1,14.78,10,2.06,2.1,112.2,20,0.19,,84,75
2026-09-10T11:00,24,dmi,9,11,20,2.1,11.1,10,3.1,2.1,154,20,0.1,,1,75
2026-09-10T11:00,24,knmi,9,11,20,2.1,11.3,10,4.7,2.1,147,20,0.0,,100,75
2026-09-10T11:00,24,ecmwf,9,11,20,2.1,11.0,10,2.0,2.1,37,20,0.2,,70,75
2026-09-10T11:00,24,icon,9,11,20,2.1,10.9,10,2.13,2.1,139,20,0.3,,100,75
2026-09-10T11:00,24,ukmo,9,11,20,2.1,12.2,10,2.8,2.1,118,20,0.0,,100,75
2026-09-10T11:00,24,mfr,9,11,20,2.1,10.7,10,1.39,2.1,339,20,0.0,,43,75
2026-09-10T11:00,24,gfs,9,11,20,2.1,9.6,10,1.41,2.1,98,20,1.4,,100,75
2026-09-10T11:00,24,harmonie,9,11,20,2.1,13.0,10,2.0,2.1,202.5,20,,,95,75
2026-09-10T11:00,24,metno,9,11,20,2.1,10.9,10,3.0,2.1,30.6,20,0.3,,100.0,75
2026-09-10T11:00,24,jolly,9,11,20,2.1,12.51,10,2.72,2.1,134.1,20,0.12,,71,75
2026-09-10T11:00,6,dmi,9,11,20,2.1,10.9,10,3.9,2.1,140,20,0.1,,100,75
2026-09-10T11:00,6,knmi,9,11,20,2.1,10.9,10,3.9,2.1,139,20,0.1,,100,75
2026-09-10T11:00,6,ecmwf,9,11,20,2.1,10.9,10,1.7,2.1,50,20,0.2,,75,75
2026-09-10T11:00,6,icon,9,11,20,2.1,11.4,10,1.97,2.1,120,20,0.0,,100,75
2026-09-10T11:00,6,ukmo,9,11,20,2.1,11.7,10,0.7,2.1,49,20,0.0,,100,75
2026-09-10T11:00,6,mfr,9,11,20,2.1,11.3,10,1.26,2.1,18,20,0.0,,94,75
2026-09-10T11:00,6,gfs,9,11,20,2.1,9.9,10,1.5,2.1,90,20,0.0,,100,75
2026-09-10T11:00,6,harmonie,9,11,20,2.1,12.0,10,1.0,2.1,292.5,20,,,95,75
2026-09-10T11:00,6,metno,9,11,20,2.1,10.8,10,2.5,2.1,27.8,20,0.2,,98.4,75
2026-09-10T11:00,6,jolly,9,11,20,2.1,9.92,10,2.13,2.1,80.1,20,0.05,,64,75
2026-09-10T07:00,12,dmi,9,7,10,2.6,9.1,7,0.8,2.6,276,10,0.3,,100,75
2026-09-10T07:00,12,knmi,9,7,10,2.6,8.4,7,1.7,2.6,321,10,0.5,,100,75
2026-09-10T07:00,12,ecmwf,9,7,10,2.6,9.5,7,0.86,2.6,126,10,0.3,,100,75
2026-09-10T07:00,12,icon,9,7,10,2.6,9.0,7,2.02,2.6,147,10,0.2,,100,75
2026-09-10T07:00,12,ukmo,9,7,10,2.6,10.4,7,2.9,2.6,127,10,0.2,,100,75
2026-09-10T07:00,12,mfr,9,7,10,2.6,8.9,7,0.61,2.6,189,10,0.1,,100,75
2026-09-10T07:00,12,gfs,9,7,10,2.6,9.5,7,1.98,2.6,131,10,0.3,,100,75
2026-09-10T07:00,12,harmonie,9,7,10,2.6,10.0,7,5.0,2.6,157.5,10,,,95,75
2026-09-10T07:00,12,metno,9,7,10,2.6,9.4,7,1.3,2.6,55.8,10,0.2,,99.2,75
2026-09-10T07:00,12,jolly,9,7,10,2.6,8.83,7,2.76,2.6,92.2,10,0.23,,74,75
2026-09-10T07:00,6,dmi,9,7,10,2.6,8.5,7,1.3,2.6,323,10,0.2,,100,75
2026-09-10T07:00,6,knmi,9,7,10,2.6,9.2,7,2.4,2.6,193,10,0.1,,100,75
2026-09-10T07:00,6,ecmwf,9,7,10,2.6,9.3,7,0.63,2.6,72,10,0.2,,100,75
2026-09-10T07:00,6,icon,9,7,10,2.6,9.4,7,2.22,2.6,144,10,0.0,,100,75
2026-09-10T07:00,6,ukmo,9,7,10,2.6,10.6,7,3.7,2.6,136,10,0.0,,100,75
2026-09-10T07:00,6,mfr,9,7,10,2.6,8.7,7,0.45,2.6,27,10,0.1,,69,75
2026-09-10T07:00,6,gfs,9,7,10,2.6,9.4,7,1.57,2.6,117,10,0.5,,100,75
2026-09-10T07:00,6,harmonie,9,7,10,2.6,8.0,7,1.0,2.6,315,10,,,90,75
2026-09-10T07:00,6,metno,9,7,10,2.6,9.4,7,1.3,2.6,55.8,10,0.2,,99.2,75
2026-09-10T07:00,6,jolly,9,7,10,2.6,8.2,7,1.62,2.6,88.0,10,0.11,,66,75
2026-09-10T10:00,12,dmi,9,10,11.0,2.9,11.0,9.1,5.3,2.9,135,11.0,0.2,,100,75
2026-09-10T10:00,12,knmi,9,10,11.0,2.9,11.1,9.1,4.4,2.9,137,11.0,0.1,,100,75
2026-09-10T10:00,12,ecmwf,9,10,11.0,2.9,10.2,9.1,1.06,2.9,49,11.0,0.1,,84,75
2026-09-10T10:00,12,icon,9,10,11.0,2.9,10.9,9.1,2.78,2.9,128,11.0,0.0,,90,75
2026-09-10T10:00,12,ukmo,9,10,11.0,2.9,11.8,9.1,2.7,2.9,124,11.0,0.0,,94,75
2026-09-10T10:00,12,mfr,9,10,11.0,2.9,10.2,9.1,2.61,2.9,356,11.0,0.0,,100,75
2026-09-10T10:00,12,gfs,9,10,11.0,2.9,10.0,9.1,1.6,2.9,94,11.0,0.0,,100,75
2026-09-10T10:00,12,harmonie,9,10,11.0,2.9,11.0,9.1,4.0,2.9,225,11.0,,,95,75
2026-09-10T10:00,12,metno,9,10,11.0,2.9,10.1,9.1,2.4,2.9,17.4,11.0,0.2,,99.2,75
2026-09-10T10:00,12,jolly,9,10,11.0,2.9,10.23,9.1,3.5,2.9,126.8,11.0,0.06,,72,75
2026-09-10T06:00,1,dmi,9,6,,0.5,8.9,9,1.0,0.5,274,,0.1,,100,100
2026-09-10T06:00,1,knmi,9,6,,0.5,8.9,9,0.9,0.5,273,,0.1,,100,100
2026-09-10T06:00,1,ecmwf,9,6,,0.5,9.3,9,0.45,0.5,63,,0.3,,100,100
2026-09-10T06:00,1,icon,9,6,,0.5,9.4,9,2.55,0.5,135,,0.0,,100,100
2026-09-10T06:00,1,ukmo,9,6,,0.5,10.6,9,3.8,0.5,138,,0.0,,100,100
2026-09-10T06:00,1,mfr,9,6,,0.5,8.9,9,0.41,0.5,104,,0.1,,74,100
2026-09-10T06:00,1,gfs,9,6,,0.5,9.3,9,1.53,0.5,101,,0.5,,100,100
2026-09-10T06:00,1,harmonie,9,6,,0.5,8.0,9,1.0,0.5,247.5,,,,95,100
2026-09-10T06:00,1,metno,9,6,,0.5,9.2,9,1.7,0.5,74.5,,0.0,,99.2,100
2026-09-10T06:00,1,jolly,9,6,,0.5,7.73,9,1.28,0.5,89.6,,0.1,,64,100
2026-09-10T08:00,3,dmi,9,8,360,3.6,9.0,7,1.7,3.6,294,360,0.2,,100,75
2026-09-10T08:00,3,knmi,9,8,360,3.6,9.0,7,1.7,3.6,293,360,0.2,,100,75
2026-09-10T08:00,3,ecmwf,9,8,360,3.6,9.9,7,0.67,3.6,63,360,0.3,,100,75
2026-09-10T08:00,3,icon,9,8,360,3.6,10.2,7,2.33,3.6,137,360,0.0,,89,75
2026-09-10T08:00,3,ukmo,9,8,360,3.6,10.5,7,3.2,3.6,130,360,0.0,,100,75
2026-09-10T08:00,3,mfr,9,8,360,3.6,9.2,7,0.32,3.6,72,360,0.0,,94,75
2026-09-10T08:00,3,gfs,9,8,360,3.6,9.3,7,1.32,3.6,99,360,0.4,,100,75
2026-09-10T08:00,3,harmonie,9,8,360,3.6,8.0,7,1.0,3.6,337.5,360,,,90,75
2026-09-10T08:00,3,metno,9,8,360,3.6,9.6,7,1.6,3.6,103.6,360,0.4,,100.0,75
2026-09-10T08:00,3,jolly,9,8,360,3.6,7.65,7,1.48,3.6,127.4,360,0.12,,66,75
2026-09-10T16:00,48,dmi,9,16,160,6.2,14.8,15,3.9,6.2,180,160,0.0,,7,44
2026-09-10T16:00,48,knmi,9,16,160,6.2,15.0,15,3.6,6.2,183,160,0.0,,3,44
2026-09-10T16:00,48,ecmwf,9,16,160,6.2,14.0,15,1.97,6.2,150,160,0.0,,64,44
2026-09-10T16:00,48,icon,9,16,160,6.2,14.4,15,3.94,6.2,153,160,0.0,,76,44
2026-09-10T16:00,48,ukmo,9,16,160,6.2,15.5,15,5.0,6.2,165,160,0.0,,17,44
2026-09-10T16:00,48,mfr,9,16,160,6.2,13.3,15,1.35,6.2,228,160,0.0,,18,44
2026-09-10T16:00,48,gfs,9,16,160,6.2,10.4,15,2.12,6.2,199,160,0.0,,100,44
2026-09-10T16:00,48,harmonie,9,16,160,6.2,14.0,15,3.0,6.2,225,160,,,95,44
2026-09-10T16:00,48,metno,9,16,160,6.2,14.3,15,3.6,6.2,154.7,160,0.0,,63.3,44
2026-09-10T16:00,48,jolly,9,16,160,6.2,18.0,15,3.76,6.2,180.6,160,0.0,,48,44
2026-09-10T16:00,24,dmi,9,16,160,6.2,15.2,15,4.5,6.2,176,160,0.0,,1,44
2026-09-10T16:00,24,knmi,9,16,160,6.2,14.7,15,4.9,6.2,170,160,0.0,,29,44
2026-09-10T16:00,24,ecmwf,9,16,160,6.2,12.8,15,1.0,6.2,143,160,0.0,,68,44
2026-09-10T16:00,24,icon,9,16,160,6.2,12.4,15,3.32,6.2,164,160,0.0,,83,44
2026-09-10T16:00,24,ukmo,9,16,160,6.2,13.5,15,1.1,6.2,121,160,0.0,,33,44
2026-09-10T16:00,24,mfr,9,16,160,6.2,12.0,15,0.63,6.2,252,160,0.1,,65,44
2026-09-10T16:00,24,gfs,9,16,160,6.2,10.1,15,1.22,6.2,171,160,0.0,,100,44
2026-09-10T16:00,24,harmonie,9,16,160,6.2,15.0,15,4.0,6.2,180,160,,,70,44
2026-09-10T16:00,24,metno,9,16,160,6.2,13.5,15,1.6,6.2,162.4,160,0.0,,73.4,44
2026-09-10T16:00,24,jolly,9,16,160,6.2,14.44,15,3.34,6.2,175.3,160,0.01,,55,44
2026-09-10T13:00,12,dmi,9,13,60,2.1,9.6,13,3.1,2.1,336,60,0.0,,100,75
2026-09-10T13:00,12,knmi,9,13,60,2.1,10.4,13,2.3,2.1,296,60,0.2,,100,75
2026-09-10T13:00,12,ecmwf,9,13,60,2.1,11.9,13,1.04,2.1,73,60,0.0,,70,75
2026-09-10T13:00,12,icon,9,13,60,2.1,11.7,13,2.34,2.1,130,60,0.0,,100,75
2026-09-10T13:00,12,ukmo,9,13,60,2.1,12.8,13,1.0,2.1,120,60,0.0,,98,75
2026-09-10T13:00,12,mfr,9,13,60,2.1,10.4,13,2.18,2.1,344,60,0.0,,81,75
2026-09-10T13:00,12,gfs,9,13,60,2.1,11.0,13,1.22,2.1,125,60,0.0,,100,75
2026-09-10T13:00,12,harmonie,9,13,60,2.1,12.0,13,1.0,2.1,90,60,,,90,75
2026-09-10T13:00,12,metno,9,13,60,2.1,12.4,13,2.2,2.1,38.2,60,0.0,,100.0,75
2026-09-10T13:00,12,jolly,9,13,60,2.1,10.19,13,2.06,2.1,38.3,60,0.04,,70,75
2026-09-10T12:00,1,dmi,9,12,10,1.5,11.1,12,1.7,1.5,160,10,0.0,,100,75
2026-09-10T12:00,1,knmi,9,12,10,1.5,11.5,12,4.2,1.5,148,10,0.0,,100,75
2026-09-10T12:00,1,ecmwf,9,12,10,1.5,12.0,12,1.7,1.5,45,10,0.4,,85,75
2026-09-10T12:00,1,icon,9,12,10,1.5,12.0,12,2.76,1.5,136,10,0.1,,100,75
2026-09-10T12:00,1,ukmo,9,12,10,1.5,13.0,12,1.9,1.5,132,10,0.0,,47,75
2026-09-10T12:00,1,mfr,9,12,10,1.5,11.7,12,1.33,1.5,347,10,0.0,,100,75
2026-09-10T12:00,1,gfs,9,12,10,1.5,10.0,12,1.12,1.5,117,10,0.0,,100,75
2026-09-10T12:00,1,harmonie,9,12,10,1.5,12.0,12,2.0,1.5,180,10,,,95,75
2026-09-10T12:00,1,metno,9,12,10,1.5,12.1,12,3.0,1.5,37.9,10,0.0,,98.4,75
2026-09-10T12:00,1,jolly,9,12,10,1.5,10.49,12,2.18,1.5,113.7,10,0.02,,60,75
2026-09-10T14:00,3,dmi,9,14,140,3.1,9.9,14,3.4,3.1,341,140,1.3,,100,75
2026-09-10T14:00,3,knmi,9,14,140,3.1,11.5,14,2.7,3.1,316,140,0.0,,100,75
2026-09-10T14:00,3,ecmwf,9,14,140,3.1,13.6,14,1.96,3.1,165,140,0.0,,69,75
2026-09-10T14:00,3,icon,9,14,140,3.1,11.8,14,3.22,3.1,144,140,0.0,,96,75
2026-09-10T14:00,3,ukmo,9,14,140,3.1,14.5,14,1.8,3.1,158,140,0.0,,63,75
2026-09-10T14:00,3,mfr,9,14,140,3.1,12.2,14,0.45,3.1,63,140,0.0,,43,75
2026-09-10T14:00,3,gfs,9,14,140,3.1,10.5,14,0.72,3.1,146,140,0.0,,100,75
2026-09-10T14:00,3,harmonie,9,14,140,3.1,12.0,14,2.0,3.1,337.5,140,,,95,75
2026-09-10T14:00,3,metno,9,14,140,3.1,14.0,14,2.6,3.1,184.8,140,0.0,,93.7,75
2026-09-10T14:00,3,jolly,9,14,140,3.1,10.38,14,2.19,3.1,132.6,140,0.27,,56,75
2026-09-10T19:00,48,dmi,9,19,190,3.1,13.5,14,4.5,3.1,169,190,0.0,,100,19
2026-09-10T19:00,48,knmi,9,19,190,3.1,13.7,14,4.7,3.1,168,190,0.0,,99,19
2026-09-10T19:00,48,ecmwf,9,19,190,3.1,12.9,14,2.69,3.1,165,190,0.1,,53,19
2026-09-10T19:00,48,icon,9,19,190,3.1,12.2,14,3.64,3.1,143,190,0.1,,83,19
2026-09-10T19:00,48,ukmo,9,19,190,3.1,13.7,14,3.8,3.1,158,190,0.0,,30,19
2026-09-10T19:00,48,mfr,9,19,190,3.1,12.2,14,1.84,3.1,193,190,0.0,,43,19
2026-09-10T19:00,48,gfs,9,19,190,3.1,10.7,14,2.73,3.1,172,190,0.0,,100,19
2026-09-10T19:00,48,harmonie,9,19,190,3.1,13.0,14,3.0,3.1,202.5,190,,,95,19
2026-09-10T19:00,48,metno,9,19,190,3.1,13.0,14,2.8,3.1,161.9,190,0.0,,71.1,19
2026-09-10T19:00,48,jolly,9,19,190,3.1,16.82,14,3.85,3.1,176.4,190,0.01,,70,19
2026-09-10T19:00,24,dmi,9,19,190,3.1,12.9,14,2.9,3.1,177,190,0.0,,44,19
2026-09-10T19:00,24,knmi,9,19,190,3.1,11.3,14,1.4,3.1,225,190,0.0,,100,19
2026-09-10T19:00,24,ecmwf,9,19,190,3.1,12.5,14,2.2,3.1,177,190,0.0,,77,19
2026-09-10T19:00,24,icon,9,19,190,3.1,11.9,14,2.9,3.1,134,190,0.0,,100,19
2026-09-10T19:00,24,ukmo,9,19,190,3.1,11.8,14,0.5,3.1,230,190,0.0,,56,19
2026-09-10T19:00,24,mfr,9,19,190,3.1,11.3,14,1.75,3.1,204,190,0.0,,57,19
2026-09-10T19:00,24,gfs,9,19,190,3.1,11.2,14,4.32,3.1,185,190,0.0,,100,19
2026-09-10T19:00,24,harmonie,9,19,190,3.1,13.0,14,3.0,3.1,180,190,,,95,19
2026-09-10T19:00,24,metno,9,19,190,3.1,13.1,14,3.9,3.1,175.5,190,0.0,,57.8,19
2026-09-10T19:00,24,jolly,9,19,190,3.1,12.65,14,3.22,3.1,195.1,190,0.0,,65,19
2026-09-10T19:00,3,dmi,9,19,190,3.1,13.7,14,3.8,3.1,186,190,0.0,,38,19
2026-09-10T19:00,3,knmi,9,19,190,3.1,13.0,14,3.5,3.1,179,190,0.0,,6,19
2026-09-10T19:00,3,ecmwf,9,19,190,3.1,13.5,14,3.16,3.1,169,190,0.0,,63,19
2026-09-10T19:00,3,icon,9,19,190,3.1,11.9,14,3.58,3.1,144,190,0.0,,81,19
2026-09-10T19:00,3,ukmo,9,19,190,3.1,13.5,14,2.5,3.1,177,190,0.0,,52,19
2026-09-10T19:00,3,mfr,9,19,190,3.1,12.9,14,4.14,3.1,200,190,0.0,,33,19
2026-09-10T19:00,3,gfs,9,19,190,3.1,11.6,14,4.41,3.1,184,190,0.0,,74,19
2026-09-10T19:00,3,harmonie,9,19,190,3.1,13.0,14,3.0,3.1,180,190,,,70,19
2026-09-10T19:00,3,metno,9,19,190,3.1,13.3,14,3.5,3.1,171.5,190,0.0,,18.7,19
2026-09-10T19:00,3,jolly,9,19,190,3.1,11.63,14,4.29,3.1,167.7,190,0.0,,41,19
2026-09-10T22:00,48,dmi,9,22,220,6.7,11.5,13,2.1,6.7,193,220,1.2,,100,75
2026-09-10T22:00,48,knmi,9,22,220,6.7,11.8,13,2.8,6.7,167,220,1.5,,100,75
2026-09-10T22:00,48,ecmwf,9,22,220,6.7,10.9,13,2.04,6.7,169,220,0.0,,44,75
2026-09-10T22:00,48,icon,9,22,220,6.7,11.1,13,3.02,6.7,146,220,0.0,,91,75
2026-09-10T22:00,48,ukmo,9,22,220,6.7,12.3,13,3.2,6.7,160,220,0.2,,87,75
2026-09-10T22:00,48,mfr,9,22,220,6.7,10.6,13,2.51,6.7,185,220,0.0,,34,75
2026-09-10T22:00,48,gfs,9,22,220,6.7,10.9,13,3.8,6.7,207,220,0.0,,100,75
2026-09-10T22:00,48,harmonie,9,22,220,6.7,11.0,13,3.0,6.7,180,220,,,70,75
2026-09-10T22:00,48,metno,9,22,220,6.7,11.5,13,3.0,6.7,172.6,220,0.0,,29.7,75
2026-09-10T22:00,48,jolly,9,22,220,6.7,14.71,13,3.28,6.7,188.2,220,0.56,,68,75
2026-09-10T22:00,24,dmi,9,22,220,6.7,11.7,13,4.4,6.7,170,220,0.0,,100,75
2026-09-10T22:00,24,knmi,9,22,220,6.7,11.9,13,3.7,6.7,187,220,0.0,,98,75
2026-09-10T22:00,24,ecmwf,9,22,220,6.7,11.0,13,2.75,6.7,170,220,0.1,,100,75
2026-09-10T22:00,24,icon,9,22,220,6.7,10.7,13,2.56,6.7,141,220,1.1,,100,75
2026-09-10T22:00,24,ukmo,9,22,220,6.7,12.1,13,3.0,6.7,157,220,0.0,,69,75
2026-09-10T22:00,24,mfr,9,22,220,6.7,10.5,13,3.89,6.7,198,220,0.0,,54,75
2026-09-10T22:00,24,gfs,9,22,220,6.7,11.0,13,4.2,6.7,192,220,0.0,,100,75
2026-09-10T22:00,24,harmonie,9,22,220,6.7,10.0,13,1.0,6.7,225,220,,,90,75
2026-09-10T22:00,24,metno,9,22,220,6.7,11.6,13,3.5,6.7,173.2,220,0.2,,100.0,75
2026-09-10T22:00,24,jolly,9,22,220,6.7,11.02,13,3.93,6.7,183.0,220,0.04,,77,75
2026-09-10T22:00,6,dmi,9,22,220,6.7,12.0,13,5.6,6.7,169,220,0.0,,51,75
2026-09-10T22:00,6,knmi,9,22,220,6.7,11.3,13,4.4,6.7,172,220,0.0,,91,75
2026-09-10T22:00,6,ecmwf,9,22,220,6.7,11.2,13,2.81,6.7,176,220,0.1,,100,75
2026-09-10T22:00,6,icon,9,22,220,6.7,11.2,13,3.62,6.7,152,220,0.3,,100,75
2026-09-10T22:00,6,ukmo,9,22,220,6.7,11.5,13,3.2,6.7,163,220,0.0,,88,75
2026-09-10T22:00,6,mfr,9,22,220,6.7,11.4,13,4.18,6.7,201,220,0.2,,100,75
2026-09-10T22:00,6,gfs,9,22,220,6.7,9.9,13,4.23,6.7,187,220,0.0,,36,75
2026-09-10T22:00,6,harmonie,9,22,220,6.7,10.0,13,2.0,6.7,157.5,220,,,90,75
2026-09-10T22:00,6,metno,9,22,220,6.7,11.4,13,3.7,6.7,169.8,220,0.0,,72.7,75
2026-09-10T22:00,6,jolly,9,22,220,6.7,9.65,13,4.54,6.7,157.3,220,0.04,,63,75
2026-09-10T22:00,3,dmi,9,22,220,6.7,12.3,13,4.3,6.7,176,220,0.0,,100,75
2026-09-10T22:00,3,knmi,9,22,220,6.7,11.5,13,4.7,6.7,170,220,0.0,,100,75
2026-09-10T22:00,3,ecmwf,9,22,220,6.7,11.2,13,2.81,6.7,176,220,0.1,,100,75
2026-09-10T22:00,3,icon,9,22,220,6.7,11.3,13,3.78,6.7,143,220,0.5,,100,75
2026-09-10T22:00,3,ukmo,9,22,220,6.7,11.5,13,3.2,6.7,163,220,0.0,,69,75
2026-09-10T22:00,3,mfr,9,22,220,6.7,11.4,13,4.18,6.7,201,220,0.2,,100,75
2026-09-10T22:00,3,gfs,9,22,220,6.7,11.1,13,3.7,6.7,180,220,0.0,,100,75
2026-09-10T22:00,3,harmonie,9,22,220,6.7,10.0,13,3.0,6.7,157.5,220,,,90,75
2026-09-10T22:00,3,metno,9,22,220,6.7,11.4,13,3.7,6.7,169.8,220,0.0,,72.7,75
2026-09-10T22:00,3,jolly,9,22,220,6.7,9.84,13,4.54,6.7,161.1,220,0.04,,63,75
2026-09-10T17:00,12,dmi,9,17,170,4.1,13.6,16,1.3,4.1,247,170,0.0,,94,44
2026-09-10T17:00,12,knmi,9,17,170,4.1,13.6,16,1.3,4.1,246,170,0.0,,94,44
2026-09-10T17:00,12,ecmwf,9,17,170,4.1,13.8,16,2.9,4.1,180,170,0.0,,25,44
2026-09-10T17:00,12,icon,9,17,170,4.1,12.8,16,2.42,4.1,150,170,0.0,,61,44
2026-09-10T17:00,12,ukmo,9,17,170,4.1,14.2,16,1.7,4.1,178,170,0.0,,67,44
2026-09-10T17:00,12,mfr,9,17,170,4.1,11.6,16,1.5,4.1,217,170,0.0,,39,44
2026-09-10T17:00,12,gfs,9,17,170,4.1,12.1,16,3.3,4.1,182,170,0.0,,58,44
2026-09-10T17:00,12,harmonie,9,17,170,4.1,13.0,16,1.0,4.1,315,170,,,70,44
2026-09-10T17:00,12,metno,9,17,170,4.1,14.0,16,4.1,4.1,189.4,170,0.0,,66.4,44
2026-09-10T17:00,12,jolly,9,17,170,4.1,11.49,16,2.72,4.1,156.7,170,0.0,,50,44
2026-09-10T17:00,6,dmi,9,17,170,4.1,14.2,16,1.5,4.1,226,170,0.0,,4,44
2026-09-10T17:00,6,knmi,9,17,170,4.1,15.0,16,3.1,4.1,183,170,0.0,,6,44
2026-09-10T17:00,6,ecmwf,9,17,170,4.1,14.2,16,3.31,4.1,175,170,0.0,,78,44
2026-09-10T17:00,6,icon,9,17,170,4.1,12.3,16,2.91,4.1,139,170,0.0,,65,44
2026-09-10T17:00,6,ukmo,9,17,170,4.1,14.6,16,2.1,4.1,160,170,0.0,,31,44
2026-09-10T17:00,6,mfr,9,17,170,4.1,12.8,16,1.86,4.1,216,170,0.0,,22,44
2026-09-10T17:00,6,gfs,9,17,170,4.1,12.1,16,3.3,4.1,182,170,0.0,,58,44
2026-09-10T17:00,6,harmonie,9,17,170,4.1,15.0,16,2.0,4.1,202.5,170,,,70,44
2026-09-10T17:00,6,metno,9,17,170,4.1,14.5,16,4.1,4.1,180.2,170,0.0,,25.0,44
2026-09-10T17:00,6,jolly,9,17,170,4.1,12.61,16,3.43,4.1,171.6,170,0.0,,39,44
2026-09-10T17:00,1,dmi,9,17,170,4.1,15.1,16,2.7,4.1,183,170,0.0,,6,44
2026-09-10T17:00,1,knmi,9,17,170,4.1,14.0,16,5.4,4.1,167,170,0.0,,83,44
2026-09-10T17:00,1,ecmwf,9,17,170,4.1,14.5,16,3.11,4.1,174,170,0.0,,29,44
2026-09-10T17:00,1,icon,9,17,170,4.1,12.5,16,2.56,4.1,159,170,0.0,,59,44
2026-09-10T17:00,1,ukmo,9,17,170,4.1,15.2,16,2.3,4.1,188,170,0.0,,39,44
2026-09-10T17:00,1,mfr,9,17,170,4.1,13.3,16,2.14,4.1,217,170,0.0,,23,44
2026-09-10T17:00,1,gfs,9,17,170,4.1,11.7,16,3.31,4.1,177,170,0.0,,85,44
2026-09-10T17:00,1,harmonie,9,17,170,4.1,15.0,16,2.0,4.1,180,170,,,70,44
2026-09-10T17:00,1,metno,9,17,170,4.1,14.8,16,4.4,4.1,183.6,170,0.0,,38.3,44
2026-09-10T17:00,1,jolly,9,17,170,4.1,13.23,16,4.0,4.1,167.5,170,0.0,,41,44
2026-09-10T20:00,1,dmi,9,20,200,3.1,12.1,13,3.6,3.1,177,200,0.0,,86,75
2026-09-10T20:00,1,knmi,9,20,200,3.1,12.4,13,3.2,3.1,170,200,0.0,,34,75
2026-09-10T20:00,1,ecmwf,9,20,200,3.1,12.5,13,3.04,3.1,171,200,0.0,,85,75
2026-09-10T20:00,1,icon,9,20,200,3.1,11.5,13,3.97,3.1,146,200,0.0,,96,75
2026-09-10T20:00,1,ukmo,9,20,200,3.1,12.2,13,2.7,3.1,167,200,0.0,,64,75
2026-09-10T20:00,1,mfr,9,20,200,3.1,12.3,13,5.04,3.1,194,200,0.0,,73,75
2026-09-10T20:00,1,gfs,9,20,200,3.1,11.2,13,3.4,3.1,178,200,0.0,,70,75
2026-09-10T20:00,1,harmonie,9,20,200,3.1,11.0,13,2.0,3.1,202.5,200,,,70,75
2026-09-10T20:00,1,metno,9,20,200,3.1,12.4,13,3.8,3.1,170.9,200,0.0,,59.4,75
2026-09-10T20:00,1,jolly,9,20,200,3.1,10.97,13,4.25,3.1,162.0,200,0.0,,49,75
2026-09-11T01:00,48,dmi,9,1,200,4.1,10.3,10,3.4,4.1,191,200,0.0,,99,75
2026-09-11T01:00,48,knmi,9,1,200,4.1,10.6,10,4.1,4.1,195,200,0.0,,100,75
2026-09-11T01:00,48,ecmwf,9,1,200,4.1,10.4,10,3.22,4.1,173,200,0.0,,74,75
2026-09-11T01:00,48,icon,9,1,200,4.1,10.4,10,4.31,4.1,158,200,0.0,,82,75
2026-09-11T01:00,48,ukmo,9,1,200,4.1,11.8,10,3.0,4.1,184,200,0.0,,70,75
2026-09-11T01:00,48,mfr,9,1,200,4.1,11.1,10,4.29,4.1,208,200,0.0,,92,75
2026-09-11T01:00,48,gfs,9,1,200,4.1,9.6,10,5.26,4.1,201,200,0.0,,100,75
2026-09-11T01:00,48,harmonie,9,1,200,4.1,10.0,10,4.0,4.1,180,200,,,95,75
2026-09-11T01:00,48,metno,9,1,200,4.1,10.3,10,4.8,4.1,183.5,200,0.0,,96.9,75
2026-09-11T01:00,48,jolly,9,1,200,4.1,13.31,10,4.65,4.1,197.7,200,0.0,,84,75
2026-09-11T01:00,24,dmi,9,1,200,4.1,9.8,10,2.9,4.1,191,200,0.0,,100,75
2026-09-11T01:00,24,knmi,9,1,200,4.1,9.3,10,3.4,4.1,183,200,0.0,,91,75
2026-09-11T01:00,24,ecmwf,9,1,200,4.1,10.0,10,2.81,4.1,176,200,0.0,,100,75
2026-09-11T01:00,24,icon,9,1,200,4.1,10.3,10,3.16,4.1,198,200,0.2,,100,75
2026-09-11T01:00,24,ukmo,9,1,200,4.1,10.7,10,2.9,4.1,230,200,0.2,,100,75
2026-09-11T01:00,24,mfr,9,1,200,4.1,10.2,10,4.11,4.1,198,200,0.0,,85,75
2026-09-11T01:00,24,gfs,9,1,200,4.1,10.4,10,3.94,4.1,204,200,0.0,,100,75
2026-09-11T01:00,24,harmonie,9,1,200,4.1,9.0,10,3.0,4.1,202.5,200,,,95,75
2026-09-11T01:00,24,metno,9,1,200,4.1,9.9,10,3.6,4.1,174.2,200,0.0,,61.7,75
2026-09-11T01:00,24,jolly,9,1,200,4.1,9.11,10,3.83,4.1,213.1,200,0.03,,78,75
2026-09-11T01:00,6,dmi,9,1,200,4.1,10.0,10,3.0,4.1,161,200,0.0,,100,75
2026-09-11T01:00,6,knmi,9,1,200,4.1,10.5,10,2.7,4.1,180,200,0.0,,100,75
2026-09-11T01:00,6,ecmwf,9,1,200,4.1,10.2,10,2.34,4.1,200,200,0.0,,96,75
2026-09-11T01:00,6,icon,9,1,200,4.1,10.5,10,4.05,4.1,200,200,0.1,,100,75
2026-09-11T01:00,6,ukmo,9,1,200,4.1,10.5,10,2.8,4.1,223,200,0.7,,100,75
2026-09-11T01:00,6,mfr,9,1,200,4.1,10.8,10,3.71,4.1,207,200,0.0,,100,75
2026-09-11T01:00,6,gfs,9,1,200,4.1,10.7,10,5.42,4.1,218,200,0.1,,100,75
2026-09-11T01:00,6,harmonie,9,1,200,4.1,10.0,10,4.0,4.1,180,200,,,95,75
2026-09-11T01:00,6,metno,9,1,200,4.1,10.4,10,4.0,4.1,193.6,200,0.0,,87.5,75
2026-09-11T01:00,6,jolly,9,1,200,4.1,8.93,10,4.26,4.1,182.4,200,0.09,,63,75
2026-09-11T01:00,3,dmi,9,1,200,4.1,10.5,10,3.2,4.1,172,200,0.0,,100,75
2026-09-11T01:00,3,knmi,9,1,200,4.1,10.3,10,3.0,4.1,166,200,0.0,,100,75
2026-09-11T01:00,3,ecmwf,9,1,200,4.1,10.2,10,2.96,4.1,192,200,0.0,,100,75
2026-09-11T01:00,3,icon,9,1,200,4.1,10.3,10,4.22,4.1,194,200,0.0,,100,75
2026-09-11T01:00,3,ukmo,9,1,200,4.1,10.3,10,3.0,4.1,213,200,0.2,,94,75
2026-09-11T01:00,3,mfr,9,1,200,4.1,10.9,10,4.34,4.1,209,200,0.0,,100,75
2026-09-11T01:00,3,gfs,9,1,200,4.1,10.7,10,5.42,4.1,218,200,0.1,,100,75
2026-09-11T01:00,3,harmonie,9,1,200,4.1,10.0,10,3.0,4.1,180,200,,,95,75
2026-09-11T01:00,3,metno,9,1,200,4.1,10.4,10,4.0,4.1,193.6,200,0.0,,87.5,75
2026-09-11T01:00,3,jolly,9,1,200,4.1,9.49,10,4.41,4.1,189.9,200,0.03,,63,75
2026-09-10T23:00,12,dmi,9,23,200,6.2,11.2,12,2.5,6.2,179,200,0.1,,100,75
2026-09-10T23:00,12,knmi,9,23,200,6.2,11.0,12,2.1,6.2,177,200,0.0,,100,75
2026-09-10T23:00,12,ecmwf,9,23,200,6.2,11.1,12,2.21,6.2,175,200,0.1,,74,75
2026-09-10T23:00,12,icon,9,23,200,6.2,10.8,12,3.42,6.2,142,200,0.3,,100,75
2026-09-10T23:00,12,ukmo,9,23,200,6.2,11.7,12,3.6,6.2,163,200,0.0,,100,75
2026-09-10T23:00,12,mfr,9,23,200,6.2,10.4,12,3.04,6.2,207,200,0.0,,73,75
2026-09-10T23:00,12,gfs,9,23,200,6.2,10.5,12,3.79,6.2,192,200,0.3,,100,75
2026-09-10T23:00,12,harmonie,9,23,200,6.2,10.0,12,2.0,6.2,180,200,,,95,75
2026-09-10T23:00,12,metno,9,23,200,6.2,10.9,12,2.9,6.2,167.4,200,0.3,,98.4,75
2026-09-10T23:00,12,jolly,9,23,200,6.2,8.49,12,3.36,6.2,145.7,200,0.05,,70,75
2026-09-10T23:00,1,dmi,9,23,200,6.2,11.3,12,2.3,6.2,183,200,0.0,,49,75
2026-09-10T23:00,1,knmi,9,23,200,6.2,11.1,12,2.5,6.2,197,200,0.2,,82,75
2026-09-10T23:00,1,ecmwf,9,23,200,6.2,11.2,12,3.4,6.2,178,200,0.1,,100,75
2026-09-10T23:00,1,icon,9,23,200,6.2,11.1,12,3.86,6.2,159,200,0.3,,100,75
2026-09-10T23:00,1,ukmo,9,23,200,6.2,11.9,12,3.1,6.2,173,200,0.0,,95,75
2026-09-10T23:00,1,mfr,9,23,200,6.2,10.8,12,3.09,6.2,209,200,0.0,,62,75
2026-09-10T23:00,1,gfs,9,23,200,6.2,11.0,12,3.71,6.2,185,200,0.0,,100,75
2026-09-10T23:00,1,metno,9,23,200,6.2,11.1,12,3.4,6.2,168.2,200,0.2,,97.7,75
2026-09-10T23:00,1,jolly,9,23,200,6.2,10.82,12,3.89,6.2,168.4,200,0.05,,60,75
2026-09-11T05:00,48,dmi,9,5,220,3.1,9.3,9,3.6,3.1,188,220,0.1,,100,100
2026-09-11T05:00,48,knmi,9,5,220,3.1,9.3,9,3.5,3.1,187,220,0.1,,100,100
2026-09-11T05:00,48,ecmwf,9,5,220,3.1,8.3,9,2.9,3.1,180,220,0.1,,60,100
2026-09-11T05:00,48,icon,9,5,220,3.1,9.1,9,4.52,3.1,215,220,0.0,,98,100
2026-09-11T05:00,48,ukmo,9,5,220,3.1,9.0,9,4.8,3.1,214,220,0.1,,100,100
2026-09-11T05:00,48,mfr,9,5,220,3.1,10.1,9,4.05,3.1,220,220,0.0,,100,100
2026-09-11T05:00,48,gfs,9,5,220,3.1,6.6,9,8.94,3.1,220,220,0.2,,100,100
2026-09-11T05:00,48,harmonie,9,5,220,3.1,9.0,9,3.0,3.1,202.5,220,,,95,100
2026-09-11T05:00,48,metno,9,5,220,3.1,8.4,9,4.2,3.1,175.6,220,0.0,,53.9,100
2026-09-11T05:00,48,jolly,9,5,220,3.1,11.03,9,4.72,3.1,208.3,220,0.07,,84,100
2026-09-11T05:00,24,dmi,9,5,220,3.1,8.8,9,2.7,3.1,170,220,0.0,,100,100
2026-09-11T05:00,24,knmi,9,5,220,3.1,8.8,9,2.7,3.1,169,220,0.0,,100,100
2026-09-11T05:00,24,ecmwf,9,5,220,3.1,8.0,9,2.41,3.1,222,220,0.0,,79,100
2026-09-11T05:00,24,icon,9,5,220,3.1,7.6,9,4.2,3.1,192,220,0.3,,100,100
2026-09-11T05:00,24,ukmo,9,5,220,3.1,8.1,9,3.6,3.1,248,220,0.6,,100,100
2026-09-11T05:00,24,mfr,9,5,220,3.1,8.5,9,3.86,3.1,197,220,0.1,,100,100
2026-09-11T05:00,24,gfs,9,5,220,3.1,8.7,9,6.94,3.1,227,220,0.4,,100,100
2026-09-11T05:00,24,harmonie,9,5,220,3.1,8.0,9,3.0,3.1,202.5,220,,,95,100
2026-09-11T05:00,24,metno,9,5,220,3.1,8.1,9,4.0,3.1,222.0,220,0.0,,89.8,100
2026-09-11T05:00,24,jolly,9,5,220,3.1,6.99,9,3.98,3.1,222.9,220,0.11,,80,100
2026-09-11T04:00,12,dmi,9,4,116.0,2.5,9.0,8.4,3.2,2.5,174,116.0,0.0,,100,100
2026-09-11T04:00,12,knmi,9,4,116.0,2.5,8.8,8.4,2.5,2.5,171,116.0,0.0,,100,100
2026-09-11T04:00,12,ecmwf,9,4,116.0,2.5,8.7,8.4,2.2,2.5,231,116.0,0.0,,74,100
2026-09-11T04:00,12,icon,9,4,116.0,2.5,7.9,8.4,4.2,2.5,192,116.0,0.0,,100,100
2026-09-11T04:00,12,ukmo,9,4,116.0,2.5,8.5,8.4,3.4,2.5,243,116.0,0.3,,100,100
2026-09-11T04:00,12,mfr,9,4,116.0,2.5,9.0,8.4,3.35,2.5,197,116.0,0.0,,100,100
2026-09-11T04:00,12,gfs,9,4,116.0,2.5,8.6,8.4,4.89,2.5,229,116.0,2.4,,100,100
2026-09-11T04:00,12,harmonie,9,4,116.0,2.5,8.0,8.4,2.0,2.5,202.5,116.0,,,30,100
2026-09-11T04:00,12,metno,9,4,116.0,2.5,8.9,8.4,4.5,2.5,214.8,116.0,0.0,,99.2,100
2026-09-11T04:00,12,jolly,9,4,116.0,2.5,6.58,8.4,3.85,2.5,185.5,116.0,0.18,,69,100
2026-09-11T04:00,6,dmi,9,4,116.0,2.5,8.5,8.4,3.3,2.5,191,116.0,0.0,,100,100
2026-09-11T04:00,6,knmi,9,4,116.0,2.5,9.3,8.4,3.3,2.5,210,116.0,0.0,,100,100
2026-09-11T04:00,6,ecmwf,9,4,116.0,2.5,8.0,8.4,1.98,2.5,229,116.0,0.0,,99,100
2026-09-11T04:00,6,icon,9,4,116.0,2.5,8.4,8.4,3.61,2.5,194,116.0,0.0,,100,100
2026-09-11T04:00,6,ukmo,9,4,116.0,2.5,8.9,8.4,2.7,2.5,246,116.0,0.0,,100,100
2026-09-11T04:00,6,mfr,9,4,116.0,2.5,9.3,8.4,2.91,2.5,196,116.0,0.1,,100,100
2026-09-11T04:00,6,gfs,9,4,116.0,2.5,9.7,8.4,3.22,2.5,234,116.0,0.3,,100,100
2026-09-11T04:00,6,harmonie,9,4,116.0,2.5,8.0,8.4,3.0,2.5,202.5,116.0,,,95,100
2026-09-11T04:00,6,metno,9,4,116.0,2.5,8.9,8.4,4.5,2.5,214.8,116.0,0.0,,99.2,100
2026-09-11T04:00,6,jolly,9,4,116.0,2.5,7.69,8.4,4.04,2.5,204.8,116.0,0.03,,64,100
2026-09-11T04:00,3,dmi,9,4,116.0,2.5,9.4,8.4,3.8,2.5,196,116.0,0.0,,100,100
2026-09-11T04:00,3,knmi,9,4,116.0,2.5,9.4,8.4,2.4,2.5,200,116.0,0.0,,100,100
2026-09-11T04:00,3,ecmwf,9,4,116.0,2.5,8.0,8.4,1.98,2.5,229,116.0,0.0,,99,100
2026-09-11T04:00,3,icon,9,4,116.0,2.5,8.4,8.4,4.3,2.5,192,116.0,0.0,,100,100
2026-09-11T04:00,3,ukmo,9,4,116.0,2.5,8.9,8.4,2.7,2.5,246,116.0,0.0,,100,100
2026-09-11T04:00,3,mfr,9,4,116.0,2.5,9.3,8.4,2.91,2.5,196,116.0,0.1,,100,100
2026-09-11T04:00,3,gfs,9,4,116.0,2.5,9.7,8.4,3.85,2.5,245,116.0,0.2,,100,100
2026-09-11T04:00,3,harmonie,9,4,116.0,2.5,8.0,8.4,4.0,2.5,225,116.0,,,70,100
2026-09-11T04:00,3,metno,9,4,116.0,2.5,8.4,8.4,3.8,2.5,213.3,116.0,0.0,,98.4,100
2026-09-11T04:00,3,jolly,9,4,116.0,2.5,8.03,8.4,4.12,2.5,215.0,116.0,0.02,,63,100
2026-09-11T02:00,1,dmi,9,2,220,3.6,10.0,10,2.9,3.6,175,220,0.0,,100,75
2026-09-11T02:00,1,knmi,9,2,220,3.6,10.3,10,2.5,3.6,148,220,0.0,,100,75
2026-09-11T02:00,1,ecmwf,9,2,220,3.6,9.3,10,2.33,3.6,205,220,0.0,,100,75
2026-09-11T02:00,1,icon,9,2,220,3.6,9.7,10,4.0,3.6,193,220,0.0,,100,75
2026-09-11T02:00,1,ukmo,9,2,220,3.6,9.7,10,3.3,3.6,236,220,0.0,,100,75
2026-09-11T02:00,1,mfr,9,2,220,3.6,10.6,10,3.84,3.6,219,220,0.0,,93,75
2026-09-11T02:00,1,gfs,9,2,220,3.6,10.6,10,4.38,3.6,215,220,0.0,,100,75
2026-09-11T02:00,1,harmonie,9,2,220,3.6,9.0,10,4.0,3.6,202.5,220,,,95,75
2026-09-11T02:00,1,metno,9,2,220,3.6,9.5,10,4.0,3.6,211.4,220,0.0,,65.6,75
2026-09-11T02:00,1,jolly,9,2,220,3.6,9.78,10,4.29,3.6,196.6,220,0.0,,62,75
2026-09-11T11:00,48,dmi,9,11,220,7.2,9.8,11,3.0,7.2,192,220,0.0,,1,19
2026-09-11T11:00,48,knmi,9,11,220,7.2,9.1,11,2.8,7.2,196,220,0.0,,100,19
2026-09-11T11:00,48,ecmwf,9,11,220,7.2,10.0,11,4.82,7.2,228,220,0.0,,73,19
2026-09-11T11:00,48,icon,9,11,220,7.2,8.9,11,6.8,7.2,229,220,0.0,,100,19
2026-09-11T11:00,48,ukmo,9,11,220,7.2,7.0,11,3.2,7.2,220,220,0.3,,100,19
2026-09-11T11:00,48,mfr,9,11,220,7.2,9.3,11,5.87,7.2,210,220,0.0,,0,19
2026-09-11T11:00,48,gfs,9,11,220,7.2,9.4,11,9.12,7.2,232,220,0.0,,100,19
2026-09-11T11:00,48,harmonie,9,11,220,7.2,12.0,11,5.0,7.2,225,220,,,30,19
2026-09-11T11:00,48,metno,9,11,220,7.2,10.2,11,5.2,7.2,224.7,220,0.0,,98.4,19
2026-09-11T11:00,48,jolly,9,11,220,7.2,11.19,11,5.35,7.2,216.3,220,0.03,,66,19
2026-09-11T11:00,24,dmi,9,11,220,7.2,11.0,11,4.7,7.2,205,220,0.0,,2,19
2026-09-11T11:00,24,knmi,9,11,220,7.2,11.2,11,5.1,7.2,217,220,0.0,,0,19
2026-09-11T11:00,24,ecmwf,9,11,220,7.2,10.5,11,4.84,7.2,210,220,0.0,,19,19
2026-09-11T11:00,24,icon,9,11,220,7.2,9.4,11,6.48,7.2,218,220,0.0,,0,19
2026-09-11T11:00,24,ukmo,9,11,220,7.2,9.9,11,5.8,7.2,233,220,0.0,,41,19
2026-09-11T11:00,24,mfr,9,11,220,7.2,9.2,11,4.61,7.2,207,220,0.0,,8,19
2026-09-11T11:00,24,gfs,9,11,220,7.2,9.8,11,9.69,7.2,224,220,0.0,,100,19
2026-09-11T11:00,24,harmonie,9,11,220,7.2,12.0,11,4.0,7.2,180,220,,,30,19
2026-09-11T11:00,24,metno,9,11,220,7.2,10.7,11,4.9,7.2,191.1,220,0.0,,3.9,19
2026-09-11T11:00,24,jolly,9,11,220,7.2,8.62,11,5.72,7.2,222.4,220,0.0,,27,19
2026-09-11T11:00,6,dmi,9,11,220,7.2,11.2,11,4.2,7.2,200,220,0.0,,0,19
2026-09-11T11:00,6,knmi,9,11,220,7.2,11.2,11,4.2,7.2,199,220,0.0,,0,19
2026-09-11T11:00,6,ecmwf,9,11,220,7.2,10.1,11,5.06,7.2,205,220,0.0,,16,19
2026-09-11T11:00,6,icon,9,11,220,7.2,9.8,11,6.38,7.2,229,220,0.0,,0,19
2026-09-11T11:00,6,ukmo,9,11,220,7.2,9.6,11,4.8,7.2,233,220,0.0,,0,19
2026-09-11T11:00,6,mfr,9,11,220,7.2,9.3,11,5.31,7.2,200,220,0.0,,0,19
2026-09-11T11:00,6,gfs,9,11,220,7.2,10.0,11,9.07,7.2,221,220,0.0,,0,19
2026-09-11T11:00,6,harmonie,9,11,220,7.2,11.0,11,5.0,7.2,202.5,220,,,30,19
2026-09-11T11:00,6,metno,9,11,220,7.2,10.2,11,5.7,7.2,198.2,220,0.0,,10.9,19
2026-09-11T11:00,6,jolly,9,11,220,7.2,9.75,11,6.17,7.2,189.7,220,0.0,,22,19
2026-09-11T07:00,12,dmi,9,7,210,6.7,8.5,8,2.9,6.7,203,210,0.0,,98,100
2026-09-11T07:00,12,knmi,9,7,210,6.7,8.3,8,3.4,6.7,207,210,0.0,,80,100
2026-09-11T07:00,12,ecmwf,9,7,210,6.7,7.8,8,2.33,6.7,211,210,0.0,,32,100
2026-09-11T07:00,12,icon,9,7,210,6.7,6.8,8,4.57,6.7,209,210,0.1,,55,100
2026-09-11T07:00,12,ukmo,9,7,210,6.7,7.3,8,3.8,6.7,237,210,0.0,,100,100
2026-09-11T07:00,12,mfr,9,7,210,6.7,8.1,8,3.26,6.7,191,210,0.1,,53,100
2026-09-11T07:00,12,gfs,9,7,210,6.7,7.0,8,7.71,6.7,247,210,0.6,,100,100
2026-09-11T07:00,12,harmonie,9,7,210,6.7,7.0,8,4.0,6.7,202.5,210,,,5,100
2026-09-11T07:00,12,metno,9,7,210,6.7,7.7,8,3.3,6.7,201.0,210,0.0,,51.6,100
2026-09-11T07:00,12,jolly,9,7,210,6.7,5.62,8,4.41,6.7,192.9,210,0.05,,52,100
2026-09-11T07:00,6,dmi,9,7,210,6.7,8.7,8,3.6,6.7,199,210,0.0,,99,100
2026-09-11T07:00,6,knmi,9,7,210,6.7,8.7,8,3.9,6.7,212,210,0.0,,100,100
2026-09-11T07:00,6,ecmwf,9,7,210,6.7,7.5,8,2.78,6.7,218,210,0.0,,57,100
2026-09-11T07:00,6,icon,9,7,210,6.7,7.0,8,4.72,6.7,201,210,0.0,,56,100
2026-09-11T07:00,6,ukmo,9,7,210,6.7,7.6,8,3.0,6.7,218,210,0.0,,100,100
2026-09-11T07:00,6,mfr,9,7,210,6.7,8.7,8,3.98,6.7,205,210,0.0,,53,100
2026-09-11T07:00,6,gfs,9,7,210,6.7,7.6,8,9.49,6.7,241,210,0.1,,100,100
2026-09-11T07:00,6,harmonie,9,7,210,6.7,7.0,8,5.0,6.7,202.5,210,,,70,100
2026-09-11T07:00,6,metno,9,7,210,6.7,7.7,8,3.8,6.7,210.4,210,0.0,,96.1,100
2026-09-11T07:00,6,jolly,9,7,210,6.7,7.02,8,5.18,6.7,206.2,210,0.01,,58,100
2026-09-11T10:00,12,dmi,9,10,206.0,6.4,9.2,10.7,3.5,6.4,199,206.0,0.0,,0,19
2026-09-11T10:00,12,knmi,9,10,206.0,6.4,9.3,10.7,3.7,6.4,193,206.0,0.0,,0,19
2026-09-11T10:00,12,ecmwf,9,10,206.0,6.4,9.5,10.7,4.65,6.4,205,206.0,0.0,,11,19
2026-09-11T10:00,12,icon,9,10,206.0,6.4,8.6,10.7,5.77,6.4,214,206.0,0.0,,0,19
2026-09-11T10:00,12,ukmo,9,10,206.0,6.4,8.8,10.7,4.4,6.4,235,206.0,0.0,,0,19
2026-09-11T10:00,12,mfr,9,10,206.0,6.4,8.4,10.7,5.42,6.4,203,206.0,0.0,,17,19
2026-09-11T10:00,12,gfs,9,10,206.0,6.4,8.3,10.7,6.39,6.4,230,206.0,0.2,,100,19
2026-09-11T10:00,12,harmonie,9,10,206.0,6.4,9.0,10.7,3.0,6.4,202.5,206.0,,,5,19
2026-09-11T10:00,12,metno,9,10,206.0,6.4,9.4,10.7,4.9,6.4,190.1,206.0,0.0,,4.7,19
2026-09-11T10:00,12,jolly,9,10,206.0,6.4,7.58,10.7,5.29,6.4,184.5,206.0,0.01,,23,19
2026-09-11T06:00,1,dmi,9,6,210,7.2,8.5,8,3.2,7.2,194,210,0.1,,100,100
2026-09-11T06:00,1,knmi,9,6,210,7.2,8.5,8,3.2,7.2,193,210,0.1,,100,100
2026-09-11T06:00,1,ecmwf,9,6,210,7.2,7.8,8,3.62,7.2,246,210,0.2,,80,100
2026-09-11T06:00,1,icon,9,6,210,7.2,7.4,8,4.83,7.2,204,210,0.7,,100,100
2026-09-11T06:00,1,ukmo,9,6,210,7.2,7.8,8,5.1,7.2,248,210,1.1,,100,100
2026-09-11T06:00,1,mfr,9,6,210,7.2,8.5,8,4.66,7.2,211,210,0.6,,99,100
2026-09-11T06:00,1,gfs,9,6,210,7.2,7.6,8,6.23,7.2,240,210,0.3,,100,100
2026-09-11T06:00,1,harmonie,9,6,210,7.2,8.0,8,4.0,7.2,180,210,,,95,100
2026-09-11T06:00,1,metno,9,6,210,7.2,7.8,8,4.4,7.2,238.5,210,0.0,,93.7,100
2026-09-11T06:00,1,jolly,9,6,210,7.2,8.1,8,5.1,7.2,219.1,210,0.29,,62,100
2026-09-11T08:00,3,dmi,9,8,,6.2,8.1,8,3.7,6.2,205,,0.0,,99,75
2026-09-11T08:00,3,knmi,9,8,,6.2,8.1,8,3.6,6.2,204,,0.0,,99,75
2026-09-11T08:00,3,ecmwf,9,8,,6.2,7.9,8,3.8,6.2,215,,0.0,,36,75
2026-09-11T08:00,3,icon,9,8,,6.2,7.2,8,4.6,6.2,214,,0.0,,39,75
2026-09-11T08:00,3,ukmo,9,8,,6.2,7.8,8,3.6,6.2,226,,0.0,,100,75
2026-09-11T08:00,3,mfr,9,8,,6.2,8.5,8,3.72,6.2,204,,0.1,,66,75
2026-09-11T08:00,3,gfs,9,8,,6.2,7.5,8,8.52,6.2,239,,0.0,,100,75
2026-09-11T08:00,3,harmonie,9,8,,6.2,8.0,8,4.0,6.2,202.5,,,,70,75
2026-09-11T08:00,3,metno,9,8,,6.2,7.6,8,4.7,6.2,204.6,,0.0,,100.0,75
2026-09-11T08:00,3,jolly,9,8,,6.2,7.25,8,5.13,6.2,197.4,,0.01,,54,75
2026-09-11T16:00,48,dmi,9,16,160,2.1,11.6,9,4.8,2.1,248,160,0.0,,0,75
2026-09-11T16:00,48,knmi,9,16,160,2.1,11.5,9,2.6,2.1,204,160,0.0,,100,75
2026-09-11T16:00,48,ecmwf,9,16,160,2.1,11.2,9,3.56,2.1,218,160,0.1,,3,75
2026-09-11T16:00,48,icon,9,16,160,2.1,10.0,9,7.34,2.1,250,160,0.0,,31,75
2026-09-11T16:00,48,ukmo,9,16,160,2.1,10.7,9,5.1,2.1,222,160,0.0,,77,75
2026-09-11T16:00,48,mfr,9,16,160,2.1,10.7,9,5.59,2.1,223,160,0.0,,3,75
2026-09-11T16:00,48,gfs,9,16,160,2.1,11.1,9,8.76,2.1,232,160,0.0,,66,75
2026-09-11T16:00,48,harmonie,9,16,160,2.1,13.0,9,5.0,2.1,225,160,,,30,75
2026-09-11T16:00,48,metno,9,16,160,2.1,11.5,9,4.8,2.1,218.6,160,0.1,,45.3,75
2026-09-11T16:00,48,jolly,9,16,160,2.1,12.36,9,5.78,2.1,225.5,160,0.0,,38,75
2026-09-11T16:00,24,dmi,9,16,160,2.1,9.1,9,4.6,2.1,188,160,0.0,,100,75
2026-09-11T16:00,24,knmi,9,16,160,2.1,8.3,9,4.1,2.1,173,160,0.1,,100,75
2026-09-11T16:00,24,ecmwf,9,16,160,2.1,10.3,9,4.03,2.1,187,160,0.2,,25,75
2026-09-11T16:00,24,icon,9,16,160,2.1,8.9,9,4.84,2.1,187,160,0.0,,85,75
2026-09-11T16:00,24,ukmo,9,16,160,2.1,8.4,9,3.2,2.1,162,160,0.4,,100,75
2026-09-11T16:00,24,mfr,9,16,160,2.1,10.1,9,2.85,2.1,252,160,0.1,,100,75
2026-09-11T16:00,24,gfs,9,16,160,2.1,10.5,9,8.93,2.1,248,160,0.2,,100,75
2026-09-11T16:00,24,harmonie,9,16,160,2.1,9.0,9,3.0,2.1,202.5,160,,,90,75
2026-09-11T16:00,24,metno,9,16,160,2.1,10.2,9,5.1,2.1,198.0,160,0.0,,29.7,75
2026-09-11T16:00,24,jolly,9,16,160,2.1,7.46,9,5.02,2.1,203.8,160,0.1,,68,75
2026-09-11T13:00,12,dmi,9,13,230,8.7,10.9,11,4.4,8.7,201,230,0.0,,100,19
2026-09-11T13:00,12,knmi,9,13,230,8.7,11.2,11,5.2,8.7,210,230,0.0,,100,19
2026-09-11T13:00,12,ecmwf,9,13,230,8.7,11.1,11,4.84,8.7,198,230,0.0,,72,19
2026-09-11T13:00,12,icon,9,13,230,8.7,10.7,11,5.85,8.7,197,230,0.0,,95,19
2026-09-11T13:00,12,ukmo,9,13,230,8.7,11.1,11,4.6,8.7,219,230,0.0,,80,19
2026-09-11T13:00,12,mfr,9,13,230,8.7,10.8,11,4.81,8.7,201,230,0.0,,80,19
2026-09-11T13:00,12,gfs,9,13,230,8.7,11.1,11,8.7,8.7,227,230,0.0,,5,19
2026-09-11T13:00,12,harmonie,9,13,230,8.7,12.0,11,6.0,8.7,202.5,230,,,95,19
2026-09-11T13:00,12,metno,9,13,230,8.7,11.6,11,5.2,8.7,194.7,230,0.0,,93.0,19
2026-09-11T13:00,12,jolly,9,13,230,8.7,10.4,11,6.41,8.7,194.3,230,0.0,,61,19
2026-09-11T12:00,1,dmi,9,12,220,8.7,11.5,12,6.4,8.7,207,220,0.0,,10,19
2026-09-11T12:00,1,knmi,9,12,220,8.7,11.8,12,4.8,8.7,210,220,0.0,,93,19
2026-09-11T12:00,1,ecmwf,9,12,220,8.7,10.9,12,5.1,8.7,206,220,0.0,,100,19
2026-09-11T12:00,1,icon,9,12,220,8.7,10.5,12,6.44,8.7,227,220,0.0,,24,19
2026-09-11T12:00,1,ukmo,9,12,220,8.7,10.7,12,5.4,8.7,221,220,0.0,,53,19
2026-09-11T12:00,1,mfr,9,12,220,8.7,10.4,12,5.59,8.7,207,220,0.0,,33,19
2026-09-11T12:00,1,gfs,9,12,220,8.7,10.8,12,7.48,8.7,218,220,0.0,,5,19
2026-09-11T12:00,1,harmonie,9,12,220,8.7,12.0,12,3.0,8.7,180,220,,,95,19
2026-09-11T12:00,1,metno,9,12,220,8.7,11.0,12,5.9,8.7,204.6,220,0.0,,83.6,19
2026-09-11T12:00,1,jolly,9,12,220,8.7,11.22,12,6.34,8.7,207.4,220,0.0,,45,19
2026-09-11T14:00,3,dmi,9,14,220,5.1,11.0,11,4.6,5.1,190,220,0.0,,100,0
2026-09-11T14:00,3,knmi,9,14,220,5.1,11.2,11,4.4,5.1,197,220,0.0,,100,0
2026-09-11T14:00,3,ecmwf,9,14,220,5.1,10.5,11,4.9,5.1,181,220,0.0,,95,0
2026-09-11T14:00,3,icon,9,14,220,5.1,10.9,11,5.47,5.1,198,220,0.0,,49,0
2026-09-11T14:00,3,ukmo,9,14,220,5.1,10.6,11,4.0,5.1,204,220,0.0,,100,0
2026-09-11T14:00,3,mfr,9,14,220,5.1,11.0,11,5.09,5.1,200,220,0.0,,100,0
2026-09-11T14:00,3,gfs,9,14,220,5.1,11.3,11,6.81,5.1,210,220,0.0,,100,0
2026-09-11T14:00,3,harmonie,9,14,220,5.1,12.0,11,5.0,5.1,180,220,,,95,0
2026-09-11T14:00,3,metno,9,14,220,5.1,10.7,11,5.9,5.1,182.3,220,0.0,,96.1,0
2026-09-11T14:00,3,jolly,9,14,220,5.1,10.75,11,5.89,5.1,178.9,220,0.0,,60,0
2026-09-11T19:00,48,dmi,9,19,270,6.7,9.7,9,3.4,6.7,218,270,0.0,,23,75
2026-09-11T19:00,48,knmi,9,19,270,6.7,9.5,9,2.9,6.7,228,270,0.0,,100,75
2026-09-11T19:00,48,ecmwf,9,19,270,6.7,9.2,9,1.84,6.7,229,270,0.0,,6,75
2026-09-11T19:00,48,icon,9,19,270,6.7,7.6,9,6.05,6.7,211,270,0.0,,11,75
2026-09-11T19:00,48,ukmo,9,19,270,6.7,8.6,9,4.5,6.7,234,270,0.0,,54,75
2026-09-11T19:00,48,mfr,9,19,270,6.7,9.5,9,5.73,6.7,224,270,0.0,,3,75
2026-09-11T19:00,48,gfs,9,19,270,6.7,8.1,9,6.81,6.7,230,270,0.0,,5,75
2026-09-11T19:00,48,harmonie,9,19,270,6.7,8.0,9,3.0,6.7,180,270,,,30,75
2026-09-11T19:00,48,metno,9,19,270,6.7,9.2,9,4.3,6.7,223.2,270,0.0,,1.6,75
2026-09-11T19:00,48,jolly,9,19,270,6.7,9.28,9,4.81,6.7,220.3,270,0.0,,28,75
2026-09-11T19:00,24,dmi,9,19,270,6.7,7.7,9,2.8,6.7,184,270,0.0,,0,75
2026-09-11T19:00,24,knmi,9,19,270,6.7,7.7,9,2.9,6.7,172,270,0.0,,0,75
2026-09-11T19:00,24,ecmwf,9,19,270,6.7,8.9,9,3.7,6.7,199,270,0.0,,9,75
2026-09-11T19:00,24,icon,9,19,270,6.7,7.2,9,5.59,6.7,223,270,0.1,,11,75
2026-09-11T19:00,24,ukmo,9,19,270,6.7,7.6,9,4.1,6.7,229,270,0.0,,13,75
2026-09-11T19:00,24,mfr,9,19,270,6.7,7.4,9,4.74,6.7,187,270,0.0,,80,75
2026-09-11T19:00,24,gfs,9,19,270,6.7,8.5,9,9.14,6.7,240,270,0.0,,82,75
2026-09-11T19:00,24,harmonie,9,19,270,6.7,7.0,9,4.0,6.7,180,270,,,5,75
2026-09-11T19:00,24,metno,9,19,270,6.7,9.2,9,4.4,6.7,229.7,270,0.0,,3.1,75
2026-09-11T19:00,24,jolly,9,19,270,6.7,5.98,9,4.99,6.7,212.8,270,0.0,,26,75
2026-09-11T19:00,3,dmi,9,19,270,6.7,7.7,9,1.8,6.7,180,270,0.2,,100,75
2026-09-11T19:00,3,knmi,9,19,270,6.7,8.8,9,7.4,6.7,216,270,0.0,,6,75
2026-09-11T19:00,3,ecmwf,9,19,270,6.7,7.5,9,4.52,6.7,198,270,0.0,,9,75
2026-09-11T19:00,3,icon,9,19,270,6.7,7.2,9,1.14,6.7,218,270,0.0,,61,75
2026-09-11T19:00,3,ukmo,9,19,270,6.7,6.6,9,3.7,6.7,245,270,0.3,,13,75
2026-09-11T19:00,3,mfr,9,19,270,6.7,9.0,9,5.22,6.7,250,270,0.1,,96,75
2026-09-11T19:00,3,gfs,9,19,270,6.7,6.9,9,6.57,6.7,206,270,0.0,,100,75
2026-09-11T19:00,3,harmonie,9,19,270,6.7,8.0,9,2.0,6.7,202.5,270,,,95,75
2026-09-11T19:00,3,metno,9,19,270,6.7,7.9,9,5.5,6.7,212.6,270,0.0,,17.2,75
2026-09-11T19:00,3,jolly,9,19,270,6.7,7.54,9,5.02,6.7,203.7,270,0.09,,41,75
2026-09-11T17:00,12,dmi,9,17,220,4.6,7.6,9,2.0,4.6,254,220,0.9,,100,44
2026-09-11T17:00,12,knmi,9,17,220,4.6,7.6,9,2.0,4.6,253,220,0.9,,100,44
2026-09-11T17:00,12,ecmwf,9,17,220,4.6,9.3,9,4.59,4.6,196,220,0.1,,56,44
2026-09-11T17:00,12,icon,9,17,220,4.6,7.8,9,1.2,4.6,85,220,0.8,,100,44
2026-09-11T17:00,12,ukmo,9,17,220,4.6,8.7,9,3.4,4.6,154,220,0.6,,73,44
2026-09-11T17:00,12,mfr,9,17,220,4.6,9.3,9,1.63,4.6,227,220,0.6,,17,44
2026-09-11T17:00,12,gfs,9,17,220,4.6,10.0,9,7.56,4.6,217,220,0.0,,10,44
2026-09-11T17:00,12,harmonie,9,17,220,4.6,9.0,9,5.0,4.6,180,220,,,70,44
2026-09-11T17:00,12,metno,9,17,220,4.6,9.1,9,5.2,4.6,186.9,220,0.0,,21.9,44
2026-09-11T17:00,12,jolly,9,17,220,4.6,8.4,9,4.43,4.6,176.7,220,0.53,,51,44
2026-09-11T17:00,6,dmi,9,17,220,4.6,8.6,9,3.0,4.6,232,220,0.1,,100,44
2026-09-11T17:00,6,knmi,9,17,220,4.6,8.4,9,1.8,4.6,154,220,0.2,,35,44
2026-09-11T17:00,6,ecmwf,9,17,220,4.6,8.6,9,4.34,4.6,195,220,0.3,,60,44
2026-09-11T17:00,6,icon,9,17,220,4.6,8.1,9,1.7,4.6,135,220,0.3,,81,44
2026-09-11T17:00,6,ukmo,9,17,220,4.6,7.7,9,2.4,4.6,209,220,0.6,,50,44
2026-09-11T17:00,6,mfr,9,17,220,4.6,9.8,9,3.7,4.6,199,220,0.0,,27,44
2026-09-11T17:00,6,gfs,9,17,220,4.6,10.0,9,7.56,4.6,217,220,0.0,,10,44
2026-09-11T17:00,6,harmonie,9,17,220,4.6,9.0,9,4.0,4.6,202.5,220,,,90,44
2026-09-11T17:00,6,metno,9,17,220,4.6,9.2,9,4.4,4.6,198.7,220,0.5,,86.7,44
2026-09-11T17:00,6,jolly,9,17,220,4.6,8.45,9,4.38,4.6,177.9,220,0.15,,48,44
2026-09-11T17:00,1,dmi,9,17,220,4.6,8.0,9,3.2,4.6,201,220,0.7,,100,44
2026-09-11T17:00,1,knmi,9,17,220,4.6,7.4,9,2.5,4.6,177,220,0.2,,98,44
2026-09-11T17:00,1,ecmwf,9,17,220,4.6,8.5,9,4.6,4.6,179,220,0.3,,49,44
2026-09-11T17:00,1,icon,9,17,220,4.6,8.7,9,4.18,4.6,169,220,0.0,,79,44
2026-09-11T17:00,1,ukmo,9,17,220,4.6,8.4,9,2.5,4.6,170,220,0.5,,73,44
2026-09-11T17:00,1,mfr,9,17,220,4.6,9.5,9,3.67,4.6,206,220,0.5,,91,44
2026-09-11T17:00,1,gfs,9,17,220,4.6,8.3,9,7.47,4.6,205,220,0.0,,100,44
2026-09-11T17:00,1,harmonie,9,17,220,4.6,9.0,9,3.0,4.6,202.5,220,,,90,44
2026-09-11T17:00,1,metno,9,17,220,4.6,8.6,9,5.3,4.6,201.6,220,0.0,,35.2,44
2026-09-11T17:00,1,jolly,9,17,220,4.6,8.58,9,4.9,4.6,190.9,220,0.32,,57,44
2026-09-11T22:00,48,dmi,9,22,200,7.2,6.2,6,4.0,7.2,196,200,0.0,,0,75
2026-09-11T22:00,48,knmi,9,22,200,7.2,6.0,6,3.5,7.2,190,200,0.0,,0,75
2026-09-11T22:00,48,ecmwf,9,22,200,7.2,6.6,6,3.4,7.2,208,200,0.0,,0,75
2026-09-11T22:00,48,icon,9,22,200,7.2,4.9,6,4.98,7.2,190,200,0.0,,0,75
2026-09-11T22:00,48,ukmo,9,22,200,7.2,6.7,6,3.8,7.2,218,200,0.0,,46,75
2026-09-11T22:00,48,mfr,9,22,200,7.2,7.5,6,6.62,7.2,205,200,0.0,,0,75
2026-09-11T22:00,48,gfs,9,22,200,7.2,5.6,6,6.72,7.2,217,200,0.0,,0,75
2026-09-11T22:00,48,harmonie,9,22,200,7.2,7.0,6,6.0,7.2,202.5,200,,,5,75
2026-09-11T22:00,48,metno,9,22,200,7.2,6.8,6,4.9,7.2,205.0,200,0.0,,0.0,75
2026-09-11T22:00,48,jolly,9,22,200,7.2,6.22,6,5.57,7.2,202.2,200,0.0,,8,75
2026-09-11T22:00,24,dmi,9,22,200,7.2,6.7,6,5.0,7.2,176,200,0.0,,1,75
2026-09-11T22:00,24,knmi,9,22,200,7.2,6.7,6,5.1,7.2,182,200,0.0,,0,75
2026-09-11T22:00,24,ecmwf,9,22,200,7.2,6.6,6,3.8,7.2,215,200,0.0,,0,75
2026-09-11T22:00,24,icon,9,22,200,7.2,4.8,6,5.49,7.2,190,200,0.0,,67,75
2026-09-11T22:00,24,ukmo,9,22,200,7.2,5.8,6,3.9,7.2,228,200,0.0,,13,75
2026-09-11T22:00,24,mfr,9,22,200,7.2,6.9,6,5.59,7.2,207,200,0.0,,0,75
2026-09-11T22:00,24,gfs,9,22,200,7.2,6.3,6,7.85,7.2,226,200,0.0,,5,75
2026-09-11T22:00,24,harmonie,9,22,200,7.2,6.0,6,5.0,7.2,202.5,200,,,30,75
2026-09-11T22:00,24,metno,9,22,200,7.2,6.4,6,4.0,7.2,198.4,200,0.0,,3.9,75
2026-09-11T22:00,24,jolly,9,22,200,7.2,4.73,6,5.83,7.2,212.9,200,0.0,,17,75
2026-09-11T22:00,6,dmi,9,22,200,7.2,6.5,6,5.2,7.2,183,200,0.0,,0,75
2026-09-11T22:00,6,knmi,9,22,200,7.2,7.0,6,4.2,7.2,190,200,0.0,,6,75
2026-09-11T22:00,6,ecmwf,9,22,200,7.2,6.5,6,4.69,7.2,220,200,0.0,,0,75
2026-09-11T22:00,6,icon,9,22,200,7.2,5.0,6,5.51,7.2,192,200,0.0,,16,75
2026-09-11T22:00,6,ukmo,9,22,200,7.2,6.0,6,4.9,7.2,223,200,0.0,,8,75
2026-09-11T22:00,6,mfr,9,22,200,7.2,8.0,6,5.59,7.2,204,200,0.1,,19,75
2026-09-11T22:00,6,gfs,9,22,200,7.2,6.4,6,8.27,7.2,225,200,0.0,,5,75
2026-09-11T22:00,6,harmonie,9,22,200,7.2,6.0,6,5.0,7.2,202.5,200,,,5,75
2026-09-11T22:00,6,metno,9,22,200,7.2,6.3,6,5.6,7.2,213.2,200,0.0,,6.2,75
2026-09-11T22:00,6,jolly,9,22,200,7.2,6.07,6,6.19,7.2,188.7,200,0.01,,22,75
2026-09-11T22:00,3,dmi,9,22,200,7.2,6.5,6,3.9,7.2,190,200,0.0,,0,75
2026-09-11T22:00,3,knmi,9,22,200,7.2,7.0,6,5.0,7.2,201,200,0.0,,0,75
2026-09-11T22:00,3,ecmwf,9,22,200,7.2,6.5,6,4.69,7.2,220,200,0.0,,0,75
2026-09-11T22:00,3,icon,9,22,200,7.2,5.1,6,5.18,7.2,190,200,0.0,,16,75
2026-09-11T22:00,3,ukmo,9,22,200,7.2,6.5,6,4.4,7.2,218,200,0.0,,11,75
2026-09-11T22:00,3,mfr,9,22,200,7.2,8.0,6,5.59,7.2,204,200,0.1,,19,75
2026-09-11T22:00,3,gfs,9,22,200,7.2,6.2,6,6.51,7.2,225,200,0.0,,10,75
2026-09-11T22:00,3,harmonie,9,22,200,7.2,6.0,6,5.0,7.2,202.5,200,,,5,75
2026-09-11T22:00,3,metno,9,22,200,7.2,6.7,6,5.2,7.2,212.7,200,0.0,,2.3,75
2026-09-11T22:00,3,jolly,9,22,200,7.2,6.84,6,5.88,7.2,208.3,200,0.01,,21,75
2026-09-11T20:00,1,dmi,9,20,250,5.7,6.9,9,4.8,5.7,204,250,0.0,,6,75
2026-09-11T20:00,1,knmi,9,20,250,5.7,8.1,9,4.1,5.7,209,250,0.0,,100,75
2026-09-11T20:00,1,ecmwf,9,20,250,5.7,7.1,9,4.58,5.7,212,250,0.0,,3,75
2026-09-11T20:00,1,icon,9,20,250,5.7,7.0,9,2.78,5.7,210,250,0.0,,50,75
2026-09-11T20:00,1,ukmo,9,20,250,5.7,6.5,9,3.4,5.7,216,250,0.0,,8,75
2026-09-11T20:00,1,mfr,9,20,250,5.7,8.2,9,4.97,5.7,210,250,0.0,,95,75
2026-09-11T20:00,1,gfs,9,20,250,5.7,7.4,9,8.34,5.7,232,250,0.0,,100,75
2026-09-11T20:00,1,harmonie,9,20,250,5.7,7.0,9,3.0,5.7,202.5,250,,,70,75
2026-09-11T20:00,1,metno,9,20,250,5.7,8.1,9,5.9,5.7,228.8,250,0.0,,21.9,75
2026-09-11T20:00,1,jolly,9,20,250,5.7,7.54,9,5.5,5.7,220.2,250,0.0,,38,75
2026-09-11T23:00,12,dmi,9,23,210,3.6,6.2,6,5.5,3.6,193,210,0.0,,0,0
2026-09-11T23:00,12,knmi,9,23,210,3.6,6.6,6,6.0,3.6,191,210,0.0,,0,0
2026-09-11T23:00,12,ecmwf,9,23,210,3.6,5.8,6,4.03,3.6,210,210,0.0,,0,0
2026-09-11T23:00,12,icon,9,23,210,3.6,4.7,6,5.39,3.6,191,210,0.0,,20,0
2026-09-11T23:00,12,ukmo,9,23,210,3.6,5.6,6,4.1,3.6,219,210,0.0,,11,0
2026-09-11T23:00,12,mfr,9,23,210,3.6,6.9,6,5.9,3.6,206,210,0.0,,8,0
2026-09-11T23:00,12,gfs,9,23,210,3.6,5.7,6,7.41,3.6,235,210,0.0,,5,0
2026-09-11T23:00,12,harmonie,9,23,210,3.6,5.0,6,5.0,3.6,180,210,,,5,0
2026-09-11T23:00,12,metno,9,23,210,3.6,5.7,6,5.2,3.6,204.1,210,0.0,,4.7,0
2026-09-11T23:00,12,jolly,9,23,210,3.6,6.15,6,6.26,3.6,186.4,210,0.0,,18,0
2026-09-11T23:00,1,dmi,9,23,210,3.6,5.5,6,3.7,3.6,193,210,0.0,,0,0
2026-09-11T23:00,1,knmi,9,23,210,3.6,6.0,6,3.7,3.6,196,210,0.0,,1,0
2026-09-11T23:00,1,ecmwf,9,23,210,3.6,6.4,6,4.22,3.6,216,210,0.0,,3,0
2026-09-11T23:00,1,icon,9,23,210,3.6,4.7,6,5.16,3.6,189,210,0.0,,15,0
2026-09-11T23:00,1,ukmo,9,23,210,3.6,6.1,6,4.8,3.6,218,210,0.0,,11,0
2026-09-11T23:00,1,mfr,9,23,210,3.6,7.8,6,5.64,3.6,205,210,0.0,,28,0
2026-09-11T23:00,1,gfs,9,23,210,3.6,6.0,6,7.57,3.6,228,210,0.0,,5,0
2026-09-11T23:00,1,metno,9,23,210,3.6,6.2,6,4.9,3.6,205.6,210,0.0,,3.1,0
2026-09-11T23:00,1,jolly,9,23,210,3.6,6.63,6,5.74,3.6,219.7,210,0.0,,24,0
2026-09-12T01:00,48,dmi,9,1,210,5.1,5.6,5,4.7,5.1,199,210,0.0,,0,0
2026-09-12T01:00,48,knmi,9,1,210,5.1,4.8,5,3.3,5.1,177,210,0.0,,3,0
2026-09-12T01:00,48,ecmwf,9,1,210,5.1,5.8,5,3.76,5.1,205,210,0.0,,5,0
2026-09-12T01:00,48,icon,9,1,210,5.1,3.8,5,5.64,5.1,187,210,0.0,,0,0
2026-09-12T01:00,48,ukmo,9,1,210,5.1,6.3,5,5.2,5.1,228,210,0.0,,38,0
2026-09-12T01:00,48,mfr,9,1,210,5.1,6.7,5,6.54,5.1,209,210,0.0,,7,0
2026-09-12T01:00,48,gfs,9,1,210,5.1,4.5,5,6.38,5.1,229,210,0.0,,0,0
2026-09-12T01:00,48,harmonie,9,1,210,5.1,6.0,5,6.0,5.1,202.5,210,,,70,0
2026-09-12T01:00,48,metno,9,1,210,5.1,5.6,5,5.0,5.1,198.3,210,0.0,,12.5,0
2026-09-12T01:00,48,jolly,9,1,210,5.1,4.71,5,5.71,5.1,208.5,210,0.0,,16,0
2026-09-12T01:00,24,dmi,9,1,210,5.1,5.0,5,3.4,5.1,179,210,0.0,,0,0
2026-09-12T01:00,24,knmi,9,1,210,5.1,6.3,5,1.9,5.1,184,210,0.0,,17,0
2026-09-12T01:00,24,ecmwf,9,1,210,5.1,5.3,5,3.1,5.1,195,210,0.0,,0,0
2026-09-12T01:00,24,icon,9,1,210,5.1,4.3,5,5.3,5.1,181,210,0.0,,38,0
2026-09-12T01:00,24,ukmo,9,1,210,5.1,5.3,5,3.3,5.1,212,210,0.0,,20,0
2026-09-12T01:00,24,mfr,9,1,210,5.1,5.8,5,5.07,5.1,202,210,0.0,,18,0
2026-09-12T01:00,24,gfs,9,1,210,5.1,5.2,5,6.3,5.1,234,210,0.0,,0,0
2026-09-12T01:00,24,harmonie,9,1,210,5.1,6.0,5,6.0,5.1,202.5,210,,,70,0
2026-09-12T01:00,24,metno,9,1,210,5.1,5.3,5,4.4,5.1,188.9,210,0.0,,9.4,0
2026-09-12T01:00,24,jolly,9,1,210,5.1,4.07,5,5.04,5.1,206.8,210,0.0,,21,0
2026-09-12T01:00,6,dmi,9,1,210,5.1,5.2,5,4.6,5.1,181,210,0.0,,1,0
2026-09-12T01:00,6,knmi,9,1,210,5.1,4.9,5,3.4,5.1,176,210,0.0,,0,0
2026-09-12T01:00,6,ecmwf,9,1,210,5.1,6.0,5,4.27,5.1,213,210,0.0,,30,0
2026-09-12T01:00,6,icon,9,1,210,5.1,3.9,5,5.01,5.1,183,210,0.0,,14,0
2026-09-12T01:00,6,ukmo,9,1,210,5.1,5.7,5,4.8,5.1,217,210,0.0,,16,0
2026-09-12T01:00,6,mfr,9,1,210,5.1,6.4,5,6.26,5.1,207,210,0.0,,0,0
2026-09-12T01:00,6,gfs,9,1,210,5.1,4.9,5,6.29,5.1,224,210,0.0,,5,0
2026-09-12T01:00,6,harmonie,9,1,210,5.1,5.0,5,6.0,5.1,202.5,210,,,5,0
2026-09-12T01:00,6,metno,9,1,210,5.1,5.8,5,4.9,5.1,205.7,210,0.0,,9.4,0
2026-09-12T01:00,6,jolly,9,1,210,5.1,5.15,5,5.89,5.1,191.8,210,0.0,,21,0
2026-09-12T01:00,3,dmi,9,1,210,5.1,4.7,5,3.5,5.1,172,210,0.0,,0,0
2026-09-12T01:00,3,knmi,9,1,210,5.1,5.2,5,3.6,5.1,168,210,0.0,,0,0
2026-09-12T01:00,3,ecmwf,9,1,210,5.1,5.9,5,3.91,5.1,212,210,0.0,,2,0
2026-09-12T01:00,3,icon,9,1,210,5.1,4.1,5,5.12,5.1,184,210,0.0,,0,0
2026-09-12T01:00,3,ukmo,9,1,210,5.1,5.7,5,4.8,5.1,217,210,0.0,,16,0
2026-09-12T01:00,3,mfr,9,1,210,5.1,6.9,5,5.65,5.1,203,210,0.0,,3,0
2026-09-12T01:00,3,gfs,9,1,210,5.1,4.9,5,6.29,5.1,224,210,0.0,,5,0
2026-09-12T01:00,3,harmonie,9,1,210,5.1,5.0,5,6.0,5.1,202.5,210,,,5,0
2026-09-12T01:00,3,metno,9,1,210,5.1,5.8,5,4.9,5.1,205.7,210,0.0,,9.4,0
2026-09-12T01:00,3,jolly,9,1,210,5.1,5.53,5,5.64,5.1,198.6,210,0.0,,22,0
2026-09-12T05:00,48,dmi,9,5,230,10.3,5.4,7,4.4,10.3,212,230,0.0,,100,0
2026-09-12T05:00,48,knmi,9,5,230,10.3,5.4,7,4.4,10.3,211,230,0.0,,100,0
2026-09-12T05:00,48,ecmwf,9,5,230,10.3,5.7,7,3.89,10.3,224,230,0.0,,69,0
2026-09-12T05:00,48,icon,9,5,230,10.3,3.8,7,6.1,10.3,221,230,0.0,,1,0
2026-09-12T05:00,48,ukmo,9,5,230,10.3,4.3,7,5.0,10.3,235,230,0.0,,71,0
2026-09-12T05:00,48,mfr,9,5,230,10.3,5.4,7,5.67,10.3,229,230,0.1,,100,0
2026-09-12T05:00,48,gfs,9,5,230,10.3,3.9,7,6.86,10.3,233,230,0.0,,100,0
2026-09-12T05:00,48,harmonie,9,5,230,10.3,6.0,7,5.0,10.3,225,230,,,95,0
2026-09-12T05:00,48,metno,9,5,230,10.3,5.6,7,6.2,10.3,230.6,230,0.2,,100.0,0
2026-09-12T05:00,48,jolly,9,5,230,10.3,3.76,7,5.58,10.3,228.6,230,0.01,,77,0
2026-09-12T05:00,24,dmi,9,5,230,10.3,5.7,7,7.1,10.3,243,230,0.0,,100,0
2026-09-12T05:00,24,knmi,9,5,230,10.3,5.7,7,7.0,10.3,242,230,0.0,,100,0
2026-09-12T05:00,24,ecmwf,9,5,230,10.3,5.4,7,4.74,10.3,226,230,0.1,,100,0
2026-09-12T05:00,24,icon,9,5,230,10.3,4.2,7,6.18,10.3,219,230,0.0,,91,0
2026-09-12T05:00,24,ukmo,9,5,230,10.3,5.2,7,4.9,10.3,247,230,0.0,,89,0
2026-09-12T05:00,24,mfr,9,5,230,10.3,5.9,7,6.24,10.3,215,230,0.0,,97,0
2026-09-12T05:00,24,gfs,9,5,230,10.3,4.5,7,7.54,10.3,248,230,0.0,,100,0
2026-09-12T05:00,24,harmonie,9,5,230,10.3,6.0,7,6.0,10.3,225,230,,,95,0
2026-09-12T05:00,24,metno,9,5,230,10.3,5.4,7,6.6,10.3,214.6,230,0.0,,94.5,0
2026-09-12T05:00,24,jolly,9,5,230,10.3,4.64,7,6.77,10.3,240.3,230,0.0,,80,0
2026-09-12T04:00,12,dmi,9,4,219.0,7.4,5.2,5.6,5.0,7.4,226,219.0,0.0,,95,0
2026-09-12T04:00,12,knmi,9,4,219.0,7.4,4.9,5.6,3.9,7.4,216,219.0,0.0,,99,0
2026-09-12T04:00,12,ecmwf,9,4,219.0,7.4,5.8,5.6,4.92,7.4,218,219.0,0.1,,100,0
2026-09-12T04:00,12,icon,9,4,219.0,7.4,4.1,5.6,5.46,7.4,215,219.0,0.0,,89,0
2026-09-12T04:00,12,ukmo,9,4,219.0,7.4,5.0,5.6,5.2,7.4,242,219.0,0.0,,100,0
2026-09-12T04:00,12,mfr,9,4,219.0,7.4,6.4,5.6,7.15,7.4,222,219.0,0.0,,100,0
2026-09-12T04:00,12,gfs,9,4,219.0,7.4,4.1,5.6,8.29,7.4,250,219.0,0.0,,14,0
2026-09-12T04:00,12,harmonie,9,4,219.0,7.4,5.0,5.6,5.0,7.4,225,219.0,,,70,0
2026-09-12T04:00,12,metno,9,4,219.0,7.4,6.1,5.6,6.9,7.4,219.0,219.0,0.2,,93.0,0
2026-09-12T04:00,12,jolly,9,4,219.0,7.4,5.78,5.6,6.5,7.4,216.4,219.0,0.0,,65,0
2026-09-12T04:00,6,dmi,9,4,219.0,7.4,4.6,5.6,3.9,7.4,178,219.0,0.0,,42,0
2026-09-12T04:00,6,knmi,9,4,219.0,7.4,4.3,5.6,3.1,7.4,181,219.0,0.0,,0,0
2026-09-12T04:00,6,ecmwf,9,4,219.0,7.4,5.5,5.6,4.08,7.4,216,219.0,0.1,,50,0
2026-09-12T04:00,6,icon,9,4,219.0,7.4,3.6,5.6,4.62,7.4,185,219.0,0.0,,34,0
2026-09-12T04:00,6,ukmo,9,4,219.0,7.4,5.2,5.6,5.8,7.4,232,219.0,0.0,,100,0
2026-09-12T04:00,6,mfr,9,4,219.0,7.4,6.3,5.6,6.18,7.4,209,219.0,0.0,,61,0
2026-09-12T04:00,6,gfs,9,4,219.0,7.4,4.5,5.6,7.65,7.4,243,219.0,0.0,,5,0
2026-09-12T04:00,6,harmonie,9,4,219.0,7.4,4.0,5.6,4.0,7.4,157.5,219.0,,,30,0
2026-09-12T04:00,6,metno,9,4,219.0,7.4,5.8,5.6,5.8,7.4,215.5,219.0,0.1,,85.2,0
2026-09-12T04:00,6,jolly,9,4,219.0,7.4,4.63,5.6,5.81,7.4,193.7,219.0,0.0,,44,0
2026-09-12T04:00,3,dmi,9,4,219.0,7.4,4.3,5.6,3.3,7.4,187,219.0,0.0,,0,0
2026-09-12T04:00,3,knmi,9,4,219.0,7.4,3.8,5.6,2.6,7.4,185,219.0,0.0,,0,0
2026-09-12T04:00,3,ecmwf,9,4,219.0,7.4,5.5,5.6,4.08,7.4,216,219.0,0.1,,50,0
2026-09-12T04:00,3,icon,9,4,219.0,7.4,3.8,5.6,4.66,7.4,195,219.0,0.0,,71,0
2026-09-12T04:00,3,ukmo,9,4,219.0,7.4,5.1,5.6,4.6,7.4,232,219.0,0.0,,100,0
2026-09-12T04:00,3,mfr,9,4,219.0,7.4,6.3,5.6,6.18,7.4,209,219.0,0.0,,61,0
2026-09-12T04:00,3,gfs,9,4,219.0,7.4,4.5,5.6,7.52,7.4,241,219.0,0.0,,5,0
2026-09-12T04:00,3,harmonie,9,4,219.0,7.4,3.0,5.6,4.0,7.4,180,219.0,,,30,0
2026-09-12T04:00,3,metno,9,4,219.0,7.4,5.8,5.6,5.8,7.4,215.5,219.0,0.1,,85.2,0
2026-09-12T04:00,3,jolly,9,4,219.0,7.4,4.71,5.6,5.53,7.4,207.2,219.0,0.0,,46,0
2026-09-12T02:00,1,dmi,9,2,200,7.7,4.8,6,4.2,7.7,164,200,0.0,,12,0
2026-09-12T02:00,1,knmi,9,2,200,7.7,5.6,6,3.9,7.7,187,200,0.0,,18,0
2026-09-12T02:00,1,ecmwf,9,2,200,7.7,5.8,6,3.8,7.7,215,200,0.0,,9,0
2026-09-12T02:00,1,icon,9,2,200,7.7,4.0,6,5.0,7.7,180,200,0.0,,22,0
2026-09-12T02:00,1,ukmo,9,2,200,7.7,5.5,6,4.2,7.7,222,200,0.0,,16,0
2026-09-12T02:00,1,mfr,9,2,200,7.7,6.6,6,5.76,7.7,200,200,0.0,,10,0
2026-09-12T02:00,1,gfs,9,2,200,7.7,4.5,6,6.52,7.7,216,200,0.0,,5,0
2026-09-12T02:00,1,harmonie,9,2,200,7.7,4.0,6,4.0,7.7,180,200,,,5,0
2026-09-12T02:00,1,metno,9,2,200,7.7,5.6,6,5.1,7.7,207.6,200,0.0,,15.6,0
2026-09-12T02:00,1,jolly,9,2,200,7.7,5.61,6,5.53,7.7,211.1,200,0.0,,27,0
