{
  "version": "2.0",
  "created": "2026-06-24T00:32:50.944399+00:00",
  "runs": 90,
  "verified_pairs": 0,
  "lead_buckets": [
    1,
    3,
    6,
    12,
    24,
    48
  ],
  "bias": {
    "dmi": {
      "1": {
        "hiti": -0.83649141406047,
        "vindur": 0.4356704964880814,
        "sky": -33.13126255039329,
        "urkoma_scale": 1.0
      },
      "3": {
        "hiti": -0.83649141406047,
        "vindur": 0.4356704964880814,
        "sky": -33.13126255039329,
        "urkoma_scale": 1.0
      },
      "6": {
        "hiti": -0.83649141406047,
        "vindur": 0.4356704964880814,
        "sky": -33.13126255039329,
        "urkoma_scale": 1.0
      },
      "12": {
        "hiti": -0.83649141406047,
        "vindur": 0.4356704964880814,
        "sky": -33.13126255039329,
        "urkoma_scale": 1.0
      },
      "24": {
        "hiti": -0.83649141406047,
        "vindur": 0.4356704964880814,
        "sky": -33.13126255039329,
        "urkoma_scale": 1.0
      },
      "48": {
        "hiti": -0.83649141406047,
        "vindur": 0.4356704964880814,
        "sky": -33.13126255039329,
        "urkoma_scale": 1.0
      }
    },
    "knmi": {
      "1": {
        "hiti": -0.23427403846153844,
        "vindur": 0.09659134615384614,
        "sky": -8.292980769230768,
        "urkoma_scale": 1.0
      },
      "3": {
        "hiti": -0.23427403846153844,
        "vindur": 0.09659134615384614,
        "sky": -8.292980769230768,
        "urkoma_scale": 1.0
      },
      "6": {
        "hiti": -0.23427403846153844,
        "vindur": 0.09659134615384614,
        "sky": -8.292980769230768,
        "urkoma_scale": 1.0
      },
      "12": {
        "hiti": -0.23427403846153844,
        "vindur": 0.09659134615384614,
        "sky": -8.292980769230768,
        "urkoma_scale": 1.0
      },
      "24": {
        "hiti": -0.23427403846153844,
        "vindur": 0.09659134615384614,
        "sky": -8.292980769230768,
        "urkoma_scale": 1.0
      },
      "48": {
        "hiti": -0.23427403846153844,
        "vindur": 0.09659134615384614,
        "sky": -8.292980769230768,
        "urkoma_scale": 1.0
      }
    },
    "ecmwf": {
      "1": {
        "hiti": -1.6342450779218507,
        "vindur": 0.7677125063267171,
        "sky": -39.536404043950945,
        "urkoma_scale": 0.3329118478203035
      },
      "3": {
        "hiti": -1.6342450779218507,
        "vindur": 0.7677125063267171,
        "sky": -39.536404043950945,
        "urkoma_scale": 0.3329118478203035
      },
      "6": {
        "hiti": -1.6342450779218507,
        "vindur": 0.7677125063267171,
        "sky": -39.536404043950945,
        "urkoma_scale": 0.3329118478203035
      },
      "12": {
        "hiti": -1.6342450779218507,
        "vindur": 0.7677125063267171,
        "sky": -39.536404043950945,
        "urkoma_scale": 0.3329118478203035
      },
      "24": {
        "hiti": -1.6342450779218507,
        "vindur": 0.7677125063267171,
        "sky": -39.536404043950945,
        "urkoma_scale": 0.3329118478203035
      },
      "48": {
        "hiti": -1.6342450779218507,
        "vindur": 0.7677125063267171,
        "sky": -39.536404043950945,
        "urkoma_scale": 0.3329118478203035
      }
    },
    "icon": {
      "1": {
        "hiti": -2.228539838095862,
        "vindur": -0.5672518025096865,
        "sky": -50.74281108405642,
        "urkoma_scale": 0.30645313656723305
      },
      "3": {
        "hiti": -2.228539838095862,
        "vindur": -0.5672518025096865,
        "sky": -50.74281108405642,
        "urkoma_scale": 0.30645313656723305
      },
      "6": {
        "hiti": -2.228539838095862,
        "vindur": -0.5672518025096865,
        "sky": -50.74281108405642,
        "urkoma_scale": 0.30645313656723305
      },
      "12": {
        "hiti": -2.228539838095862,
        "vindur": -0.5672518025096865,
        "sky": -50.74281108405642,
        "urkoma_scale": 0.30645313656723305
      },
      "24": {
        "hiti": -2.228539838095862,
        "vindur": -0.5672518025096865,
        "sky": -50.74281108405642,
        "urkoma_scale": 0.30645313656723305
      },
      "48": {
        "hiti": -2.228539838095862,
        "vindur": -0.5672518025096865,
        "sky": -50.74281108405642,
        "urkoma_scale": 0.30645313656723305
      }
    },
    "ukmo": {
      "1": {
        "hiti": -0.49096153846153845,
        "vindur": 0.1702355769230769,
        "sky": -10.913221153846154,
        "urkoma_scale": 1.0
      },
      "3": {
        "hiti": -0.49096153846153845,
        "vindur": 0.1702355769230769,
        "sky": -10.913221153846154,
        "urkoma_scale": 1.0
      },
      "6": {
        "hiti": -0.49096153846153845,
        "vindur": 0.1702355769230769,
        "sky": -10.913221153846154,
        "urkoma_scale": 1.0
      },
      "12": {
        "hiti": -0.49096153846153845,
        "vindur": 0.1702355769230769,
        "sky": -10.913221153846154,
        "urkoma_scale": 1.0
      },
      "24": {
        "hiti": -0.49096153846153845,
        "vindur": 0.1702355769230769,
        "sky": -10.913221153846154,
        "urkoma_scale": 1.0
      },
      "48": {
        "hiti": -0.49096153846153845,
        "vindur": 0.1702355769230769,
        "sky": -10.913221153846154,
        "urkoma_scale": 1.0
      }
    },
    "mfr": {
      "1": {
        "hiti": -0.2321394230769231,
        "vindur": 0.018037499999999984,
        "sky": -8.87466346153846,
        "urkoma_scale": 1.0
      },
      "3": {
        "hiti": -0.2321394230769231,
        "vindur": 0.018037499999999984,
        "sky": -8.87466346153846,
        "urkoma_scale": 1.0
      },
      "6": {
        "hiti": -0.2321394230769231,
        "vindur": 0.018037499999999984,
        "sky": -8.87466346153846,
        "urkoma_scale": 1.0
      },
      "12": {
        "hiti": -0.2321394230769231,
        "vindur": 0.018037499999999984,
        "sky": -8.87466346153846,
        "urkoma_scale": 1.0
      },
      "24": {
        "hiti": -0.2321394230769231,
        "vindur": 0.018037499999999984,
        "sky": -8.87466346153846,
        "urkoma_scale": 1.0
      },
      "48": {
        "hiti": -0.2321394230769231,
        "vindur": 0.018037499999999984,
        "sky": -8.87466346153846,
        "urkoma_scale": 1.0
      }
    },
    "gfs": {
      "1": {
        "hiti": -2.283542736160877,
        "vindur": -1.298553183485609,
        "sky": -51.123479555530125,
        "urkoma_scale": 0.48814247248733555
      },
      "3": {
        "hiti": -2.283542736160877,
        "vindur": -1.298553183485609,
        "sky": -51.123479555530125,
        "urkoma_scale": 0.48814247248733555
      },
      "6": {
        "hiti": -2.283542736160877,
        "vindur": -1.298553183485609,
        "sky": -51.123479555530125,
        "urkoma_scale": 0.48814247248733555
      },
      "12": {
        "hiti": -2.283542736160877,
        "vindur": -1.298553183485609,
        "sky": -51.123479555530125,
        "urkoma_scale": 0.48814247248733555
      },
      "24": {
        "hiti": -2.283542736160877,
        "vindur": -1.298553183485609,
        "sky": -51.123479555530125,
        "urkoma_scale": 0.48814247248733555
      },
      "48": {
        "hiti": -2.283542736160877,
        "vindur": -1.298553183485609,
        "sky": -51.123479555530125,
        "urkoma_scale": 0.48814247248733555
      }
    },
    "metno": {
      "1": {
        "hiti": 0.0,
        "vindur": 0.0,
        "sky": 0.0,
        "urkoma_scale": 1.0
      },
      "3": {
        "hiti": 0.0,
        "vindur": 0.0,
        "sky": 0.0,
        "urkoma_scale": 1.0
      },
      "6": {
        "hiti": 0.0,
        "vindur": 0.0,
        "sky": 0.0,
        "urkoma_scale": 1.0
      },
      "12": {
        "hiti": 0.0,
        "vindur": 0.0,
        "sky": 0.0,
        "urkoma_scale": 1.0
      },
      "24": {
        "hiti": 0.0,
        "vindur": 0.0,
        "sky": 0.0,
        "urkoma_scale": 1.0
      },
      "48": {
        "hiti": 0.0,