{
  "version": "2.0",
  "created": "2026-06-24T00:32:50.944399+00:00",
  "runs": 93,
  "verified_pairs": 54,
  "lead_buckets": [
    1,
    3,
    6,
    12,
    24,
    48
  ],
  "bias": {
    "dmi": {
      "1": {
        "hiti": -0.8081124443732136,
        "vindur": 0.4433900369095117,
        "sky": -29.155511044346092,
        "urkoma_scale": 1.0
      },
      "3": {
        "hiti": -0.9401124443732136,
        "vindur": 0.35939003690951166,
        "sky": -29.155511044346092,
        "urkoma_scale": 1.0
      },
      "6": {
        "hiti": -0.83649141406047,
        "vindur": 0.4356704964880814,
        "sky": -33.13126255039329,
        "urkoma_scale": 1.0
      },
      "12": {
        "hiti": -0.83649141406047,
        "vindur": 0.4356704964880814,
        "sky": -33.13126255039329,
        "urkoma_scale": 1.0
      },
      "24": {
        "hiti": -0.83649141406047,
        "vindur": 0.4356704964880814,
        "sky": -33.13126255039329,
        "urkoma_scale": 1.0
      },
      "48": {
        "hiti": -0.83649141406047,
        "vindur": 0.4356704964880814,
        "sky": -33.13126255039329,
        "urkoma_scale": 1.0
      }
    },
    "knmi": {
      "1": {
        "hiti": -0.2781611538461538,
        "vindur": 0.14500038461538461,
        "sky": -7.297823076923076,
        "urkoma_scale": 1.0
      },
      "3": {
        "hiti": -0.4101611538461537,
        "vindur": 0.06100038461538461,
        "sky": -7.297823076923076,
        "urkoma_scale": 1.0
      },
      "6": {
        "hiti": -0.23427403846153844,
        "vindur": 0.09659134615384614,
        "sky": -8.292980769230768,
        "urkoma_scale": 1.0
      },
      "12": {
        "hiti": -0.23427403846153844,
        "vindur": 0.09659134615384614,
        "sky": -8.292980769230768,
        "urkoma_scale": 1.0
      },
      "24": {
        "hiti": -0.23427403846153844,
        "vindur": 0.09659134615384614,
        "sky": -8.292980769230768,
        "urkoma_scale": 1.0
      },
      "48": {
        "hiti": -0.23427403846153844,
        "vindur": 0.09659134615384614,
        "sky": -8.292980769230768,
        "urkoma_scale": 1.0
      }
    },
    "ecmwf": {
      "1": {
        "hiti": -1.7141356685712286,
        "vindur": 0.8123870055675111,
        "sky": -25.192035558676828,
        "urkoma_scale": 0.3329118478203035
      },
      "3": {
        "hiti": -1.7261356685712286,
        "vindur": 0.7355870055675111,
        "sky": -32.03203555867683,
        "urkoma_scale": 0.3329118478203035
      },
      "6": {
        "hiti": -1.6342450779218507,
        "vindur": 0.7677125063267171,
        "sky": -39.536404043950945,
        "urkoma_scale": 0.3329118478203035
      },
      "12": {
        "hiti": -1.6342450779218507,
        "vindur": 0.7677125063267171,
        "sky": -39.536404043950945,
        "urkoma_scale": 0.3329118478203035
      },
      "24": {
        "hiti": -1.6342450779218507,
        "vindur": 0.7677125063267171,
        "sky": -39.536404043950945,
        "urkoma_scale": 0.3329118478203035
      },
      "48": {
        "hiti": -1.6342450779218507,
        "vindur": 0.7677125063267171,
        "sky": -39.536404043950945,
        "urkoma_scale": 0.3329118478203035
      }
    },
    "icon": {
      "1": {
        "hiti": -2.3451150575243584,
        "vindur": -0.38038158620852414,
        "sky": -41.17367375396965,
        "urkoma_scale": 0.30645313656723305
      },
      "3": {
        "hiti": -2.3091150575243584,
        "vindur": -0.5603815862085242,
        "sky": -43.09367375396965,
        "urkoma_scale": 0.30645313656723305
      },
      "6": {
        "hiti": -2.228539838095862,
        "vindur": -0.5672518025096865,
        "sky": -50.74281108405642,
        "urkoma_scale": 0.30645313656723305
      },
      "12": {
        "hiti": -2.228539838095862,
        "vindur": -0.5672518025096865,
        "sky": -50.74281108405642,
        "urkoma_scale": 0.30645313656723305
      },
      "24": {
        "hiti": -2.228539838095862,
        "vindur": -0.5672518025096865,
        "sky": -50.74281108405642,
        "urkoma_scale": 0.30645313656723305
      },
      "48": {
        "hiti": -2.228539838095862,
        "vindur": -0.5672518025096865,
        "sky": -50.74281108405642,
        "urkoma_scale": 0.30645313656723305
      }
    },
    "ukmo": {
      "1": {
        "hiti": -0.6480461538461539,
        "vindur": 0.2938073076923077,
        "sky": -6.243634615384616,
        "urkoma_scale": 1.0
      },
      "3": {
        "hiti": -0.6240461538461538,
        "vindur": 0.07780730769230765,
        "sky": -9.363634615384616,
        "urkoma_scale": 1.0
      },
      "6": {
        "hiti": -0.49096153846153845,
        "vindur": 0.1702355769230769,
        "sky": -10.913221153846154,
        "urkoma_scale": 1.0
      },
      "12": {
        "hiti": -0.49096153846153845,
        "vindur": 0.1702355769230769,
        "sky": -10.913221153846154,
        "urkoma_scale": 1.0
      },
      "24": {
        "hiti": -0.49096153846153845,
        "vindur": 0.1702355769230769,
        "sky": -10.913221153846154,
        "urkoma_scale": 1.0
      },
      "48": {
        "hiti": -0.49096153846153845,
        "vindur": 0.1702355769230769,
        "sky": -10.913221153846154,
        "urkoma_scale": 1.0
      }
    },
    "mfr": {
      "1": {
        "hiti": -0.3602826923076924,
        "vindur": -0.10772699999999999,
        "sky": -1.449703846153846,
        "urkoma_scale": 1.0
      },
      "3": {
        "hiti": -0.45628269230769225,
        "vindur": -0.02732700000000002,
        "sky": -6.129703846153846,
        "urkoma_scale": 1.0
      },
      "6": {
        "hiti": -0.2321394230769231,
        "vindur": 0.018037499999999984,
        "sky": -8.87466346153846,
        "urkoma_scale": 1.0
      },
      "12": {
        "hiti": -0.2321394230769231,
        "vindur": 0.018037499999999984,
        "sky": -8.87466346153846,
        "urkoma_scale": 1.0
      },
      "24": {
        "hiti": -0.2321394230769231,
        "vindur": 0.018037499999999984,
        "sky": -8.87466346153846,
        "urkoma_scale": 1.0
      },
      "48": {
        "hiti": -0.2321394230769231,
        "vindur": 0.018037499999999984,
        "sky": -8.87466346153846,
        "urkoma_scale": 1.0
      }
    },
    "gfs": {
      "1": {
        "hiti": -1.9855176078215715,
        "vindur": -1.328726801467336,
        "sky": -43.78866200886651,
        "urkoma_scale": 0.48814247248733555
      },
      "3": {
        "hiti": -2.0095176078215715,
        "vindur": -1.205126801467336,
        "sky": -35.868662008866515,
        "urkoma_scale": 0.48814247248733555
      },
      "6": {
        "hiti": -2.283542736160877,
        "vindur": -1.298553183485609,
        "sky": -51.123479555530125,
        "urkoma_scale": 0.48814247248733555
      },
      "12": {
        "hiti": -2.283542736160877,
        "vindur": -1.298553183485609,
        "sky": -51.123479555530125,
        "urkoma_scale": 0.48814247248733555
      },
      "24": {
        "hiti": -2.283542736160877,
        "vindur": -1.298553183485609,
        "sky": -51.123479555530125,
        "urkoma_scale": 0.48814247248733555
      },
      "48": {
        "hiti": -2.283542736160877,
        "vindur": -1.298553183485609,
        "sky": -51.123479555530125,
        "urkoma_scale": 0.48814247248733555
      }
    },
    "metno": {
      "1": {
        "hiti": -0.22800000000000004,
        "vindur": 0.023999999999999994,
        "sky": 7.308,
        "urkoma_scale": 1.0
      },
      "3": {
        "hiti": -0.31199999999999994,
        "vindur": 0.023999999999999994,
        "sky": 0.0,
        "urkoma_scale": 1.0
      },
      "6": {
        "hiti": 0.0,
        "vindur": 0.0,
        "sky": 0.0,
        "urkoma_scale": 1.0
      },
      "12": {
        "hiti": 0.0,
        "vindur": 0.0,
        "sky": 0.0,
        "urkoma_scale": 1.0
      },
      "24": {
        "hiti": 0.0,
        "vindur": 0.0,