{
  "version": "2.0",
  "created": "2026-06-24T00:32:50.944399+00:00",
  "runs": 95,
  "verified_pairs": 216,
  "lead_buckets": [
    1,
    3,
    6,
    12,
    24,
    48
  ],
  "bias": {
    "dmi": {
      "1": {
        "hiti": -0.6834022769226166,
        "vindur": 0.03424124458272588,
        "sky": -27.97802775274161,
        "urkoma_scale": 1.0
      },
      "3": {
        "hiti": -0.4342630769226168,
        "vindur": 0.6335116445827258,
        "sky": -19.981227752741614,
        "urkoma_scale": 1.0
      },
      "6": {
        "hiti": -0.6026589510484281,
        "vindur": 0.7593032324803702,
        "sky": -28.65684971902456,
        "urkoma_scale": 1.0
      },
      "12": {
        "hiti": -0.83649141406047,
        "vindur": 0.4356704964880814,
        "sky": -33.13126255039329,
        "urkoma_scale": 1.0
      },
      "24": {
        "hiti": -0.83649141406047,
        "vindur": 0.4356704964880814,
        "sky": -33.13126255039329,
        "urkoma_scale": 1.0
      },
      "48": {
        "hiti": -0.83649141406047,
        "vindur": 0.4356704964880814,
        "sky": -33.13126255039329,
        "urkoma_scale": 1.0
      }
    },
    "knmi": {
      "1": {
        "hiti": -0.27300799753846144,
        "vindur": -0.1862717021538461,
        "sky": -11.05143419076923,
        "urkoma_scale": 1.0
      },
      "3": {
        "hiti": -0.02386879753846155,
        "vindur": 0.40243869784615377,
        "sky": -3.0546341907692307,
        "urkoma_scale": 1.0
      },
      "6": {
        "hiti": -0.13630181538461553,
        "vindur": 0.5087203384615384,
        "sky": -9.422084307692307,
        "urkoma_scale": 1.0
      },
      "12": {
        "hiti": -0.23427403846153844,
        "vindur": 0.09659134615384614,
        "sky": -8.292980769230768,
        "urkoma_scale": 1.0
      },
      "24": {
        "hiti": -0.23427403846153844,
        "vindur": 0.09659134615384614,
        "sky": -8.292980769230768,
        "urkoma_scale": 1.0
      },
      "48": {
        "hiti": -0.23427403846153844,
        "vindur": 0.09659134615384614,
        "sky": -8.292980769230768,
        "urkoma_scale": 1.0
      }
    },
    "ecmwf": {
      "1": {
        "hiti": -1.685986661741559,
        "vindur": 0.7443604971114807,
        "sky": -23.348712336639338,
        "urkoma_scale": 0.3329118478203035
      },
      "3": {
        "hiti": -1.2762394617415593,
        "vindur": 1.0158465771114806,
        "sky": -25.957608336639336,
        "urkoma_scale": 0.3329118478203035
      },
      "6": {
        "hiti": -1.4373993883426812,
        "vindur": 0.9477965648994098,
        "sky": -29.34019129163561,
        "urkoma_scale": 0.3329118478203035
      },
      "12": {
        "hiti": -1.6342450779218507,
        "vindur": 0.7677125063267171,
        "sky": -39.536404043950945,
        "urkoma_scale": 0.3329118478203035
      },
      "24": {
        "hiti": -1.6342450779218507,
        "vindur": 0.7677125063267171,
        "sky": -39.536404043950945,
        "urkoma_scale": 0.3329118478203035
      },
      "48": {
        "hiti": -1.6342450779218507,
        "vindur": 0.7677125063267171,
        "sky": -39.536404043950945,
        "urkoma_scale": 0.3329118478203035
      }
    },
    "icon": {
      "1": {
        "hiti": -2.1654971005468635,
        "vindur": -0.12186350035988106,
        "sky": -36.4688929550741,
        "urkoma_scale": 0.30645313656723305
      },
      "3": {
        "hiti": -1.708498700546863,
        "vindur": -0.09531950035988118,
        "sky": -34.2117409550741,
        "urkoma_scale": 0.30645313656723305
      },
      "6": {
        "hiti": -1.8136212506214355,
        "vindur": -0.1903997958635013,
        "sky": -38.815232903493296,
        "urkoma_scale": 0.30645313656723305
      },
      "12": {
        "hiti": -2.228539838095862,
        "vindur": -0.5672518025096865,
        "sky": -50.74281108405642,
        "urkoma_scale": 0.30645313656723305
      },
      "24": {
        "hiti": -2.228539838095862,
        "vindur": -0.5672518025096865,
        "sky": -50.74281108405642,
        "urkoma_scale": 0.30645313656723305
      },
      "48": {
        "hiti": -2.228539838095862,
        "vindur": -0.5672518025096865,
        "sky": -50.74281108405642,
        "urkoma_scale": 0.30645313656723305
      }
    },
    "ukmo": {
      "1": {
        "hiti": -0.6468069415384616,
        "vindur": 0.3024043790769231,
        "sky": -10.263870646153846,
        "urkoma_scale": 1.0
      },
      "3": {
        "hiti": -0.3234213415384615,
        "vindur": 0.40249397907692297,
        "sky": -12.531198646153847,
        "urkoma_scale": 1.0
      },
      "6": {
        "hiti": -0.48436061538461544,
        "vindur": 0.42127043076923065,
        "sky": -7.1839984615384616,
        "urkoma_scale": 1.0
      },
      "12": {
        "hiti": -0.49096153846153845,
        "vindur": 0.1702355769230769,
        "sky": -10.913221153846154,
        "urkoma_scale": 1.0
      },
      "24": {
        "hiti": -0.49096153846153845,
        "vindur": 0.1702355769230769,
        "sky": -10.913221153846154,
        "urkoma_scale": 1.0
      },
      "48": {
        "hiti": -0.49096153846153845,
        "vindur": 0.1702355769230769,
        "sky": -10.913221153846154,
        "urkoma_scale": 1.0
      }
    },
    "mfr": {
      "1": {
        "hiti": -0.717242916923077,
        "vindur": -0.11203178880000003,
        "sky": -6.642650658461538,
        "urkoma_scale": 1.0
      },
      "3": {
        "hiti": -0.2117453169230768,
        "vindur": 0.23659797119999995,
        "sky": -6.306842658461538,
        "urkoma_scale": 1.0
      },
      "6": {
        "hiti": -0.27240876923076923,
        "vindur": 0.3208802399999999,
        "sky": -3.7909393846153847,
        "urkoma_scale": 1.0
      },
      "12": {
        "hiti": -0.2321394230769231,
        "vindur": 0.018037499999999984,
        "sky": -8.87466346153846,
        "urkoma_scale": 1.0
      },
      "24": {
        "hiti": -0.2321394230769231,
        "vindur": 0.018037499999999984,
        "sky": -8.87466346153846,
        "urkoma_scale": 1.0
      },
      "48": {
        "hiti": -0.2321394230769231,
        "vindur": 0.018037499999999984,
        "sky": -8.87466346153846,
        "urkoma_scale": 1.0
      }
    },
    "gfs": {
      "1": {
        "hiti": -1.990704835497025,
        "vindur": -1.2075740350563051,
        "sky": -39.549939859666225,
        "urkoma_scale": 0.48814247248733555
      },
      "3": {
        "hiti": -1.5907304354970249,
        "vindur": -0.8668181950563051,
        "sky": -33.41669185966623,
        "urkoma_scale": 0.48814247248733555
      },
      "6": {
        "hiti": -1.955575494882983,
        "vindur": -0.9815995852912557,
        "sky": -42.59002256780253,
        "urkoma_scale": 0.48814247248733555
      },
      "12": {
        "hiti": -2.283542736160877,
        "vindur": -1.298553183485609,
        "sky": -51.123479555530125,
        "urkoma_scale": 0.48814247248733555
      },
      "24": {
        "hiti": -2.283542736160877,
        "vindur": -1.298553183485609,
        "sky": -51.123479555530125,
        "urkoma_scale": 0.48814247248733555
      },
      "48": {
        "hiti": -2.283542736160877,
        "vindur": -1.298553183485609,
        "sky": -51.123479555530125,
        "urkoma_scale": 0.48814247248733555
      }
    },
    "metno": {
      "1": {
        "hiti": -0.4660032000000002,
        "vindur": -0.14749439999999994,
        "sky": 3.0826751999999993,
        "urkoma_scale": 1.0
      },
      "3": {
        "hiti": -0.17057279999999986,
        "vindur": 0.29506559999999993,
        "sky": -2.251199999999999,
        "urkoma_scale": 1.0
      },
      "6": {
        "hiti": -0.1823999999999999,
        "vindur": 0.14975999999999995,
        "sky": 3.2716800000000004,
        "urkoma_scale": 1.0
      },
      "12": {
        "hiti": 0.0,
        "vindur": 0.0,
        "sky": 0.0,