{
  "version": "2.0",
  "created": "2026-06-24T00:32:50.944399+00:00",
  "runs": 94,
  "verified_pairs": 135,
  "lead_buckets": [
    1,
    3,
    6,
    12,
    24,
    48
  ],
  "bias": {
    "dmi": {
      "1": {
        "hiti": -0.8311389510484279,
        "vindur": 0.06618323248037028,
        "sky": -28.65684971902456,
        "urkoma_scale": 1.0
      },
      "3": {
        "hiti": -0.5752989510484281,
        "vindur": 0.25626323248037025,
        "sky": -19.29684971902456,
        "urkoma_scale": 1.0
      },
      "6": {
        "hiti": -0.7121124443732137,
        "vindur": 0.4673900369095117,
        "sky": -29.155511044346092,
        "urkoma_scale": 1.0
      },
      "12": {
        "hiti": -0.83649141406047,
        "vindur": 0.4356704964880814,
        "sky": -33.13126255039329,
        "urkoma_scale": 1.0
      },
      "24": {
        "hiti": -0.83649141406047,
        "vindur": 0.4356704964880814,
        "sky": -33.13126255039329,
        "urkoma_scale": 1.0
      },
      "48": {
        "hiti": -0.83649141406047,
        "vindur": 0.4356704964880814,
        "sky": -33.13126255039329,
        "urkoma_scale": 1.0
      }
    },
    "knmi": {
      "1": {
        "hiti": -0.36478181538461535,
        "vindur": -0.18439966153846155,
        "sky": -9.422084307692307,
        "urkoma_scale": 1.0
      },
      "3": {
        "hiti": -0.10894181538461534,
        "vindur": -0.0063196615384615434,
        "sky": -0.06208430769230766,
        "urkoma_scale": 1.0
      },
      "6": {
        "hiti": -0.18216115384615392,
        "vindur": 0.16900038461538464,
        "sky": -7.297823076923076,
        "urkoma_scale": 1.0
      },
      "12": {
        "hiti": -0.23427403846153844,
        "vindur": 0.09659134615384614,
        "sky": -8.292980769230768,
        "urkoma_scale": 1.0
      },
      "24": {
        "hiti": -0.23427403846153844,
        "vindur": 0.09659134615384614,
        "sky": -8.292980769230768,
        "urkoma_scale": 1.0
      },
      "48": {
        "hiti": -0.23427403846153844,
        "vindur": 0.09659134615384614,
        "sky": -8.292980769230768,
        "urkoma_scale": 1.0
      }
    },
    "ecmwf": {
      "1": {
        "hiti": -1.820439388342681,
        "vindur": 0.6945005648994098,
        "sky": -25.16899129163561,
        "urkoma_scale": 0.3329118478203035
      },
      "3": {
        "hiti": -1.422999388342681,
        "vindur": 0.8489165648994098,
        "sky": -30.58819129163561,
        "urkoma_scale": 0.3329118478203035
      },
      "6": {
        "hiti": -1.6061356685712287,
        "vindur": 0.771587005567511,
        "sky": -34.43203555867683,
        "urkoma_scale": 0.3329118478203035
      },
      "12": {
        "hiti": -1.6342450779218507,
        "vindur": 0.7677125063267171,
        "sky": -39.536404043950945,
        "urkoma_scale": 0.3329118478203035
      },
      "24": {
        "hiti": -1.6342450779218507,
        "vindur": 0.7677125063267171,
        "sky": -39.536404043950945,
        "urkoma_scale": 0.3329118478203035
      },
      "48": {
        "hiti": -1.6342450779218507,
        "vindur": 0.7677125063267171,
        "sky": -39.536404043950945,
        "urkoma_scale": 0.3329118478203035
      }
    },
    "icon": {
      "1": {
        "hiti": -2.351701250621436,
        "vindur": -0.3839357958635012,
        "sky": -38.03283290349329,
        "urkoma_scale": 0.30645313656723305
      },
      "3": {
        "hiti": -1.9960212506214354,
        "vindur": -0.3251357958635013,
        "sky": -40.92243290349329,
        "urkoma_scale": 0.30645313656723305
      },
      "6": {
        "hiti": -2.1291150575243587,
        "vindur": -0.43318158620852415,
        "sky": -44.65367375396965,
        "urkoma_scale": 0.30645313656723305
      },
      "12": {
        "hiti": -2.228539838095862,
        "vindur": -0.5672518025096865,
        "sky": -50.74281108405642,
        "urkoma_scale": 0.30645313656723305
      },
      "24": {
        "hiti": -2.228539838095862,
        "vindur": -0.5672518025096865,
        "sky": -50.74281108405642,
        "urkoma_scale": 0.30645313656723305
      },
      "48": {
        "hiti": -2.228539838095862,
        "vindur": -0.5672518025096865,
        "sky": -50.74281108405642,
        "urkoma_scale": 0.30645313656723305
      }
    },
    "ukmo": {
      "1": {
        "hiti": -0.7622806153846154,
        "vindur": 0.23455043076923074,
        "sky": -8.254398461538461,
        "urkoma_scale": 1.0
      },
      "3": {
        "hiti": -0.3811606153846153,
        "vindur": 0.11647043076923072,
        "sky": -11.239998461538462,
        "urkoma_scale": 1.0
      },
      "6": {
        "hiti": -0.5640461538461539,
        "vindur": 0.13780730769230765,
        "sky": -5.163634615384616,
        "urkoma_scale": 1.0
      },
      "12": {
        "hiti": -0.49096153846153845,
        "vindur": 0.1702355769230769,
        "sky": -10.913221153846154,
        "urkoma_scale": 1.0
      },
      "24": {
        "hiti": -0.49096153846153845,
        "vindur": 0.1702355769230769,
        "sky": -10.913221153846154,
        "urkoma_scale": 1.0
      },
      "48": {
        "hiti": -0.49096153846153845,
        "vindur": 0.1702355769230769,
        "sky": -10.913221153846154,
        "urkoma_scale": 1.0
      }
    },
    "mfr": {
      "1": {
        "hiti": -0.6650487692307694,
        "vindur": -0.35639976,
        "sky": -4.275739384615385,
        "urkoma_scale": 1.0
      },
      "3": {
        "hiti": -0.2815287692307692,
        "vindur": -0.04204776,
        "sky": -8.394139384615384,
        "urkoma_scale": 1.0
      },
      "6": {
        "hiti": -0.43228269230769234,
        "vindur": -0.011727000000000008,
        "sky": -6.489703846153846,
        "urkoma_scale": 1.0
      },
      "12": {
        "hiti": -0.2321394230769231,
        "vindur": 0.018037499999999984,
        "sky": -8.87466346153846,
        "urkoma_scale": 1.0
      },
      "24": {
        "hiti": -0.2321394230769231,
        "vindur": 0.018037499999999984,
        "sky": -8.87466346153846,
        "urkoma_scale": 1.0
      },
      "48": {
        "hiti": -0.2321394230769231,
        "vindur": 0.018037499999999984,
        "sky": -8.87466346153846,
        "urkoma_scale": 1.0
      }
    },
    "gfs": {
      "1": {
        "hiti": -2.071255494882983,
        "vindur": -1.2208795852912557,
        "sky": -41.53402256780253,
        "urkoma_scale": 0.48814247248733555
      },
      "3": {
        "hiti": -1.7803754948829829,
        "vindur": -1.0641115852912557,
        "sky": -34.56442256780254,
        "urkoma_scale": 0.48814247248733555
      },
      "6": {
        "hiti": -2.2495176078215717,
        "vindur": -1.142726801467336,
        "sky": -44.98866200886651,
        "urkoma_scale": 0.48814247248733555
      },
      "12": {
        "hiti": -2.283542736160877,
        "vindur": -1.298553183485609,
        "sky": -51.123479555530125,
        "urkoma_scale": 0.48814247248733555
      },
      "24": {
        "hiti": -2.283542736160877,
        "vindur": -1.298553183485609,
        "sky": -51.123479555530125,
        "urkoma_scale": 0.48814247248733555
      },
      "48": {
        "hiti": -2.283542736160877,
        "vindur": -1.298553183485609,
        "sky": -51.123479555530125,
        "urkoma_scale": 0.48814247248733555
      }
    },
    "metno": {
      "1": {
        "hiti": -0.4886400000000001,
        "vindur": -0.19487999999999997,
        "sky": 6.803039999999999,
        "urkoma_scale": 1.0
      },
      "3": {
        "hiti": -0.16655999999999993,
        "vindur": 0.11712,
        "sky": -2.34,
        "urkoma_scale": 1.0
      },
      "6": {
        "hiti": -0.18,
        "vindur": -0.04799999999999999,
        "sky": 3.9359999999999995,
        "urkoma_scale": 1.0
      },
      "12": {
        "hiti": 0.0,
        "vindur": 0.0,
        "sky": 0.0,
        "urkoma_scale": 1.0
      },
      "24": {
        "hiti": 0.0,